google	Google	谷歌 Pixel 10 Pro XL	Pixel 10 Pro XL	mustang	mustang	16	BD3A.251005.003.W3	14147046	google/mustang/mustang:16/BD3A.251005.003.W3/14147046:user/release-keys	2025-10-05	Tensor G5	zumapro
google	Google	谷歌 Pixel 10 Pro	Pixel 10 Pro	blazer	blazer	17	CP3A.260905.009	16091614	google/blazer/blazer:17/CP3A.260905.009/16091614:user/release-keys	2026-09-05	Tensor G5	zumapro
google	Google	谷歌 Pixel 10	GLBW2	frankel	frankel	16					Tensor G5	zumapro
google	Google	谷歌 Pixel 10 Pro Fold	GGH3X	rango	rango	16					Tensor G5	zumapro
google	Google	谷歌 Pixel 9 Pro Fold	Pixel 9 Pro Fold	comet	comet	15	AP3A.241005.015	12366759	google/comet/comet:15/AP3A.241005.015/12366759:user/release-keys	2024-10-05	Tensor G4	zumapro
samsung	samsung	三星 Galaxy S25 Ultra	SM-S938B	pa3q	pa3qxxx	15	AP3A.240905.015.A2	S938BXXU9CZDP	samsung/pa3qxxx/pa3q:15/AP3A.240905.015.A2/S938BXXU9CZDP:user/release-keys	2026-04-05	骁龙 8 Elite	sun
samsung	samsung	三星 Galaxy S25+	SM-S936B	pa2q	pa2qxxx	15	AP3A.240905.015.A2	S936BXXU9CZDP	samsung/pa2qxxx/pa2q:15/AP3A.240905.015.A2/S936BXXU9CZDP:user/release-keys	2026-04-05	Exynos 2500	s5e9955
samsung	samsung	三星 Galaxy S25	SM-S931B	pa1q	pa1qxxx	15	AP3A.240905.015.A2	S931BXXU9CZDP	samsung/pa1qxxx/pa1q:15/AP3A.240905.015.A2/S931BXXU9CZDP:user/release-keys	2026-04-05	Exynos 2500	s5e9955
samsung	samsung	三星 Galaxy S25 Edge	SM-S937B	psq	psqxxx	15	AP3A.240905.015.A2	S937BXXU7CZDP	samsung/psqxxx/psq:15/AP3A.240905.015.A2/S937BXXU7CZDP:user/release-keys	2026-04-05	骁龙 8 Elite	sun
samsung	samsung	三星 Galaxy Z Fold7	SM-F966B	q7q	q7q	15					骁龙 8 Elite	sun
samsung	samsung	三星 Galaxy Z Flip7	SM-F766B	b7s	b7sxxx	15	AP3A.240905.015.A2	F766BXXU9BZDP	samsung/b7sxxx/b7s:15/AP3A.240905.015.A2/F766BXXU9BZDP:user/release-keys	2026-04-05	Exynos 2500	s5e9955
samsung	samsung	三星 Galaxy A56	SM-A566B	a56x	a56x	15					Exynos 1580	s5e8855
samsung	samsung	三星 Galaxy A36	SM-A366B	a36xq	a36xqnaxx	15	AP3A.240905.015.A2	A366BXXU1AYB9	samsung/a36xqnaxx/a36xq:15/AP3A.240905.015.A2/A366BXXU1AYB9:user/release-keys	2025-02-01	骁龙 6 Gen 3	parrot
samsung	samsung	三星 Galaxy A26	SM-A266B	a26x	a26xxx	13	TP1A.220624.014	A266BXXU1AYB5	samsung/a26xxx/a26x:13/TP1A.220624.014/A266BXXU1AYB5:user/release-keys	2025-02-01	Exynos 1380	s5e8835
samsung	samsung	三星 Galaxy A16	SM-A165F	a16	a16	14					Helio G99	mt6789
samsung	samsung	三星 Galaxy S24 FE	SM-S721B	r12s	r12sxxx	14	UP1A.231005.007	S721BXXS3AXK6	samsung/r12sxxx/r12s:14/UP1A.231005.007/S721BXXS3AXK6:user/release-keys	2024-12-01	Exynos 2400e	s5e9945
samsung	samsung	三星 Galaxy Tab S10+	SM-X820	gts10pwifi	gts10pwifi	14					天玑 9300+	mt6989
Xiaomi	Xiaomi	小米 14T Pro	2407FPN8EG	rothko	rothko_eea	14	UP1A.231005.007	OS2.0.16.0.VNNEUXM	Xiaomi/rothko_eea/rothko:14/UP1A.231005.007/OS2.0.16.0.VNNEUXM:user/release-keys	2025-01-01	天玑 9300+	mt6989
Xiaomi	Xiaomi	小米 14T	2406APNFAG	degas	degas_eea	14	UP1A.231005.007	V816.0.11.0.UNEEUXM	Xiaomi/degas_eea/degas:14/UP1A.231005.007/V816.0.11.0.UNEEUXM:user/release-keys	2024-10-01	天玑 8300 Ultra	mt6897
xiaomi	Xiaomi	小米 MIX Flip	2405CPX4DC	ruyi	ruyi	14					骁龙 8 Gen 3	pineapple
Redmi	Xiaomi	REDMI K80	24117RK2CC	zorn	zorn	14	UKQ1.240624.001	OS2.0.101.0.VOKCNXM	Redmi/zorn/zorn:14/UKQ1.240624.001/OS2.0.101.0.VOKCNXM:user/release-keys	2024-12-01	骁龙 8 Elite	sun
Redmi	Xiaomi	Redmi Note 14 5G	24094RAD4C	beryl	beryl	12	SP1A.210812.016	OS2.0.2.0.VOQCNXM	Redmi/beryl/beryl:12/SP1A.210812.016/OS2.0.2.0.VOQCNXM:user/release-keys	2024-12-01	骁龙 7s Gen 3	crow
Redmi	Xiaomi	红米 Note 14 Pro	24090RA29C	obsidian	obsidian	12	SP1A.210812.016	V816.0.3.0.UOFMIXM	Redmi/obsidian/obsidian:12/SP1A.210812.016/V816.0.3.0.UOFMIXM:user/release-keys	2024-12-01	天玑 7300 Ultra	mt6878
Redmi	Xiaomi	红米 14C	2409BRN2CY	lake	vnd_lake	15	AP3A.240905.015.A2	OS2.0.1.0.VGTMIXM	Redmi/vnd_lake/lake:15/AP3A.240905.015.A2/OS2.0.1.0.VGTMIXM:user/release-keys	2025-04-01	Helio G81 Ultra	mt6769
POCO	Xiaomi	POCO F7 Pro	25053PC47G	onyx	onyx_global	15	AQ3A.250226.002	OS3.0.7.0.WOLMIXM	POCO/onyx_global/onyx:15/AQ3A.250226.002/OS3.0.7.0.WOLMIXM:user/release-keys	2026-04-01	骁龙 8 Gen 3	pineapple
POCO	Xiaomi	POCO F6 Pro	23113RKC6G	vermeer	vermeer_global	13	TKQ1.221114.001	OS2.0.100.0.VNKMIXM	POCO/vermeer_global/vermeer:13/TKQ1.221114.001/OS2.0.100.0.VNKMIXM:user/release-keys	2025-02-01	骁龙 8 Gen 2	kalama
poco	Xiaomi	POCO X7 Pro	24069PC21H	duchamp	duchamp	15					天玑 8400 Ultra	mt6899
poco	Xiaomi	POCO M6 Pro	2409FPCC4G	sky	sky	14					骁龙 4 Gen 2	parrot
OnePlus	OnePlus	一加 13	CPH2649	OP5D55L1	CPH2649IN	16	BP22.250221.008	V.R4T3.12fd498_a63dea_a63de6	OnePlus/CPH2649IN/OP5D55L1:16/BP22.250221.008/V.R4T3.12fd498_a63dea_a63de6:user/release-keys	2025-04-05	骁龙 8 Elite	sun
oneplus	OnePlus	一加 13R	CPH2645	aston	aston	15					骁龙 8 Gen 3	pineapple
OnePlus	OnePlus	一加 Ace 5 Pro	PKR110	OP60EBL1	PKR110	15	AP3A.240617.008	V.1c8e361_4f9fd_4b33	OnePlus/PKR110/OP60EBL1:15/AP3A.240617.008/V.1c8e361_4f9fd_4b33:user/release-keys	2025-01-01	骁龙 8 Elite	sun
OnePlus	OnePlus	一加 Ace 5	PKG110	OP5D2BL1	PKG110	15	UKQ1.231108.001	V.1b916ef-1-5175	OnePlus/PKG110/OP5D2BL1:15/UKQ1.231108.001/V.1b916ef-1-5175:user/release-keys	2024-12-05	骁龙 8 Gen 3	pineapple
OnePlus	OnePlus	一加 Open	CPH2551	OP5973L1	CPH2551IN	15	AP3A.240617.008	T.R4T3.1b04ed4-3f6-47d2	OnePlus/CPH2551IN/OP5973L1:15/AP3A.240617.008/T.R4T3.1b04ed4-3f6-47d2:user/release-keys	2024-11-05	骁龙 8 Gen 2	kalama
OPPO	OPPO	Find X7 Ultra 卫星通信版	PHY120	OP5660L1	PHY120	14	UP1A.231005.007	U.1979ae9-3760-2415c	OPPO/PHY120/OP5660L1:14/UP1A.231005.007/U.1979ae9-3760-2415c:user/release-keys	2024-08-05	天玑 9400	mt6991
OnePlus	OPPO	OnePlus 13	PJZ110	OP5D0DL1	PJZ110	15	AP3A.240617.008	V.1d90ff9-1-1862f	OnePlus/PJZ110/OP5D0DL1:15/AP3A.240617.008/V.1d90ff9-1-1862f:user/release-keys	2025-05-01	天玑 9400	mt6991
oppo	OPPO	OPPO Find X8 Ultra	PKJ110	PKJ110	PKJ110	15	AP3A.240617.008	1758264862075	oppo/PKJ110/PKJ110:15/AP3A.240617.008/1758264862075:user/release-keys	2024-06-17	骁龙 8 Elite	sun
oppo	OPPO	OPPO Find N5	PHY130	findn5	findn5	15					骁龙 8 Elite	sun
oppo	OPPO	OPPO Reno 13 Pro	CPH2697	reno13pro	reno13pro	15					天玑 8350	mt6897
oppo	OPPO	OPPO Reno 12	CPH2625	reno12	reno12	14					天玑 8250	mt6896
realme	realme	真我 GT7 Pro	RMX5010	RE6018L1	RMX5010	15	AP3A.240617.008	V.1b7a261_1-2a464	realme/RMX5010/RE6018L1:15/AP3A.240617.008/V.1b7a261_1-2a464:user/release-keys	2024-11-05	骁龙 8 Elite	sun
realme	realme	真我 GT6	RMX3851	RE5CA6L1	RMX3851IN	15	UKQ1.231108.001	U.R4T2.1bb0168-4809-1	realme/RMX3851IN/RE5CA6L1:15/UKQ1.231108.001/U.R4T2.1bb0168-4809-1:user/release-keys	2024-12-05	骁龙 8 Gen 3	pineapple
realme	realme	真我 13 Pro+	RMX3921	r13proplus	r13proplus	14					骁龙 7s Gen 2	crow
vivo	vivo	vivo X200 Pro	V2413	x200pro	x200pro	15					天玑 9400	mt6991
vivo	vivo	vivo X200	V2405	x200	x200	15					天玑 9400	mt6991
vivo	vivo	vivo S20 Pro	V2430	s20pro	s20pro	15					天玑 9300+	mt6989
vivo	vivo	vivo Y300 Pro	V2410	y300pro	y300pro	14					骁龙 6 Gen 1	parrot
iqoo	vivo	iQOO 13	V2408	iqoo13	iqoo13	15					骁龙 8 Elite	sun
iqoo	vivo	iQOO Neo10 Pro	V2426	neo10pro	neo10pro	15					天玑 9400	mt6991
iqoo	vivo	iQOO Z9 Turbo	V2352A	z9turbo	z9turbo	14					骁龙 8s Gen 3	pineapple
honor	HONOR	荣耀 Magic7 Pro	BVL-N59	magic7pro	magic7pro	15					骁龙 8 Elite	sun
honor	HONOR	荣耀 Magic7	BVL-N49X	magic7	magic7	15					骁龙 8 Elite	sun
honor	HONOR	荣耀 Magic V3	FCP-N49	magicv3	magicv3	14					骁龙 8 Gen 3	pineapple
honor	HONOR	荣耀 200 Pro	ELP-NX9	h200pro	h200pro	14					骁龙 8s Gen 3	pineapple
honor	HONOR	荣耀 X60 Pro	BRC-NX9	x60pro	x60pro	14					骁龙 6 Gen 1	parrot
huawei	HUAWEI	华为 Mate 70 Pro	PLR-AL00	mate70pro	mate70pro	15					麒麟 9020	kirin9020
huawei	HUAWEI	华为 Mate 70	CLS-AL00	mate70	mate70	15					麒麟 9010	kirin9010
huawei	HUAWEI	华为 Mate X6	ICL-AL00	matex6	matex6	15					麒麟 9020	kirin9020
huawei	HUAWEI	华为 Pura 70 Ultra	HBP-AL00	pura70ultra	pura70ultra	14					麒麟 9010	kirin9010
huawei	HUAWEI	华为 nova 13	ADA-AL10	nova13	nova13	14					麒麟 8000	kirin8000
Nothing	Nothing	Nothing Phone (3a) Pro	A059	Asteroids	Asteroids	14	UKQ1.250612.001	2511181551	Nothing/Asteroids/Asteroids:14/UKQ1.250612.001/2511181551:user/release-keys	2025-11-01	骁龙 7s Gen 3	crow
Nothing	Nothing	Nothing Phone (3)	A024	Metroid	Metroid	15	AQ3A.250728.001	2511171909	Nothing/Metroid/Metroid:15/AQ3A.250728.001/2511171909:user/release-keys	2025-11-01	骁龙 8s Gen 3	pineapple
asus	asus	华硕 ROG Phone 9 Pro	AI2501	ASUSAI2501	WWAI2501	15	AQ3A.240829.003	35.1810.1810.346-0	asus/WWAI2501/ASUSAI2501:15/AQ3A.240829.003/35.1810.1810.346-0:user/release-keys		骁龙 8 Elite	sun
asus	asus	华硕 Zenfone 12 Ultra	ASUS_AI2401	zenfone12ultra	zenfone12ultra	15					骁龙 8 Elite	sun
sony	Sony	索尼 Xperia 1 VII	XQ-EC72	pdx245	pdx245	15					骁龙 8 Elite	sun
motorola	motorola	摩托罗拉 Edge 50 Ultra	XT2401	edge50ultra	edge50ultra	14					骁龙 8s Gen 3	pineapple
motorola	motorola	摩托罗拉 Razr 50 Ultra	XT2451	razr50ultra	razr50ultra	14					骁龙 8s Gen 3	pineapple
nubia	nubia	红魔 10 Pro	NX789J	NX789J	NX789J-UN	15	AQ3A.240812.002	20241212.194149	nubia/NX789J-UN/NX789J:15/AQ3A.240812.002/20241212.194149:user/release-keys	2024-11-01	骁龙 8 Elite	sun
meizu	Meizu	魅族 21 Note	M468Q	Meizu21Note	Meizu_21Note_CN	14	UKQ1.230917.001	1711913844	meizu/Meizu_21Note_CN/Meizu21Note:14/UKQ1.230917.001/1711913844:user/release-keys	2024-04-05	骁龙 8 Gen 2	kalama
zte	ZTE	中兴 Axon 60 Ultra	A2024	axon60ultra	axon60ultra	14					骁龙 8 Gen 2	kalama
google	Google	谷歌 Pixel 9 Pro XL	Pixel 9 Pro XL	komodo	komodo	16	BP3A.251105.015	14339231	google/komodo/komodo:16/BP3A.251105.015/14339231:user/release-keys	2025-11-05	Tensor G4	zumapro
google	Google	谷歌 Pixel 9 Pro	Pixel 9 Pro	caiman	caiman	16	BP4A.251205.006	14401865	google/caiman/caiman:16/BP4A.251205.006/14401865:user/release-keys	2025-12-05	Tensor G4	zumapro
google	Google	谷歌 Pixel 9	Pixel 9	tokay	tokay_beta	16	BP41.250916.009.A1	14246511	google/tokay_beta/tokay:16/BP41.250916.009.A1/14246511:user/release-keys	2025-10-05	Tensor G4	zumapro
google	Google	谷歌 Pixel 8 Pro	Pixel 8 Pro	husky	husky_beta	16	BP41.250916.009.A1	14246511	google/husky_beta/husky:16/BP41.250916.009.A1/14246511:user/release-keys	2025-10-05	Tensor G3	zuma
google	Google	谷歌 Pixel 8	Pixel 8	shiba	shiba	15	BP1A.250405.005.B1	13151136	google/shiba/shiba:15/BP1A.250405.005.B1/13151136:user/release-keys	2025-04-05	Tensor G3	zuma
google	Google	谷歌 Pixel 8a	Pixel 8a	akita	akita	14	AP2A.240605.024	11860263	google/akita/akita:14/AP2A.240605.024/11860263:user/release-keys	2024-06-05	Tensor G3	zuma
google	Google	谷歌 Pixel 7 Pro	Pixel 7 Pro	cheetah	cheetah_beta	17	CP31.260618.005	15731206	google/cheetah_beta/cheetah:17/CP31.260618.005/15731206:user/release-keys	2026-06-05	Tensor G2	gs201
google	Google	谷歌 Pixel 7	Pixel 7	panther	panther	15	BP1A.250405.005.B1	13151136	google/panther/panther:15/BP1A.250405.005.B1/13151136:user/release-keys	2025-04-05	Tensor G2	gs201
google	Google	谷歌 Pixel 7a	Pixel 7a	lynx	lynx	15	BP1A.250405.005.B1	13151136	google/lynx/lynx:15/BP1A.250405.005.B1/13151136:user/release-keys	2025-04-05	Tensor G2	gs201
google	Google	谷歌 Pixel 6 Pro	Pixel 6 Pro	raven	raven	15	AP4A.241205.013	12621605	google/raven/raven:15/AP4A.241205.013/12621605:user/release-keys	2024-12-05	Tensor	gs101
google	Google	谷歌 Pixel 6	Pixel 6	oriole	oriole	15	BP1A.250405.005	13150826	google/oriole/oriole:15/BP1A.250405.005/13150826:user/release-keys	2025-04-05	Tensor	gs101
google	Google	谷歌 Pixel 6a	Pixel 6a	bluejay	bluejay	15	BP1A.250405.005	13150826	google/bluejay/bluejay:15/BP1A.250405.005/13150826:user/release-keys	2025-04-05	Tensor	gs101
google	Google	谷歌 Pixel 5	Pixel 5	redfin	redfin	14	UP1A.231105.001	10817346	google/redfin/redfin:14/UP1A.231105.001/10817346:user/release-keys	2023-11-05	骁龙 765G	sm7250
samsung	samsung	三星 Galaxy S24 Ultra	SM-S928B	e3q	e3qxxx	14	UP1A.231005.007	S928BXXS4BYEC	samsung/e3qxxx/e3q:14/UP1A.231005.007/S928BXXS4BYEC:user/release-keys	2025-06-01	骁龙 8 Gen 3	pineapple
samsung	samsung	三星 Galaxy S24+	SM-S926B	e2s	e2sxxx	14	UP1A.231005.007	S926BXXU1AWM9	samsung/e2sxxx/e2s:14/UP1A.231005.007/S926BXXU1AWM9:user/release-keys	2024-01-01	Exynos 2400	s5e9945
samsung	samsung	三星 Galaxy S24	SM-S921B	e1s	e1sxxx	14	UP1A.231005.007	S921BXXU5BYD9	samsung/e1sxxx/e1s:14/UP1A.231005.007/S921BXXU5BYD9:user/release-keys	2025-04-01	Exynos 2400	s5e9945
samsung	samsung	三星 Galaxy S23 Ultra	SM-S918B	dm3q	dm3qxxx	13	TP1A.220624.014	S918BXXU8DYD9	samsung/dm3qxxx/dm3q:13/TP1A.220624.014/S918BXXU8DYD9:user/release-keys	2025-04-01	骁龙 8 Gen 2	kalama
samsung	samsung	三星 Galaxy S23+	SM-S916B	dm2q	dm2qxxx	13	TP1A.220624.014	S916BXXS6CXHA	samsung/dm2qxxx/dm2q:13/TP1A.220624.014/S916BXXS6CXHA:user/release-keys	2024-09-01	骁龙 8 Gen 2	kalama
samsung	samsung	三星 Galaxy S23	SM-S911B	dm1q	dm1qxxx	13	TP1A.220624.014	S911BXXS3BWKC	samsung/dm1qxxx/dm1q:13/TP1A.220624.014/S911BXXS3BWKC:user/release-keys	2023-12-01	骁龙 8 Gen 2	kalama
samsung	samsung	三星 Galaxy S22 Ultra	SM-S908B	b0q	b0s	12					骁龙 8 Gen 1	waipio
samsung	samsung	三星 Galaxy S22+	SM-S906B	g0q	g0s	12					骁龙 8 Gen 1	waipio
samsung	samsung	三星 Galaxy S22	SM-S901B	r0q	r0s	12					Exynos 2200	s5e9925
samsung	samsung	三星 Galaxy S21 Ultra	SM-G998B	p3s	p3sxxx	11	RP1A.200720.012	G998BXXSBGXED	samsung/p3sxxx/p3s:11/RP1A.200720.012/G998BXXSBGXED:user/release-keys	2024-06-01	Exynos 2100	exynos2100
samsung	samsung	三星 Galaxy S21	SM-G991B	o1s	o1sxxx	11	RP1A.200720.012	G991BXXSBGXED	samsung/o1sxxx/o1s:11/RP1A.200720.012/G991BXXSBGXED:user/release-keys	2024-06-01	Exynos 2100	exynos2100
samsung	samsung	三星 Galaxy S20 Ultra	SM-G988B	z3s	z3sxxx	10	QP1A.190711.020	G988BXXU1ATB4	samsung/z3sxxx/z3s:10/QP1A.190711.020/G988BXXU1ATB4:user/release-keys	2020-02-01	Exynos 990	exynos990
samsung	samsung	三星 Galaxy S20	SM-G981B	x1q	x1s	10					Exynos 990	exynos990
samsung	samsung	三星 Galaxy Note20 Ultra	SM-N986B	c2s	c2sxxx	11	RP1A.200720.012	N986BXXU7HWF4	samsung/c2sxxx/c2s:11/RP1A.200720.012/N986BXXU7HWF4:user/release-keys	2023-06-01	骁龙 865+	kona
samsung	samsung	三星 Galaxy Z Fold6	SM-F956B	q6q	q6qxxx	14	UP1A.231005.007	F956BXXU1AXFD	samsung/q6qxxx/q6q:14/UP1A.231005.007/F956BXXU1AXFD:user/release-keys	2024-06-01	骁龙 8 Gen 3	pineapple
samsung	samsung	三星 Galaxy Z Fold5	SM-F946B	q5q	q5qxxx	13	TP1A.220624.014	F946BXXS3DXI9	samsung/q5qxxx/q5q:13/TP1A.220624.014/F946BXXS3DXI9:user/release-keys	2024-10-01	骁龙 8 Gen 2	kalama
samsung	samsung	三星 Galaxy Z Flip6	SM-F741B	b6q	b6qxxx	14	UP1A.231005.007	F741BXXS2AYB2	samsung/b6qxxx/b6q:14/UP1A.231005.007/F741BXXS2AYB2:user/release-keys	2025-03-01	骁龙 8 Gen 3	pineapple
samsung	samsung	三星 Galaxy Z Flip5	SM-F731B	b5q	b5qxxx	13	TP1A.220624.014	F731BXXS3DXI9	samsung/b5qxxx/b5q:13/TP1A.220624.014/F731BXXS3DXI9:user/release-keys	2024-10-01	骁龙 8 Gen 2	kalama
samsung	samsung	三星 Galaxy A55	SM-A556B	a55x	a55xnaxx	14	UP1A.231005.007	A556BXXU4AXH1	samsung/a55xnaxx/a55x:14/UP1A.231005.007/A556BXXU4AXH1:user/release-keys	2024-08-01	Exynos 1480	s5e8845
samsung	samsung	三星 Galaxy A54	SM-A546B	a54x	a54xnaxx	13	TP1A.220624.014	A546BXXS8CXF1	samsung/a54xnaxx/a54x:13/TP1A.220624.014/A546BXXS8CXF1:user/release-keys	2024-06-01	Exynos 1380	s5e8835
samsung	samsung	三星 Galaxy A34	SM-A346B	a34x	a34xdxx	15	AP3A.240905.015.A2	A346EXXU9DYF4	samsung/a34xdxx/a34x:15/AP3A.240905.015.A2/A346EXXU9DYF4:user/release-keys	2025-05-01	天玑 1080	mt6877
samsung	samsung	三星 Galaxy A25	SM-A256B	essi	a25xdxx	14	UP1A.231005.007	A256EXXS1AXA4	samsung/a25xdxx/essi:14/UP1A.231005.007/A256EXXS1AXA4:user/release-keys		Exynos 1280	s5e8825
samsung	samsung	三星 Galaxy A15	SM-A155F	a15	a15nsxx	14	UP1A.231005.007	A155FXXS1AXA4	samsung/a15nsxx/a15:14/UP1A.231005.007/A155FXXS1AXA4:user/release-keys	2024-02-01	Helio G99	mt6789
samsung	samsung	三星 Galaxy A14	SM-A145F	a14	a14nsxx	13	TP1A.220624.014	A145FXXU1AWB5	samsung/a14nsxx/a14:13/TP1A.220624.014/A145FXXU1AWB5:user/release-keys	2023-02-01	Helio G80	mt6769
samsung	samsung	三星 Galaxy M54	SM-M546B	m54x	m54xxx	13	TP1A.220624.014	M546BXXS4BXD1	samsung/m54xxx/m54x:13/TP1A.220624.014/M546BXXS4BXD1:user/release-keys	2024-04-01	Exynos 1380	s5e8835
samsung	samsung	三星 Galaxy F54	SM-F546B	f54x		13					Exynos 1380	s5e8835
samsung	samsung	三星 Galaxy Tab S9	SM-X710	gts9wifi	gts9wifixx	13	TP1A.220624.014	X710XXU5BYA1	samsung/gts9wifixx/gts9wifi:13/TP1A.220624.014/X710XXU5BYA1:user/release-keys	2024-12-01	骁龙 8 Gen 2	kalama
Xiaomi	Xiaomi	小米 14 Pro	23116PN5BC	shennong	shennong	14	UKQ1.240523.001	OS2.0.2.2.VNBCNXM	Xiaomi/shennong/shennong:14/UKQ1.240523.001/OS2.0.2.2.VNBCNXM:user/release-keys	2024-10-01	骁龙 8 Gen 3	pineapple
Xiaomi	Xiaomi	小米 14	23127PN0CC	houji	houji	14	UKQ1.240523.001	OS2.0.105.3.VNCCNXM	Xiaomi/houji/houji:14/UKQ1.240523.001/OS2.0.105.3.VNCCNXM:user/release-keys	2025-02-01	骁龙 8 Gen 3	pineapple
Xiaomi	Xiaomi	小米 13 Ultra	2304FPN6DC	ishtar	ishtar	13	TKQ1.221114.001	OS3.0.4.0.WMACNXM	Xiaomi/ishtar/ishtar:13/TKQ1.221114.001/OS3.0.4.0.WMACNXM:user/release-keys	2026-01-01	骁龙 8 Gen 2	kalama
Xiaomi	Xiaomi	小米 13 Pro	2210132C	nuwa	nuwa	13	TKQ1.221114.001	OS2.0.0.21.VMBCNXM	Xiaomi/nuwa/nuwa:13/TKQ1.221114.001/OS2.0.0.21.VMBCNXM:user/release-keys	2024-12-01	骁龙 8 Gen 2	kalama
Xiaomi	Xiaomi	小米 13	2211133C	fuxi	fuxi	13	TKQ1.221114.001	V816.0.24.1.1.DEV	Xiaomi/fuxi/fuxi:13/TKQ1.221114.001/V816.0.24.1.1.DEV:user/release-keys	2024-01-01	骁龙 8 Gen 2	kalama
Xiaomi	Xiaomi	小米 13 Lite	2210129SG	ziyi	ziyi	12	SKQ1.230401.001	V816.0.5.0.ULLEUXM	Xiaomi/ziyi/ziyi:12/SKQ1.230401.001/V816.0.5.0.ULLEUXM:user/release-keys	2024-05-01	骁龙 7 Gen 1	cape
Xiaomi	Xiaomi	小米 12S Ultra	2203121C	thor	thor	12	SKQ1.230401.001	OS2.0.12.0.VLACNXM	Xiaomi/thor/thor:12/SKQ1.230401.001/OS2.0.12.0.VLACNXM:user/release-keys	2025-04-01	骁龙 8+ Gen 1	cape
Xiaomi	Xiaomi	小米 12 Pro	2201122C	zeus	zeus	12	SKQ1.230401.001	V816.0.2.0.ULBCNXM	Xiaomi/zeus/zeus:12/SKQ1.230401.001/V816.0.2.0.ULBCNXM:user/release-keys	2023-12-01	骁龙 8 Gen 1	waipio
Xiaomi	Xiaomi	小米 12	2201123C	cupid	cupid	12	SKQ1.230401.001	OS2.0.2.0.VLCCNXM	Xiaomi/cupid/cupid:12/SKQ1.230401.001/OS2.0.2.0.VLCCNXM:user/release-keys	2025-01-01	骁龙 8 Gen 1	waipio
Xiaomi	Xiaomi	小米 11	M2011K2C	venus	venus	13	RKQ1.211001.001	V816.0.1.0.UKBCNXM	Xiaomi/venus/venus:13/RKQ1.211001.001/V816.0.1.0.UKBCNXM:user/release-keys	2024-03-01	骁龙 888	lahaina
Xiaomi	Xiaomi	小米 MIX Fold 3	2308CPXD0C	babylon	babylon	13	TKQ1.221114.001	V816.0.5.0.UMVCNXM	Xiaomi/babylon/babylon:13/TKQ1.221114.001/V816.0.5.0.UMVCNXM:user/release-keys	2024-04-01	骁龙 8 Gen 2	kalama
Xiaomi	Xiaomi	小米 Civi 3	23046PNC9C	yuechu	yuechu	12	SP1A.210812.016	V816.0.4.0.UMICNXM	Xiaomi/yuechu/yuechu:12/SP1A.210812.016/V816.0.4.0.UMICNXM:user/release-keys	2023-11-01	天玑 8200 Ultra	mt6896
Redmi	Xiaomi	红米 K70 Pro	23117RK66C	manet	manet	14	UKQ1.240624.001	OS2.0.7.0.VNMCNXM	Redmi/manet/manet:14/UKQ1.240624.001/OS2.0.7.0.VNMCNXM:user/release-keys	2024-12-01	骁龙 8 Gen 3	pineapple
Redmi	Xiaomi	红米 K70	23113RKC6C	vermeer	vermeer	13	TKQ1.221114.001	OS2.0.0.14.VNKCNXM	Redmi/vermeer/vermeer:13/TKQ1.221114.001/OS2.0.0.14.VNKCNXM:user/release-keys	2024-11-01	骁龙 8 Gen 2	kalama
Redmi	Xiaomi	红米 K60	23013RK75C	mondrian	mondrian	12	SKQ1.230401.001	OS2.0.3.0.VMNCNXM	Redmi/mondrian/mondrian:12/SKQ1.230401.001/OS2.0.3.0.VMNCNXM:user/release-keys	2024-12-01	骁龙 8+ Gen 1	cape
Redmi	Xiaomi	红米 K50	22041211AC	rubens	rubens	12	SP1A.210812.016	V816.0.24.7.1.DEV	Redmi/rubens/rubens:12/SP1A.210812.016/V816.0.24.7.1.DEV:user/release-keys	2024-07-01	天玑 8100	mt6895
Redmi	Xiaomi	红米 Note 13 Pro+	23090RA98C	zircon	zircon	13	TP1A.220624.014	V816.0.1.0.UNOCNXM	Redmi/zircon/zircon:13/TP1A.220624.014/V816.0.1.0.UNOCNXM:user/release-keys	2024-01-01	天玑 7200 Ultra	mt6789
Redmi	Xiaomi	红米 Note 12	22101316C	ruby	ruby_global	14	UP1A.230620.001	V816.0.3.0.UMOMIXM	Redmi/ruby_global/ruby:14/UP1A.230620.001/V816.0.3.0.UMOMIXM:user/release-keys	2024-04-01	骁龙 685	sm6225
Redmi	Xiaomi	红米 Note 11	21091116C	pissarro	pissarro	11	RP1A.200720.011	V12.5.5.0.RKTMIXM	Redmi/pissarro/pissarro:11/RP1A.200720.011/V12.5.5.0.RKTMIXM:user/release-keys	2022-02-01	骁龙 680	sm6225
Redmi	Xiaomi	红米 13C	23100RN82L	gale	gale_global	13	TP1A.220624.014	V14.0.9.0.TGPMIXM	Redmi/gale_global/gale:13/TP1A.220624.014/V14.0.9.0.TGPMIXM:user/release-keys	2024-03-01	Helio G85	mt6769
POCO	Xiaomi	POCO F5 Pro	23013PC75G	mondrian	mondrian_global	12	SKQ1.230401.001	OS2.0.3.0.VMNMIXM	POCO/mondrian_global/mondrian:12/SKQ1.230401.001/OS2.0.3.0.VMNMIXM:user/release-keys	2024-12-01	骁龙 8+ Gen 1	cape
Xiaomi	Xiaomi	POCO F5	23049PCD8G	marble	marble	12	SKQ1.230401.001	V816.0.4.0.UMRIDXM	Xiaomi/marble/marble:12/SKQ1.230401.001/V816.0.4.0.UMRIDXM:user/release-keys	2024-04-01	骁龙 7+ Gen 2	crow
POCO	Xiaomi	POCO X6 Pro	24069PC21G	peridot	peridot_global	14	UKQ1.240624.001	OS3.0.6.0.WNPMIXM	POCO/peridot_global/peridot:14/UKQ1.240624.001/OS3.0.6.0.WNPMIXM:user/release-keys	2026-03-01	天玑 8300 Ultra	mt6897
POCO	Xiaomi	POCO X5 Pro	22101320G	redwood	redwood_global	13	RKQ1.211001.001	V14.0.7.0.TMSMIXM	POCO/redwood_global/redwood:13/RKQ1.211001.001/V14.0.7.0.TMSMIXM:user/release-keys		骁龙 778G	sm7325
OnePlus	OnePlus	一加 12	CPH2573	OP595DL1	CPH2573IN	16	BP2A.250605.015	U.R4T3.4ab7733-29b231b-29b231a	OnePlus/CPH2573IN/OP595DL1:16/BP2A.250605.015/U.R4T3.4ab7733-29b231b-29b231a:user/release-keys	2025-11-01	骁龙 8 Gen 3	pineapple
OnePlus	OnePlus	一加 12R	CPH2585	OP5D35L1	CPH2585IN	15	TP1A.220905.001	U.R4T3.1aac3f1_2845-ed0	OnePlus/CPH2585IN/OP5D35L1:15/TP1A.220905.001/U.R4T3.1aac3f1_2845-ed0:user/release-keys	2024-10-05	骁龙 8 Gen 2	kalama
OnePlus	OnePlus	一加 11	CPH2449	OP594DL1	CPH2449EEA	14	TP1A.220905.001	T.R4T3.17f4d91-3efd-65edb	OnePlus/CPH2449EEA/OP594DL1:14/TP1A.220905.001/T.R4T3.17f4d91-3efd-65edb:user/release-keys	2024-04-05	骁龙 8 Gen 2	kalama
OnePlus	OnePlus	一加 10 Pro	NE2210	OP516EL1	NE2210	13	SKQ1.221119.001	S.e137aa_20cff-126ff	OnePlus/NE2210/OP516EL1:13/SKQ1.221119.001/S.e137aa_20cff-126ff:user/release-keys	2023-02-05	骁龙 8 Gen 1	waipio
OnePlus	OnePlus	一加 9 Pro	LE2120	OnePlus9Pro	OnePlus9Pro_CH	13	TP1A.220905.001	R.fd16f1-6b25-6b24	OnePlus/OnePlus9Pro_CH/OnePlus9Pro:13/TP1A.220905.001/R.fd16f1-6b25-6b24:user/release-keys	2023-04-05	骁龙 888	lahaina
OnePlus	OnePlus	一加 Ace 2 Pro	PJA110	OP5943L1	PJA110	14	UP1A.231005.007	T.17ccbb9_1-3dd03	OnePlus/PJA110/OP5943L1:14/UP1A.231005.007/T.17ccbb9_1-3dd03:user/release-keys	2024-04-05	骁龙 8 Gen 2	kalama
OnePlus	OnePlus	一加 Nord 3	CPH2493	OP556FL1	CPH2493	14	UKQ1.230924.001	T.R4T3.14d8e84-1-13d	OnePlus/CPH2493/OP556FL1:14/UKQ1.230924.001/T.R4T3.14d8e84-1-13d:user/release-keys	2023-11-05	天玑 9000	mt6983
OPPO	OPPO	OPPO Find X7 Ultra	PHY110	OP565FL1	PHY110	15	UKQ1.231108.001	U.1cf2e94-45c4-45c6	OPPO/PHY110/OP565FL1:15/UKQ1.231108.001/U.1cf2e94-45c4-45c6:user/release-keys	2025-03-01	骁龙 8 Gen 3	pineapple
OPPO	OPPO	OPPO Find X6 Pro	PGEM10	OP528BL1	PGEM10	13	TP1A.220905.001	T.10b3891-27825-556fa	OPPO/PGEM10/OP528BL1:13/TP1A.220905.001/T.10b3891-27825-556fa:user/release-keys	2023-05-05	骁龙 8 Gen 2	kalama
OPPO	OPPO	OPPO Find N3	PHN110	OP55F3L1	PHN110	15	AP3A.240617.008	T.1b0488f_219-8779	OPPO/PHN110/OP55F3L1:15/AP3A.240617.008/T.1b0488f_219-8779:user/release-keys	2024-11-05	骁龙 8 Gen 2	kalama
oppo	OPPO	OPPO Reno 11	CPH2603	OP5A0BL1	OP5A0BL1	14					天玑 8200	mt6896
OPPO	OPPO	OPPO Reno 10	CPH2531	OP5705L1	CPH2531	13	SP1A.210812.016	T.R4T2.12ee1a5_1	OPPO/CPH2531/OP5705L1:13/SP1A.210812.016/T.R4T2.12ee1a5_1:user/release-keys	2023-08-05	天玑 7050	mt6855
oppo	OPPO	OPPO A78	CPH2565	OP5745L1	OP5745L1	13					天玑 700	mt6833
realme	realme	真我 GT5 Pro	RMX3888	RE5C37	RMX3888	14	UKQ1.230924.001	U.18104b2-45e-7d31	realme/RMX3888/RE5C37:14/UKQ1.230924.001/U.18104b2-45e-7d31:user/release-keys	2024-04-05	骁龙 8 Gen 3	pineapple
realme	realme	真我 GT Neo5	RMX3706	RE5860	RMX3708	13	SKQ1.220804.001	T.e00d88-1-587e4	realme/RMX3708/RE5860:13/SKQ1.220804.001/T.e00d88-1-587e4:user/release-keys	2023-01-05	骁龙 8+ Gen 1	cape
realme	realme	真我 11 Pro+	RMX3741	RE58B6L1	RMX3741	15	AP3A.240617.008	T.R4T2.1dd1610_1	realme/RMX3741/RE58B6L1:15/AP3A.240617.008/T.R4T2.1dd1610_1:user/release-keys	2025-05-01	天玑 7050	mt6855
vivo	vivo	vivo X100 Pro	V2309A	PD2309	PD2309	14					天玑 9300	mt6989
vivo	vivo	vivo Y77	V2219A	PD2219	PD2219	13					天玑 9200	mt6985
vivo	vivo	vivo S18	V2323A	PD2323	PD2323	14					骁龙 7 Gen 3	crow
vivo	vivo	vivo Y100	V2313A	PD2313	PD2313	14					天玑 7200	mt6789
vivo	vivo	iQOO 12	V2307A	PD2307	PD2307	14	UP1A.231005.007	compiler10100011	vivo/PD2307/PD2307:14/UP1A.231005.007/compiler10100011:user/release-keys	2024-09-01	骁龙 8 Gen 3	pineapple
vivo	vivo	iQOO 11	V2243A	PD2243	PD2243	13	TP1A.220624.014	compiler12292014	vivo/PD2243/PD2243:13/TP1A.220624.014/compiler12292014:user/release-keys	2023-12-01	骁龙 8 Gen 2	kalama
iqoo	vivo	iQOO Neo9	V2338A	PD2338	PD2338	14					骁龙 8 Gen 2	kalama
honor	HONOR	荣耀 Magic6 Pro	BVL-N49	HNBVL	HNBVL	14					骁龙 8 Gen 3	pineapple
honor	HONOR	荣耀 Magic5 Pro	PGT-N19	HNPGT	HNPGT	13					骁龙 8 Gen 2	kalama
honor	HONOR	荣耀 100 Pro	MAA-AN00	HNMAA	HNMAA	14					骁龙 8 Gen 2	kalama
honor	HONOR	荣耀 X50	ALI-NX1	HNALI-Q	HNALI-Q	13					骁龙 6 Gen 1	parrot
huawei	HUAWEI	华为 Mate 60 Pro	ALN-AL00	aln		12					麒麟 9000S	kirin9000s
huawei	HUAWEI	华为 P60 Pro	MNA-AL00			13					骁龙 8+ Gen 1	cape
huawei	HUAWEI	华为 nova 12	ADA-AL00			14					麒麟 8000	kirin8000
sony	Sony	索尼 Xperia 1 VI	XQ-EC72	XQ-EC72	XQ-EC72	14					骁龙 8 Gen 3	pineapple
sony	Sony	索尼 Xperia 1 V	XQ-DQ72	pdx234	XQ-DQ72	13					骁龙 8 Gen 2	kalama
sony	Sony	索尼 Xperia 5 V	XQ-DE72	pdx237	XQ-DE72	13					骁龙 8 Gen 2	kalama
sony	Sony	索尼 Xperia 10 V	XQ-DC72	pdx235	XQ-DC72	13					骁龙 695	holi
asus	asus	华硕 ROG Phone 8	AI2401	ASUS_AI2401	WW_AI2401	16	BQ2A.250610.001	36.0210.1420.27-0	asus/WW_AI2401/ASUS_AI2401:16/BQ2A.250610.001/36.0210.1420.27-0:user/release-keys	2025-12-05	骁龙 8 Gen 3	pineapple
asus	asus	华硕 ROG Phone 7	AI2205	ASUS_AI2205	WW_AI2205	15	AQ3A.240812.002	35.0604.0820.88	asus/WW_AI2205/ASUS_AI2205:15/AQ3A.240812.002/35.0604.0820.88:user/release-keys	2026-08-05	骁龙 8 Gen 2	kalama
asus	asus	华硕 Zenfone 10	ASUS_AI2302	ASUS_AI2302	WW_AI2302	13	TKQ1.220928.001	33.0404.0404.131	asus/WW_AI2302/ASUS_AI2302:13/TKQ1.220928.001/33.0404.0404.131:user/release-keys	2025-08-05	骁龙 8 Gen 2	kalama
Nothing	Nothing	Nothing Phone (2a)	A142	Pacman	Pacman	13	TP1A.220624.014	2409232135	Nothing/Pacman/Pacman:13/TP1A.220624.014/2409232135:user/release-keys	2024-09-05	天玑 7200 Pro	mt6886
Nothing	Nothing	Nothing Phone (2)	A065	Pong	Pong	12	SKQ1.250415.001	2606181026	Nothing/Pong/Pong:12/SKQ1.250415.001/2606181026:user/release-keys	2026-06-01	骁龙 8+ Gen 1	cape
Nothing	Nothing	Nothing Phone (1)	A063	Spacewar	Spacewar	11	RKQ1.211222.001	2501081938	Nothing/Spacewar/Spacewar:11/RKQ1.211222.001/2501081938:user/release-keys	2024-12-01	骁龙 778G+	sm7325
motorola	motorola	摩托罗拉 Edge 50 Pro	XT2403			14					骁龙 7 Gen 3	crow
motorola	motorola	摩托罗拉 Edge 40	XT2303			13					天玑 8020	mt6893
motorola	motorola	摩托罗拉 Razr 40 Ultra	XT2321			13					骁龙 8+ Gen 1	cape
nubia	nubia	红魔 9 Pro	NX769J	NX769J	NX769J-EEA	14	UKQ1.230917.001	20250411.235340	nubia/NX769J-EEA/NX769J:14/UKQ1.230917.001/20250411.235340:user/release-keys	2025-03-01	骁龙 8 Gen 3	pineapple
nubia	nubia	红魔 8 Pro	NX729J	NX729J	NX729J	13	TKQ1.221013.002	eng.nubia.20230206.183426	nubia/NX729J/NX729J:13/TKQ1.221013.002/eng.nubia.20230206.183426:user/release-keys	2023-01-01	骁龙 8 Gen 2	kalama
meizu	Meizu	魅族 21	M461Q			14					骁龙 8 Gen 3	pineapple
meizu	Meizu	魅族 20	M381Q			13					骁龙 8 Gen 2	kalama
zte	ZTE	中兴 Axon 50 Ultra	A2023	A2023	A2023	13					骁龙 8 Gen 2	kalama
meizu	meizu	MEIZU 18	MEIZU 18	meizu18	meizu_18_CN	13	TKQ1.221114.001	1682814786	meizu/meizu_18_CN/meizu18:13/TKQ1.221114.001/1682814786:user/release-keys	2022-11-14		
meizu	meizu	meizu 18 Pro	MEIZU 18 Pro	meizu18Pro	meizu_18Pro_CN	13	TKQ1.221114.001	1682196772	meizu/meizu_18Pro_CN/meizu18Pro:13/TKQ1.221114.001/1682196772:user/release-keys	2022-11-14		
meizu	meizu	meizu 20 Pro	MEIZU 20 Pro	meizu20Pro	meizu_20Pro_CN	14	UKQ1.230917.001	17001233086	meizu/meizu_20Pro_CN/meizu20Pro:14/UKQ1.230917.001/17001233086:user/release-keys	2023-09-17		
google	Google	Pixel 9a	GXQ96	tegu	tegu	16	BP4A.260205.001	2026030701	google/tegu/tegu:16/BP4A.260205.001/2026030701:user/release-keys	2026-02-05		
REDMI	Xiaomi	Redmi 1	2013022	wt93007	HM2013022							
REDMI	Xiaomi	Redmi 1S	2014011	wt93807	HM2014011							
Xiaomi	Xiaomi	Redmi 2	HM 2LTE-CMCC	wt88047	wt88047	5.1.1	LMY47V	V8.2.1.0.LHJMIDL	Xiaomi/wt88047/wt88047:5.1.1/LMY47V/V8.2.1.0.LHJMIDL:user/release-keys	2017-02-01	msm8916	msm8916
Xiaomi	Xiaomi	Redmi 2A	HM 2A	lte26007	full_lte26007	4.4.4	KTU84Q	5.7.2	Xiaomi/full_lte26007/lte26007:4.4.4/KTU84Q/5.7.2:user/release-keys			
Redmi	Xiaomi	REDMI A7 Pro 5G	26020RN1AI	somalia	miodm_somalia	15	AP3A.240905.015.A2	OS3.0.1.0.WBWINXM	Redmi/miodm_somalia/somalia:15/AP3A.240905.015.A2/OS3.0.1.0.WBWINXM:user/release-keys	2026-02-01		
Redmi	Xiaomi	REDMI K100 Pro	M511CD	athens	athens	16	BQ2A.260225.001-BP2A.250705.008	OS3.0.306.0.WPICNXM	Redmi/athens/athens:16/BQ2A.260225.001-BP2A.250705.008/OS3.0.306.0.WPICNXM:user/release-keys	2026-07-01	SM8850	canoe
Redmi	Xiaomi	REDMI K100 Pro Max	M098FE	songyuan	songyuan	16	BQ2A.260225.001-BP2A.250705.008	OS3.0.301.0.WGNCNXM	Redmi/songyuan/songyuan:16/BQ2A.260225.001-BP2A.250705.008/OS3.0.301.0.WGNCNXM:user/release-keys	2026-06-01	SM8850	canoe
Xiaomi	Xiaomi	Redmi K20	Redmi K20	davinci	davinci	11	RKQ1.200826.002	21.10.27	Xiaomi/davinci/davinci:11/RKQ1.200826.002/21.10.27:user/release-keys	2021-05-01	sm6150	sm6150
Redmi	Xiaomi	Redmi K30 5G	Redmi K30 5G	picasso	picasso	11	RKQ1.200826.002	V12.5.2.0.RGICNXM	Redmi/picasso/picasso:11/RKQ1.200826.002/V12.5.2.0.RGICNXM:user/release-keys	2021-04-01	lito	lito
Redmi	Xiaomi	Redmi K40	M2012K11AC	alioth	alioth	13	RKQ1.211001.001	V14.0.22.12.26.DEV	Redmi/alioth/alioth:13/RKQ1.211001.001/V14.0.22.12.26.DEV:user/release-keys	2022-12-01	SM8250	kona
Xiaomi	Xiaomi	Xiaomi 12T Pro	22081212C	diting	diting	12	SKQ1.230401.001	V816.0.24.5.13.DEV	Xiaomi/diting/diting:12/SKQ1.230401.001/V816.0.24.5.13.DEV:user/release-keys	2024-05-01	taro	taro
Redmi	Xiaomi	Redmi K60 Pro	22127RK46C	socrates	socrates	13	TKQ1.221114.001	OS2.0.0.24.VMKCNXM	Redmi/socrates/socrates:13/TKQ1.221114.001/OS2.0.0.24.VMKCNXM:user/release-keys	2024-12-01	kalama	kalama
Redmi	Xiaomi	Redmi K60 Ultra	23078RKD5C	corot	corot	13	TP1A.220624.014	OS2.0.102.0.VMLCNXM	Redmi/corot/corot:13/TP1A.220624.014/OS2.0.102.0.VMLCNXM:user/release-keys	2025-01-01	mt6985	mt6985
Redmi	Xiaomi	Redmi K70 Ultra	2407FRK8EC	rothko	rothko	14	UP1A.231005.007	OS2.0.101.0.VNNCNXM	Redmi/rothko/rothko:14/UP1A.231005.007/OS2.0.101.0.VNNCNXM:user/release-keys	2024-12-01	mt6989	mt6989
Redmi	Xiaomi	Redmi K70E	2311DRK48C	duchamp	duchamp	14	UP1A.230905.011	OS2.0.0.11.VNLCNXM	Redmi/duchamp/duchamp:14/UP1A.230905.011/OS2.0.0.11.VNLCNXM:user/release-keys	2024-11-01	mt6897	mt6897
Redmi	Xiaomi	REDMI K80 Pro	24122RKC7C	miro	miro	15	AQ3A.240829.003	OS2.0.102.0.VOMCNXM	Redmi/miro/miro:15/AQ3A.240829.003/OS2.0.102.0.VOMCNXM:user/release-keys	2024-12-01	sun	sun
Redmi	Xiaomi	REDMI K80 Ultra	25060RK16C	dali	dali	15	AP3A.240905.015.A2	OS2.0.204.0.VONCNDM	Redmi/dali/dali:15/AP3A.240905.015.A2/OS2.0.204.0.VONCNDM:user/release-keys	2025-05-01	mt6991	mt6991
Redmi	Xiaomi	REDMI K90	2510DRK44C	annibale	annibale							
REDMI	Xiaomi	REDMI K90 Max	2604FRK1EC	prague								
Redmi	Xiaomi	REDMI K90 Pro Max	25102RKBEC	myron	myron							
REDMI	Xiaomi	REDMI K90 Ultra	M332BF	warsaw								
Redmi	Xiaomi	REDMI K Pad	25079RPDCC	turner	turner	15	AP3A.240905.015.A2	OS2.0.203.0.VAOCNDM	Redmi/turner/turner:15/AP3A.240905.015.A2/OS2.0.203.0.VAOCNDM:user/release-keys	2025-05-01	mt6991	mt6991
REDMI	Xiaomi	REDMI K Pad 2	26048RP6AC	yili	yili							
REDMI	Xiaomi	REDMI M100	26062RN92C	steppe								
Xiaomi	Xiaomi	Redmi Note 4G	HM NOTE 1LTE	dior	dior	4.4.2	KVT49L	KHICNBH18.0	Xiaomi/dior/dior:4.4.2/KVT49L/KHICNBH18.0:user/release-keys			
Redmi	Xiaomi	Redmi Note 10	M2101K7AG	sunny	sunny_global	12	SKQ1.210908.001	V14.0.2.0.SKGMIXM	Redmi/sunny_global/sunny:12/SKQ1.210908.001/V14.0.2.0.SKGMIXM:user/release-keys			
Redmi	Xiaomi	Redmi Note 11	2201117TG	spes	spes	11	RKQ1.211001.001	V13.0.9.0.RGCMIXM	Redmi/spes/spes:11/RKQ1.211001.001/V13.0.9.0.RGCMIXM:user/release-keys	2022-02-01		
Redmi	Xiaomi	Redmi Note 13 5G	2312DRAABC	gold	vnd_gold	15	AP3A.240905.015.A2	OS2.0.5.0.VNQMIXM	Redmi/vnd_gold/gold:15/AP3A.240905.015.A2/OS2.0.5.0.VNQMIXM:user/release-keys	2025-03-01	mt6833	mt6833
Xiaomi	Xiaomi	Redmi Note 13 Pro	2312CRAD3C	garnet	garnet	13	SKQ1.230401.001	V14.0.4.0.TNREUXM	Xiaomi/garnet/garnet:13/SKQ1.230401.001/V14.0.4.0.TNREUXM:user/release-keys	2023-12-01	parrot	parrot
Redmi	Xiaomi	Redmi Note 14 Pro+	24115RA8EC	amethyst	amethyst	14	UKQ1.240624.001	OS2.0.10.0.VOPCNXM	Redmi/amethyst/amethyst:14/UKQ1.240624.001/OS2.0.10.0.VOPCNXM:user/release-keys	2025-04-01	volcano	volcano
Redmi	Xiaomi	Redmi Note 14 Pro	24090RA29C	malachite	malachite							
Redmi	Xiaomi	REDMI Note 15	25098RA98C	kunzite	kunzite	15	AQ3A.250129.001	OS3.0.302.0.WPQCNXM	Redmi/kunzite/kunzite:15/AQ3A.250129.001/OS3.0.302.0.WPQCNXM:user/release-keys	2026-04-01	parrot	parrot
Redmi	Xiaomi	REDMI Note 15 Pro+	2510ERA8BC	flourite	flourite	14	UKQ1.240624.001	OS2.0.204.0.VPRCNXM	Redmi/flourite/flourite:14/UKQ1.240624.001/OS2.0.204.0.VPRCNXM:user/release-keys	2025-08-01	volcano	volcano
Redmi	Xiaomi	REDMI Note 15 Pro	25080RABDC	lapis	miodm_lapis_cn	16	BP2A.250605.031.A3	OS3.0.4.0.WPPCNXM	Redmi/miodm_lapis_cn/lapis:16/BP2A.250605.031.A3/OS3.0.4.0.WPPCNXM:user/release-keys	2025-11-01	mt6878	mt6878
Redmi	Xiaomi	REDMI Note 17	26021RN18C	mist	mist	16	BP2A.250605.031.A3	OS3.0.305.0.WPUCNXM	Redmi/mist/mist:16/BP2A.250605.031.A3/OS3.0.305.0.WPUCNXM:user/release-keys	2026-05-01		
Redmi	Xiaomi	REDMI Note 17 Pro	2607DRA18C	iolite	miodm_iolite	16	BP2A.250605.031.A3	OS3.0.305.0.WDQCNXM	Redmi/miodm_iolite/iolite:16/BP2A.250605.031.A3/OS3.0.305.0.WDQCNXM:user/release-keys	2026-06-01	parrot	parrot
Xiaomi	Xiaomi	Redmi Note 1S	HM NOTE 1S	gucci	gucci	4.4.4	KTU84P	V6.4.4.0.KHKCNCB	Xiaomi/gucci/gucci:4.4.4/KTU84P/V6.4.4.0.KHKCNCB:user/release-keys			
Xiaomi	Xiaomi	Redmi Note 2	REDMI Note 2	hermes	hermes	5.0.2	LRX22G	V9.2.4.0.LHMMIEK	Xiaomi/hermes/hermes:5.0.2/LRX22G/V9.2.4.0.LHMMIEK:user/release-keys			
Xiaomi	Xiaomi	Redmi Note 3	REDMI Note 3	hennessy	hennessy	5.0.2	LRX22G	V8.0.1.0.LHNCNDG	Xiaomi/hennessy/hennessy:5.0.2/LRX22G/V8.0.1.0.LHNCNDG:user/release-keys	2016-08-01		
xiaomi	Xiaomi	Redmi Note 4	REDMI Note 4	mido	mido	6.0.1	MMB29M	V8.1.15.0.MCFMIDI	xiaomi/mido/mido:6.0.1/MMB29M/V8.1.15.0.MCFMIDI:user/release-keys	2017-01-05		
xiaomi	Xiaomi	Redmi Note 5	REDMI Note 5	whyred	whyred	9	PKQ1.180904.001	V12.0.2.0.PEIMIXM	xiaomi/whyred/whyred:9/PKQ1.180904.001/V12.0.2.0.PEIMIXM:user/release-keys	2020-11-05	sdm660	sdm660
xiaomi	Xiaomi	Redmi Note 6 Pro India	Redmi Note 6 Pro	tulip	tulip	9	PKQ1.180904.001	V12.0.1.0.PEKMIXM	xiaomi/tulip/tulip:9/PKQ1.180904.001/V12.0.1.0.PEKMIXM:user/release-keys	2020-11-05	sdm660	sdm660
xiaomi	Xiaomi	Redmi Note 7	Redmi Note 7	lavender	lavender	10	QKQ1.190910.002	V12.5.3.0.QFGMIXM	xiaomi/lavender/lavender:10/QKQ1.190910.002/V12.5.3.0.QFGMIXM:user/release-keys	2021-10-01	sdm660	sdm660
xiaomi	Xiaomi	Redmi Note 8	Redmi Note 8	ginkgo	ginkgo	11	RKQ1.201004.002	21.3.17	xiaomi/ginkgo/ginkgo:11/RKQ1.201004.002/21.3.17:user/release-keys	2021-03-01	trinket	trinket
Redmi	Xiaomi	Redmi Note 9	M2003J15SS	merlin	merlin	12	SP1A.210812.016	V14.0.0.1.SJOCNXM	Redmi/merlin/merlin:12/SP1A.210812.016/V14.0.0.1.SJOCNXM:user/release-keys	2022-12-01		
Redmi	Xiaomi	REDMI Pad 2 Pro	25099RP13C	flute	flute_eea	15	AQ3A.250226.002	OS2.0.208.0.VPWEUDM	Redmi/flute_eea/flute:15/AQ3A.250226.002/OS2.0.208.0.VPWEUDM:user/release-keys	2025-08-01	volcano	volcano
Redmi	Xiaomi	Redmi Pad Pro	2405CRPFDC	dizi	dizi	12	SKQ1.231214.001	OS2.0.3.0.VNSEUXM	Redmi/dizi/dizi:12/SKQ1.231214.001/OS2.0.3.0.VNSEUXM:user/release-keys	2025-01-01	parrot	parrot
Redmi	Xiaomi	Redmi Pad SE	23073RPBFC	xun	xun_global	13	TKQ1.221114.001	V816.0.2.0.UMUMIXM	Redmi/xun_global/xun:13/TKQ1.221114.001/V816.0.2.0.UMUMIXM:user/release-keys	2024-05-01	bengal	bengal
REDMI	Xiaomi	REDMI R70 5G	26020RN1AC	somalia								
Redmi	Xiaomi	REDMI Turbo 4 Pro 	25053RT47C	onyx	onyx	15	AQ3A.250107.001	OS2.0.125.0.VOLCNXM	Redmi/onyx/onyx:15/AQ3A.250107.001/OS2.0.125.0.VOLCNXM:user/release-keys	2025-04-01	sun	sun
Redmi	Xiaomi	REDMI Turbo 5 Max	2602BRT18C	dash	dash	15	AP3A.240905.015.A2	OS3.0.6.0.WPLCNXM	Redmi/dash/dash:15/AP3A.240905.015.A2/OS3.0.6.0.WPLCNXM:user/release-keys	2026-01-01	mt6991	mt6991
Redmi	Xiaomi	Redmi Turbo 3	24069RA21C	peridot	peridot	14	UKQ1.240624.001	OS2.0.101.0.VNPCNXM	Redmi/peridot/peridot:14/UKQ1.240624.001/OS2.0.101.0.VNPCNXM:user/release-keys	2025-01-01	pineapple	pineapple
Redmi	Xiaomi	REDMI Turbo 4	24129RT7CC	rodin	rodin	15	AP3A.240905.015.A2	OS2.0.5.0.VOJCNXM	Redmi/rodin/rodin:15/AP3A.240905.015.A2/OS2.0.5.0.VOJCNXM:user/release-keys	2024-12-01	mt6899	mt6899
Redmi	Xiaomi	REDMI Turbo 5	2511FRT34C	klee	klee	15	AP3A.240905.015.A2	OS3.0.18.0.WPJCNXM	Redmi/klee/klee:15/AP3A.240905.015.A2/OS3.0.18.0.WPJCNXM:user/release-keys	2026-01-01	mt6899	mt6899
Xiaomi	Xiaomi	Xiaomi Mi-One Youth Edition	MI-ONE	mione_plus	mione_plus	4.1.2	JZO54K	4.3.21	Xiaomi/mione_plus/mione_plus:4.1.2/JZO54K/4.3.21:user/release-keys			
Xiaomi	Xiaomi	Xiaomi 10	Mi 10	umi	umi	13	RKQ1.211001.001	V816.0.3.0.TJBCNXM	Xiaomi/umi/umi:13/RKQ1.211001.001/V816.0.3.0.TJBCNXM:user/release-keys	2024-02-01	SM8250	kona
Xiaomi	Xiaomi	Xiaomi 10 Lite	M2002J9E	vangogh	vangogh	12	RKQ1.200826.002	V13.0.9.0.SJVCNXM	Xiaomi/vangogh/vangogh:12/RKQ1.200826.002/V13.0.9.0.SJVCNXM:user/release-keys	2022-10-01	SM7250	lito
Xiaomi	Xiaomi	Xiaomi 10 Ultra	M2007J1SC	cas	cas	13	RKQ1.211001.001	V816.0.4.0.TJJCNXM	Xiaomi/cas/cas:13/RKQ1.211001.001/V816.0.4.0.TJJCNXM:user/release-keys	2024-03-01	SM8250	kona
Xiaomi	Xiaomi	Xiaomi 10S	M2102J2SC	thyme	thyme	13	RKQ1.211001.001	V14.0.6.0.TGACNXM	Xiaomi/thyme/thyme:13/RKQ1.211001.001/V14.0.6.0.TGACNXM:user/release-keys	2023-09-01	SM8250	kona
Xiaomi	Xiaomi	Xiaomi 11 Lite	M2101K9C	renoir	renoir	13	RKQ1.211001.001	V14.0.22.12.5.DEV	Xiaomi/renoir/renoir:13/RKQ1.211001.001/V14.0.22.12.5.DEV:user/release-keys	2022-11-01	lahaina	lahaina
Xiaomi	Xiaomi	Xiaomi 11 Pro	M2102K1AC	mars	mars	13	RKQ1.211001.001	V14.0.11.0.TKACNXM	Xiaomi/mars/mars:13/RKQ1.211001.001/V14.0.11.0.TKACNXM:user/release-keys			
Xiaomi	Xiaomi	Xiaomi 11 Ultra	M2102K1C	star	star	13	RKQ1.211001.001	V816.0.3.0.UKACNXM	Xiaomi/star/star:13/RKQ1.211001.001/V816.0.3.0.UKACNXM:user/release-keys	2024-06-01	lahaina	lahaina
Xiaomi	Xiaomi	Xiaomi 12 Pro 天玑版	2207122MC	daumier	daumier	12	SP1A.210812.016	V14.0.23.1.3.DEV	Xiaomi/daumier/daumier:12/SP1A.210812.016/V14.0.23.1.3.DEV:user/release-keys	2022-12-01	MT6983	mt6983
Xiaomi	Xiaomi	Xiaomi 12S	2206123SC	mayfly	mayfly	12	SKQ1.230401.001	V816.0.10.0.ULTCNXM	Xiaomi/mayfly/mayfly:12/SKQ1.230401.001/V816.0.10.0.ULTCNXM:user/release-keys	2024-09-01	taro	taro
Xiaomi	Xiaomi	Xiaomi 12S Pro	2206122SC	unicorn	unicorn	12	SKQ1.230401.001	OS3.0.2.0.VLECNXM	Xiaomi/unicorn/unicorn:12/SKQ1.230401.001/OS3.0.2.0.VLECNXM:user/release-keys	2025-12-01	taro	taro
Xiaomi	Xiaomi	Xiaomi 14 Ultra	24031PN0DC	aurora	aurora_in	14	UKQ1.231003.002	V816.0.15.0.UNACNXM	Xiaomi/aurora_in/aurora:14/UKQ1.231003.002/V816.0.15.0.UNACNXM:user/release-keys	2024-06-01	pineapple	pineapple
Xiaomi	Xiaomi	Xiaomi 15	24129PN74C	dada	dada	15	AQ3A.250226.002	OS3.0.300.7.WOCCNXM	Xiaomi/dada/dada:15/AQ3A.250226.002/OS3.0.300.7.WOCCNXM:user/release-keys	2026-01-01	sun	sun
Xiaomi	Xiaomi	Xiaomi 15 Pro	2410DPN6CC	haotian	haotian	15	AQ3A.240812.002	OS2.0.101.0.VOBCNXM	Xiaomi/haotian/haotian:15/AQ3A.240812.002/OS2.0.101.0.VOBCNXM:user/release-keys	2024-12-01	sun	sun
Xiaomi	Xiaomi	Xiaomi 15 Ultra	25019PNF3C	xuanyuan	xuanyuan	15	AQ3A.240912.001	OS2.0.102.0.VOACNXM	Xiaomi/xuanyuan/xuanyuan:15/AQ3A.240912.001/OS2.0.102.0.VOACNXM:user/release-keys	2025-01-01		
Xiaomi	Xiaomi	Xiaomi 15S Pro	25042PN24C	dijun	dijun	15	AP3A.240905.015.A2	OS3.0.300.6.WODCNXM	Xiaomi/dijun/dijun:15/AP3A.240905.015.A2/OS3.0.300.6.WODCNXM:user/release-keys	2026-01-01	O1	O1_asic
Xiaomi	Xiaomi	Xiaomi 17	25113PN0EC	pudding	pudding	16	BQ2A.250705.001-BP2A.250605.031.A3	OS3.0.7.0.WPCCNXM	Xiaomi/pudding/pudding:16/BQ2A.250705.001-BP2A.250605.031.A3/OS3.0.7.0.WPCCNXM:user/release-keys	2025-08-05	canoe	canoe
Xiaomi	Xiaomi	Xiaomi 17 Max	2605EPN8EC	byron	byron	16	BQ2A.250705.001-BP2A.250605.031.A3	OS3.0.302.0.WAFCNDM	Xiaomi/byron/byron:16/BQ2A.250705.001-BP2A.250605.031.A3/OS3.0.302.0.WAFCNDM:user/release-keys	2026-05-01	canoe	canoe
Xiaomi	Xiaomi	Xiaomi 17 Pro	25098PN5AC	pandora	pandora	16	BQ2A.250705.001-BP2A.250605.031.A3	OS3.0.7.0.WBLCNXM	Xiaomi/pandora/pandora:16/BQ2A.250705.001-BP2A.250605.031.A3/OS3.0.7.0.WBLCNXM:user/release-keys	2025-08-05	canoe	canoe
Xiaomi	Xiaomi	Xiaomi 17 Pro Max	2509FPN0BC	popsicle	popsicle							
Xiaomi	Xiaomi	Xiaomi 17 Ultra	2512BPNDAC	nezha	nezha	16	BQ2A.260225.001-BP2A.250705.008	OS4.0.0.9.XPACN	Xiaomi/nezha/nezha:16/BQ2A.260225.001-BP2A.250705.008/OS4.0.0.9.XPACN:user/release-keys	2026-08-01	SM8850	canoe
Xiaomi	Xiaomi	Xiaomi 17 Ultra by Leica	25128PNA1C	nezha	nezha	16	BQ2A.250705.001-BP2A.250605.031.A3	OS3.0.7.0.WPACNXM	Xiaomi/nezha/nezha:16/BQ2A.250705.001-BP2A.250605.031.A3/OS3.0.7.0.WPACNXM:user/release-keys	2025-12-01		
Xiaomi	Xiaomi	Xiaomi 17T	M531DA	chagall	chagall_global	15	AP3A.240905.015.A2	OS3.0.303.0.WPTMIXM	Xiaomi/chagall_global/chagall:15/AP3A.240905.015.A2/OS3.0.303.0.WPTMIXM:user/release-keys	2026-05-01		
Xiaomi	Xiaomi	Xiaomi 17T Pro	M025EC	warhol	warhol_global	16	BP2A.250605.031.A3	OS3.0.305.0.WPSMIXM	Xiaomi/warhol_global/warhol:16/BP2A.250605.031.A3/OS3.0.305.0.WPSMIXM:user/release-keys	2026-04-01		
Xiaomi	Xiaomi	Xiaomi 18 Fold	2608BPX34C	lhasa	lhasa	17	CP2A.260605.005	OS4.0.3.0.XPNCN	Xiaomi/lhasa/lhasa:17/CP2A.260605.005/OS4.0.3.0.XPNCN:user/release-keys	2026-08-01	O3	xring_o3_asic
Xiaomi	Xiaomi	Xiaomi 18 Pro	M610BB	hongkong	hongkong	17	CQ2A.260712.001-CP2A.260605.016	OS4.0.6.0.XFRCN	Xiaomi/hongkong/hongkong:17/CQ2A.260712.001-CP2A.260605.016/OS4.0.6.0.XFRCN:user/release-keys	2026-09-01	art	art
Xiaomi	Xiaomi	Xiaomi 18 Pro Max	M154FF	madrid	madrid	17	CQ2A.260712.001-CP2A.260605.016	OS4.0.6.0.XEOCN	Xiaomi/madrid/madrid:17/CQ2A.260712.001-CP2A.260605.016/OS4.0.6.0.XEOCN:user/release-keys	2026-09-01	art	art
Xiaomi	Xiaomi	Xiaomi 2	MI 2	aries	aries	4.1.1	JRO03L	JLB52.0	Xiaomi/aries/aries:4.1.1/JRO03L/JLB52.0:user/release-keys			
Xiaomi	Xiaomi	Xiaomi 2A	MI 2A	taurus	taurus	4.1.1	JRO03L	JLB54.0	Xiaomi/taurus/taurus:4.1.1/JRO03L/JLB54.0:user/release-keys		msm8960	msm8960
Xiaomi	Xiaomi	Xiaomi 3 TD	MI 3	pisces	pisces	4.2.1	JOP40D	4.1.10	Xiaomi/pisces/pisces:4.2.1/JOP40D/4.1.10:user/release-keys			
Xiaomi	Xiaomi	Xiaomi 4 LTE	MI 4LTE	cancro	cancro	6.0.1	MMB29M	V9.5.2.0.MXDMIFA	Xiaomi/cancro/cancro:6.0.1/MMB29M/V9.5.2.0.MXDMIFA:user/release-keys			
Xiaomi	Xiaomi	Xiaomi 4i	Mi 4i	ferrari	ferrari	5.0.2	LRX22G	V6.7.2.0.LXIMICH	Xiaomi/ferrari/ferrari:5.0.2/LRX22G/V6.7.2.0.LXIMICH:user/release-keys			
Xiaomi	Xiaomi	Xiaomi 5	MI 5	gemini	gemini	7.0	NRD90M	V8.2.2.0.NAAMIEB	Xiaomi/gemini/gemini:7.0/NRD90M/V8.2.2.0.NAAMIEB:user/release-keys	2017-03-01		
Xiaomi	Xiaomi	Xiaomi 5c	MI 5C	meri	meri	7.1.2	N2G47J	9.7.4	Xiaomi/meri/meri:7.1.2/N2G47J/9.7.4:user/release-keys	2019-04-01		
Xiaomi	Xiaomi	Xiaomi 6	MI 6	sagit	sagit	9	PKQ1.190118.001	9.9.24	Xiaomi/sagit/sagit:9/PKQ1.190118.001/9.9.24:user/release-keys	2019-09-01	msm8998	msm8998
Xiaomi	Xiaomi	Xiaomi 8 Explorer Edition	M1807E8S	ursa	ursa	9	PKQ1.180729.001	V10.2.1.0.PEHCNXM	Xiaomi/ursa/ursa:9/PKQ1.180729.001/V10.2.1.0.PEHCNXM:user/release-keys	2018-07-29		
Xiaomi	Xiaomi	Xiaomi 9	MI 9	cepheus	cepheus	11	RKQ1.200826.002	V12.5.1.0.RFAMIXM	Xiaomi/cepheus/cepheus:11/RKQ1.200826.002/V12.5.1.0.RFAMIXM:user/release-keys	2021-05-01	msmnile	msmnile
Xiaomi	Xiaomi	Xiaomi Civi	2109119BC	mona	mona	11	RKQ1.210503.001	V12.5.9.0.RKVCNXM	Xiaomi/mona/mona:11/RKQ1.210503.001/V12.5.9.0.RKVCNXM:user/release-keys	2021-12-01	lahaina	lahaina
Xiaomi	Xiaomi	Xiaomi Civi 1S	2109119BC	zijin	zijin	13	RKQ1.211001.001	V13.2.5.0.TLPCNXM	Xiaomi/zijin/zijin:13/RKQ1.211001.001/V13.2.5.0.TLPCNXM:user/release-keys	2022-10-01	lahaina	lahaina
Xiaomi	Xiaomi	Xiaomi Civi 2	2209129SC	ziyi	ziyi	12	SKQ1.220303.001	V13.0.3.0.SLLCNXM	Xiaomi/ziyi/ziyi:12/SKQ1.220303.001/V13.0.3.0.SLLCNXM:user/release-keys	2022-08-01	taro	taro
Xiaomi	Xiaomi	Xiaomi Civi 4 Pro	24053PY09C	chenfeng	chenfeng	14	UKQ1.240624.001	OS2.0.5.0.VNJCNXM	Xiaomi/chenfeng/chenfeng:14/UKQ1.240624.001/OS2.0.5.0.VNJCNXM:user/release-keys	2024-12-01	pineapple	pineapple
Xiaomi	Xiaomi	Xiaomi Civi 5 Pro	25067PYE3C	luming	luming							
Xiaomi	Xiaomi	Xiaomi MIX 4	2106118C	odin	odin	13	RKQ1.211001.001	V816.0.2.0.UKMCNXM	Xiaomi/odin/odin:13/RKQ1.211001.001/V816.0.2.0.UKMCNXM:user/release-keys	2024-04-01	lahaina	lahaina
Xiaomi	Xiaomi	Xiaomi MIX Flip 2	2505APX7BC	bixi	bixi	15	AQ3A.241229.001	OS2.0.108.0.VOHCNXM	Xiaomi/bixi/bixi:15/AQ3A.241229.001/OS2.0.108.0.VOHCNXM:user/release-keys	2025-06-01	sun	sun
Xiaomi	Xiaomi	Xiaomi MIX Flip	2405CPX3DC	ruyi	ruyi	14	UKQ1.240116.001	V816.0.2.0.UNICNDM	Xiaomi/ruyi/ruyi:14/UKQ1.240116.001/V816.0.2.0.UNICNDM:user/release-keys	2024-07-01	pineapple	pineapple
Xiaomi	Xiaomi	 Xiaomi MIX FOLD	M2011J18C	cetus	cetus	13	RKQ1.211001.001	V816.0.1.0.TJTCNXM	Xiaomi/cetus/cetus:13/RKQ1.211001.001/V816.0.1.0.TJTCNXM:user/release-keys	2024-02-01	lahaina	lahaina
Xiaomi	Xiaomi	Xiaomi MIX Fold 2	22061218C	zizhan	zizhan	12	SKQ1.230401.001	OS2.0.8.0.VLRCNXM	Xiaomi/zizhan/zizhan:12/SKQ1.230401.001/OS2.0.8.0.VLRCNXM:user/release-keys	2025-03-01	taro	taro
Xiaomi	Xiaomi	Xiaomi MIX Fold 4	24072PX77C	goku	goku	14	UKQ1.240116.001	V816.0.9.0.UNVCNXM	Xiaomi/goku/goku:14/UKQ1.240116.001/V816.0.9.0.UNVCNXM:user/release-keys	2024-08-01	pineapple	pineapple
Xiaomi	Xiaomi	Xiaomi Pad 5	21051182C	nabu	nabu	13	RKQ1.200826.002	V14.0.22.12.21.DEV	Xiaomi/nabu/nabu:13/RKQ1.200826.002/V14.0.22.12.21.DEV:user/release-keys	2022-12-01	SM8150	msmnile
Xiaomi	Xiaomi	Xiaomi Pad 5 Pro	M2105K81AC	elish	elish	11	RKQ1.200826.002	V12.5.14.0.RKYCNXM	Xiaomi/elish/elish:11/RKQ1.200826.002/V12.5.14.0.RKYCNXM:user/release-keys	2021-10-01	kona	kona
Xiaomi	Xiaomi	Xiaomi Pad 5 Pro 12.4	22081281AC	dagu	dagu	13	RKQ1.211001.001	V14.0.22.12.20.DEV	Xiaomi/dagu/dagu:13/RKQ1.211001.001/V14.0.22.12.20.DEV:user/release-keys	2022-12-01	SM8250	kona
Xiaomi	Xiaomi	Xiaomi Pad 5 Pro 5G	M2105K81C	enuma	enuma	11	RKQ1.200826.002	V13.0.2.0.RKZCNXM	Xiaomi/enuma/enuma:11/RKQ1.200826.002/V13.0.2.0.RKZCNXM:user/release-keys	2021-12-01	kona	kona
Xiaomi	Xiaomi	Xiaomi Pad 6	23043RP34C	pipa	pipa	13	RKQ1.211001.001	V816.0.14.0.UMZCNXM	Xiaomi/pipa/pipa:13/RKQ1.211001.001/V816.0.14.0.UMZCNXM:user/release-keys	2025-01-01	SM8250	kona
Xiaomi	Xiaomi	Xiaomi Pad 6 Max	2307BRPDCC	yudi	yudi	12	SKQ1.230401.001	OS2.0.4.0.VMHCNXM	Xiaomi/yudi/yudi:12/SKQ1.230401.001/OS2.0.4.0.VMHCNXM:user/release-keys	2025-01-01	taro	taro
Xiaomi	Xiaomi	Xiaomi Pad 6 Pro	23046RP50C	liuqin	liuqin	12	SKQ1.230401.001	OS2.0.8.0.VMYCNXM	Xiaomi/liuqin/liuqin:12/SKQ1.230401.001/OS2.0.8.0.VMYCNXM:user/release-keys	2025-04-01	taro	taro
Xiaomi	Xiaomi	Xiaomi Pad 6S Pro	24018RPACC	sheng	sheng	13	TKQ1.221114.001	OS2.0.102.0.VNXCNXM	Xiaomi/sheng/sheng:13/TKQ1.221114.001/OS2.0.102.0.VNXCNXM:user/release-keys	2024-12-01	kalama	kalama
Xiaomi	Xiaomi	Xiaomi Pad 7	2410CRP4CC	uke	uke	14	UKQ1.240624.001	OS2.0.3.0.VOZCNDM	Xiaomi/uke/uke:14/UKQ1.240624.001/OS2.0.3.0.VOZCNDM:user/release-keys	2024-10-01	pineapple	pineapple
Xiaomi	Xiaomi	Xiaomi Pad 7 Pro	24091RPADC	muyu	muyu	14	UKQ1.240624.001	OS2.0.4.0.VOYCNDM	Xiaomi/muyu/muyu:14/UKQ1.240624.001/OS2.0.4.0.VOYCNDM:user/release-keys	2024-10-01	pineapple	pineapple
Xiaomi	Xiaomi	Xiaomi Pad 7 Ultra	25032RP42C	jinghu	jinghu							
Xiaomi	Xiaomi	Xiaomi Pad 7S Pro 12.5	25053RP5CC	violin	violin							
Xiaomi	Xiaomi	Xiaomi Pad 8	25097RP43C	yupei	yupei	15	AQ3A.250226.002	OS3.0.4.0.WPZCNXM	Xiaomi/yupei/yupei:15/AQ3A.250226.002/OS3.0.4.0.WPZCNXM:user/release-keys	2025-08-01	sun	sun
Xiaomi	Xiaomi	Xiaomi Pad 8 Pro	25091RP04C	piano	piano	15	AQ3A.250226.002	OS3.0.4.0.WPYCNXM	Xiaomi/piano/piano:15/AQ3A.250226.002/OS3.0.4.0.WPYCNXM:user/release-keys	2025-08-01	sun	sun
Xiaomi	Xiaomi	Xiaomi Pad 9	M656BA	yupei								
Xiaomi	Xiaomi	Xiaomi Pad 9 Pro	2612CRPFFC	shuntian								
Xiaomi	Xiaomi	Xiaomi Pad 9 Pro Max	M367FC	yingtian	yingtian	17	CP2A.260605.005	OS4.0.10.0.XBMCN	Xiaomi/yingtian/yingtian:17/CP2A.260605.005/OS4.0.10.0.XBMCN:user/release-keys	2026-08-01	O3	xring_o3_asic
Apple	Apple	iPhone 16 Pro Max	iPhone 16 Pro Max	A3297								
Apple	Apple	iPhone 17 Pro Max	iPhone 17 Pro Max	A3527								
vivo	vivo	VIVO IQOO 12 PRO	V2329A	V2329A	PD2329							
vivo	vivo	VIVO IQOO 13	V2408A	V2408A	PD2408							
vivo	vivo	VIVO iQOO 15 Ultra	V2546A	PD2546	PD2546	16	BP2A.250605.031.A3	compiler260228234011	vivo/PD2546/PD2546:16/BP2A.250605.031.A3/compiler260228234011:user/release-keys	2025-06-05		
OnePlus	OnePlus	OnePlus 15	PLK110	PLK110	PLK110	16	AP3A.240617.008	V.10eb425_12d9949_12ce9c3	OnePlus/PLK110/PLK110:16/AP3A.240617.008/V.10eb425_12d9949_12ce9c3:user/release-keys			
OnePlus	OnePlus	一加 16	PYB110	PYB110								
samsung	samsung	Galaxy Z Fold6	SM-F9560	qssi_64	q6qzcx	14	UP1A.231005.007	F9560ZCU1AXH9	samsung/q6qzcx/qssi_64:14/UP1A.231005.007/F9560ZCU1AXH9:user/release-keys	2024-06-01		
A9000	alps		A9000	A9000	A9000	8.0						
Acer	Acer	Acer One 8 T4-82L	Acer One 8 T4-82L	AcerOne8T482L	Acer_One8-T4-82L	10	QP1A.190711.020	1637807355	Acer/Acer_One8-T4-82L/AcerOne8T482L:10/QP1A.190711.020/1637807355:user/release-keys	2021-11-05		
Allwinner	Allwinner	QUAD-CORE T3 k2001-nwd	QUAD-CORE T3 k2001-nwd	t3-k2001-nwd	t3_k2001_nwd	7.1.1						
asus	asus	ZenFone AR	ASUS_A002A	ASUS_A002_1	VZW_ASUS_A002A	7.0	NRD90M	VZW_ASUS_A002A-V3.8.3-20180820	asus/VZW_ASUS_A002A/ASUS_A002_1:7.0/NRD90M/VZW_ASUS_A002A-V3.8.3-20180820:user/release-keys	2018-06-01		
asus	asus	ROG Phone II	ASUS_I001D	ASUS_I001_1	WW_I001D	11	RKQ1.200710.002	18.0210.2201.215-0	asus/WW_I001D/ASUS_I001_1:11/RKQ1.200710.002/18.0210.2201.215-0:user/release-keys	2022-01-01		
asus	asus	Zenfone 8 / ASUS 8Z	ASUS_I006D	qssi	qssi	13	TKQ1.220523.001	32.0501.0403.4	asus/qssi/qssi:13/TKQ1.220523.001/32.0501.0403.4:user/release-keys	2022-06-05		
asus	asus	ZenFone 3 Max (ZC520TL)	ASUS_X008DC	ASUS_X008_1	US_Phone	7.0	NRD90M	US_Phone-14.14.1808.121-20180803	asus/US_Phone/ASUS_X008_1:7.0/NRD90M/US_Phone-14.14.1808.121-20180803:user/release-keys	2018-07-05		
asus	asus	ZenFone 3s Max (ZC521TL)	ASUS_X00GD	ASUS_X00G_1	IN_X00G	7.0	NRD90M	IN_X00G-14.02.1704.20-20170505	asus/IN_X00G/ASUS_X00G_1:7.0/NRD90M/IN_X00G-14.02.1704.20-20170505:user/release-keys	2017-04-05		
asus	asus	ZenFone 3 Zoom (ZE553KL)	ASUS_Z01HD	ASUS_Z01H_1	WW_Z01H	7.1.1	NMF26F	WW_user_71.60.139.30_20180306	asus/WW_Z01H/ASUS_Z01H_1:7.1.1/NMF26F/WW_user_71.60.139.30_20180306:user/release-keys	2018-02-05		
asus	Asus	ZenFone 4 (ZE554KL)	ASUS_Z01KD	ASUS_Z01KD_1	WW_Z01KD	9	PPR1.180610.009	16.0620.1912.23-0	asus/WW_Z01KD/ASUS_Z01KD_1:9/PPR1.180610.009/16.0620.1912.23-0:user/release-keys	2019-12-01		
asus	asus	ZenPad 10 (Z300M)	P00C	P00C_2	WW_P00C	7.0	NRD90M	WW_P00C-V5.3.19-20171219	asus/WW_P00C/P00C_2:7.0/NRD90M/WW_P00C-V5.3.19-20171219:user/release-keys	2017-12-01		
Beeline	Fortuneship	Pro 6	Beeline_Pro_6	Beeline_Pro_6	Beeline_Pro_6	7.0	NRD90M	1499697838	Beeline/Beeline_Pro_6/Beeline_Pro_6:7.0/NRD90M/1499697838:user/release-keys	2017-06-05		
Beelink	AZW	Beelink GT1	Beelink GT1	q201	q201	7.1.2						
blackshark	Xiaomi	SHARK KSR-A0	SHARK KSR-A0	kaiser	KSR-A0	11	KASE2201030CN00MR2	V11.0.4.0.JOYUI	blackshark/KSR-A0/kaiser:11/KASE2201030CN00MR2/V11.0.4.0.JOYUI:user/release-keys	2021-11-01		
Blackview	Blackview	BV9600Pro	BV9600Pro	Blackview	BV9600Pro_EEA	9	PPR1.180610.011	1558005169	Blackview/BV9600Pro_EEA/Blackview:9/PPR1.180610.011/1558005169:user/release-keys	2019-05-05		
Blackview	Blackview	Blackview BV9900Pro	BV9900Pro	BV9900Pro	BV9900Pro_RU	10	QP1A.190711.020	1576080487	Blackview/BV9900Pro_RU/BV9900Pro:10/QP1A.190711.020/1576080487:user/release-keys	2020-08-05		
Blackview	Blackview	Tab_15_NEU	Tab 15	Tab_15_NEU	Tab_15_NEU	12	SP1A.210812.016	20220705	Blackview/Tab_15_NEU/Tab_15_NEU:12/SP1A.210812.016/20220705:user/release-keys	2022-05-05		
BLU	BLU	G8	G8	G0170	G8	9	PPR1.180610.011	24417	BLU/G8/G0170:9/PPR1.180610.011/24417:user/release-keys	2019-05-05		
BMXC	BMXC		Y801	Y801	Y801	7.0	NRD90M	vKA100208	BMXC/Y801/Y801:7.0/NRD90M/vKA100208:user/release-keys	2017-02-05		
bq	bq	Aquaris C	Aquaris C	jeice	jeice_bq	8.1.0	OPM1.171019.026	1267	bq/jeice_bq/jeice:8.1.0/OPM1.171019.026/1267:user/release-keys	2018-10-01		
Braun	Archos	Oral B View	Oral B View	Betamax	Oral_B_View	10						
Cat	Cat	Cat S62	S62	S62	S62	11	RKQ1.210924.001	LTE_S02111.11_N_S62_1.009.04	Cat/S62/S62:11/RKQ1.210924.001/LTE_S02111.11_N_S62_1.009.04:user/release-keys	2022-06-05		
ClearCellular	ClearCellular		FreedomPhone220	ClearPHONE_220	ClearPHONE_220	10	QP1A.190711.020	1645205400	ClearCellular/ClearPHONE_220/ClearPHONE_220:10/QP1A.190711.020/1645205400:user/release-keys	2020-06-05		
Condor	SPA Condor Electronics	Griffe T6	Griffe T6	Griffe_T6	Griffe_T6	8.1.0	OPM2.171019.012	26309	Condor/Griffe_T6/Griffe_T6:8.1.0/OPM2.171019.012/26309:user/release-keys	2018-07-05		
Coolpad	Coolpad		C558	C558	C558	8.1.0	O11019	1544695559	Coolpad/C558/C558:8.1.0/O11019/1544695559:user/release-keys	2018-11-05		
Coolpad	Yulong	Coolpad 3310A	Coolpad 3310A	ventura	ventura	8.1.0	3310A.SPRINT.190213.0S	farmlnj05-1106	Coolpad/ventura/ventura:8.1.0/3310A.SPRINT.190213.0S/farmlnj05-1106:user/release-keys	2019-02-01		
Coolpad	Yulong		cp3705AS	koba	koba	9	3705AS.SPRINT.200921.0S	farmlnj05-2385	Coolpad/koba/koba:9/3705AS.SPRINT.200921.0S/farmlnj05-2385:user/release-keys	2020-09-01		
cube	roco	X5	X5	X5	X5	7.0				2016-11-05		
CUBOT	CUBOT	CUBOT MAGIC	CUBOT R9	CUBOT_R9	CUBOT_R9	7.0	NRD90M	20181115	CUBOT/CUBOT_R9/CUBOT_R9:7.0/NRD90M/20181115:user/release-keys	2018-09-05		
DIGMA	DIGMA	DIGMA CITI 3000 4G CS3001ML	CITI 3000 4G CS3001ML	CS3001ML	CITI_3000_4G	8.1.0	O11019	1520180808	DIGMA/CITI_3000_4G/CS3001ML:8.1.0/O11019/1520180808:user/release-keys	2018-07-05		
DIGMA	DIGMA	DIGMA LINX BASE 4G LT5052ML	Linx Base 4G LT5052ML	LT5052ML	Linx_Base_4G	8.1.0	O11019	20180905	DIGMA/Linx_Base_4G/LT5052ML:8.1.0/O11019/20180905:user/release-keys	2018-08-05		
DIGMA	DIGMA	Digma Plane 1585S 4G PS1502PL	Plane 1585S 4G PS1202PL	PS1202PL	Plane_1585S_4G	8.1.0	OPM2.171019.012	43311	DIGMA/Plane_1585S_4G/PS1202PL:8.1.0/OPM2.171019.012/43311:user/release-keys	2018-10-05		
DIGMA	DIGMA	Plane 8595 3G PS8212PG	Plane 8595 3G PS8212PG	PS8212PG	Plane_8595_3G	9	PPR1.180610.011	22016	DIGMA/Plane_8595_3G/PS8212PG:9/PPR1.180610.011/22016:user/release-keys	2019-04-01		
DIGMA	DIGMA	Vox V40 3G VT4055MG	Vox V40 3G VT4055MG	VT4055MG	Vox_V40_3G	8.1.0	O11019	1537198875	DIGMA/Vox_V40_3G/VT4055MG:8.1.0/O11019/1537198875:user/release-keys	2018-09-05		
DOOGEE	DOOGEE	N10_EEA	N10	Y7	N10	8.1.0	OPM2.171019.012	20190321	DOOGEE/N10/Y7:8.1.0/OPM2.171019.012/20190321:user/release-keys	2019-03-05		
Elephone	Elephone	P8 3D	P8_3D	P8_3D	P8_3D	7.0	NRD90M	20180108.224245	Elephone/P8_3D/P8_3D:7.0/NRD90M/20180108.224245:user/release-keys	2017-11-05		
EVERCOSS	EVERCOSS	S45B	S45B	S45B	S45B	8.1.0	OPM2.171019.012	37610	EVERCOSS/S45B/S45B:8.1.0/OPM2.171019.012/37610:user/release-keys	2018-09-05		
EVERCOSS	EVERCOSS	U6A	U6A	EVERCOSS_U6A	EVERCOSS_U6A	8.1.0	OPM2.171019.012	29421	EVERCOSS/EVERCOSS_U6A/EVERCOSS_U6A:8.1.0/OPM2.171019.012/29421:user/release-keys	2018-05-05		
Fairphone	Fairphone	FP2	FP2	FP2	FP2	10	23.02.0-rel.0	gms-9bba2609	Fairphone/FP2/FP2:10/23.02.0-rel.0/gms-9bba2609:user/release-keys	2023-02-05		
Fairphone	Fairphone	Fairphone3	FP3	FP3	FP3	10	8901.3.A.0054.20200929	09290922	Fairphone/FP3/FP3:10/8901.3.A.0054.20200929/09290922:user/release-keys	2020-10-05		
FIH	FIH	Nokia 2 V	E2M	EVW	E2M_00WW_FIH	9				2019-06-01		
Firefly	Firefly		ITX-3588J	rk3588_firefly_itx_3588j	rk3588_firefly_itx_3588j	12				2021-12-05		
Fly	Fly	Life Compact	Compact	Life_Compact	Compact	7.0	NRD90M	1537250964	Fly/Compact/Life_Compact:7.0/NRD90M/1537250964:user/release-keys	2018-09-05		
Fly	Fly	Life Jet	Life Jet	LifeJet	Lifejet	8.1.0	OPM2.171019.012	20181204	Fly/Lifejet/LifeJet:8.1.0/OPM2.171019.012/20181204:user/release-keys	2018-12-05		
Getac	Getac	ZX10	ZX10	zx10	zx10	12	SKQ1.220713.001	ZX1000005	Getac/zx10/zx10:12/SKQ1.220713.001/ZX1000005:user/release-keys	2023-05-01		
GIONEE	GIONEE	F10	GIONEE F10	F10	F10	9	PPR1.180610.011	94	GIONEE/F10/F10:9/PPR1.180610.011/94:user/release-keys	2019-09-05		
GIONEE	GIONEE	GIONEE GN5006	GIONEE GN5006	GIONEE_BJ17G06	GN5006	7.1.1	NMF26F	1231	GIONEE/GN5006/GIONEE_BJ17G06:7.1.1/NMF26F/1231:user/release-keys	2017-09-05		
GiONEE	GiONEE	GN5001	GN5001	GiONEE_BBL7332	GN5001	5.1	LMY47D	1475033222	GiONEE/GN5001/GiONEE_BBL7332:5.1/LMY47D/1475033222:user/release-keys	2016-09-05		
google	Google	Pixel Watch	Google Pixel Watch	r11btwifi	r11btwifi	11	RWDA.230114.013	9804098	google/r11btwifi/r11btwifi:11/RWDA.230114.013/9804098:user/release-keys	2023-05-05		
google	Google	Pixel Watch	Google Pixel Watch	r11	r11	13	TWD4.231005.002	10752801	google/r11/r11:13/TWD4.231005.002/10752801:user/release-keys	2023-10-05		
google	Google	Google Play Games on PC	HPE device	vsoc_kiwi_x86_64	kiwi_x86_64_dev	12	SKR1.230907.001.A2	10849462	google/kiwi_x86_64_dev/vsoc_kiwi_x86_64:12/SKR1.230907.001.A2/10849462:user/release-keys	2023-01-01		
google	Huawei	Nexus 6P	Nexus 6P	angler	angler	7.0	NRD90U	3155372	google/angler/angler:7.0/NRD90U/3155372:user/release-keys	2016-09-06		
google	Asus	Nexus Player	Nexus Player	fugu	fugu	7.0	NRD91N	3318108	google/fugu/fugu:7.0/NRD91N/3318108:user/release-keys	2016-08-05		
google	Google	Intel Gemini Lake Chromebook	Intel Gemini Lake Chromebook	octopus_cheets	octopus	9	R99-14469.24.0	8165249	google/octopus/octopus_cheets:9/R99-14469.24.0/8165249:user/release-keys	2022-02-05		
google	Google	Pixel	Pixel	sailfish	sailfish	9	PQ3A.190801.002	5670241	google/sailfish/sailfish:9/PQ3A.190801.002/5670241:user/release-keys	2019-08-01		
google	Google	Pixel 2 XL	Pixel 2 XL	taimen	taimen	11	RP1A.201005.004.A1	6934943	google/taimen/taimen:11/RP1A.201005.004.A1/6934943:user/release-keys	2020-10-05		
google	Google	Pixel 3 XL	Pixel 3 XL	crosshatch	crosshatch	10	QQ3A.200805.001	6578210	google/crosshatch/crosshatch:10/QQ3A.200805.001/6578210:user/release-keys	2020-08-05		
google	Google	Pixel 3a	Pixel 3a	sargo	sargo	10	QQ3A.200805.001	6578210	google/sargo/sargo:10/QQ3A.200805.001/6578210:user/release-keys	2020-08-05		
google	Google	Pixel XL	Pixel XL	marlin	marlin	7.1.1	NOF27D	3757586	google/marlin/marlin:7.1.1/NOF27D/3757586:user/release-keys	2016-12-01		
H960	alps		H960	T106	H960	10.0						
Hisense	Hisense	Hisense F12	Hisense F12	F12	F12	7.0						
HONOR	Huawei	荣耀畅玩 6X	BLN-AL10	HWBLN-H	BLN-AL10	8.0.0	HONORBLN-AL10	528(C00)	HONOR/BLN-AL10/HWBLN-H:8.0.0/HONORBLN-AL10/528(C00):user/release-keys	2017-08-05		
Honor	HUAWEI	Che2-L11	Che2-L11	cherryplus	lineage_cherryplus	7.1.2						
HONOR	Huawei	Honor 8X	JSN-L21	HWJSN-H	JSN-L21RU	8.1.0	HONORJSN-L21	101(C10)	HONOR/JSN-L21RU/HWJSN-H:8.1.0/HONORJSN-L21/101(C10):user/release-keys	2018-10-01		
htc	HTC	EXODUS 1	EXODUS 1	htc_exouhl	exouhl_00617	9	PQ2A.190205.003	1109191.2	htc/exouhl_00617/htc_exouhl:9/PQ2A.190205.003/1109191.2:user/release-keys	2020-03-01		
htc	HTC	10	HTC_M10h	htc_pmeuhl	pmeuhl_00709	8.0.0	OPR1.170623.027	1012001.8	htc/pmeuhl_00709/htc_pmeuhl:8.0.0/OPR1.170623.027/1012001.8:user/release-keys	2018-02-01		
HUAWEI	Huawei	Mate 10	ALP-L29	HWALP	ALP-L29	8.0.0	HUAWEIALP-L29S	143(C636)	HUAWEI/ALP-L29/HWALP:8.0.0/HUAWEIALP-L29S/143(C636):user/release-keys	2018-10-01		
HUAWEI	Huawei	P20	EML-L09	HWEML	EML-L09	9	HUAWEIEML-L09	9.1.0.381C109	HUAWEI/EML-L09/HWEML:9/HUAWEIEML-L09/9.1.0.381C109:user/release-keys	2020-01-01		
HYD	JTY	P10	P10	kt096h_p10_hd	kt096h_p10_hd	8.1						
hyd	JTY		T906	kt096h_101	kt096h_101	7.0						
iFit Embedded	Malata		MalataMediatekArgon1	argon	argon	7.0				2019-08-05		
Impression	bnd	ImPAD_P101	ImPAD_P101	ImPAD_P101	ImPAD_P101	8.1.0	O11019	1525700820	Impression/ImPAD_P101/ImPAD_P101:8.1.0/O11019/1525700820:user/release-keys	2018-06-05		
Impression	Impression	ImSmart A401	ImSmart A401	ImSmart_A401	lineage_ImSmart_A401	7.1.2						
Infinix	INFINIX MOBILITY LIMITED	HOT 8	Infinix X650D	Infinix-X650D	H6113	9	PPR1.180610.011	KLN-191228V126	Infinix/H6113/Infinix-X650D:9/PPR1.180610.011/KLN-191228V126:user/release-keys	2020-01-05		
Infinix	INFINIX MOBILITY LIMITED	SMART 5(SMART 6)	Infinix X657B	AGo-32	TSSI	11	RP1A.200720.011	221121V701	Infinix/TSSI/AGo-32:11/RP1A.200720.011/221121V701:user/release-keys	2022-11-05		
Infinix	INFINIX	Infinix HOT 20	Infinix X6826	FULL-64	TSSI	12	SP1A.210812.016	230314V467	Infinix/TSSI/FULL-64:12/SP1A.210812.016/230314V467:user/release-keys	2023-03-05		
Infinix	INFINIX MOBILITY LIMITED	NOTE 7	Infinix X690B	Infinix-X690B	X690B-GL	10	QP1A.190711.020	DE-GL-220215V356	Infinix/X690B-GL/Infinix-X690B:10/QP1A.190711.020/DE-GL-220215V356:user/release-keys	2022-02-05		
INTEX	INTEX	INTEX Aqua Selfie	INTEX AQUA SELFIE	INTEX_AQUA_SELFIE	INTEX_AQUA_SELFIE	7.0	NRD90M	92	INTEX/INTEX_AQUA_SELFIE/INTEX_AQUA_SELFIE:7.0/NRD90M/92:user/release-keys	2017-04-05		
Alldocube	CUBE	iPlay_20	iPlay_20	iPlay_20	iPlay_20	10				2020-02-05		
Jiayu	Jiayu	S3	S3	s3_h560	full_s3_h560	7.1.2	N2G47O	cm05271109	Jiayu/full_s3_h560/s3_h560:7.1.2/N2G47O/cm05271109:user/release-keys	2017-05-05		
JTY	JTY	P10	P10	P10	P10	8.1				2018-01-01		
Kruger_Matz	KM	MOVE_8.1	MOVE_8	MOVE_8	MOVE_8	7.0	NRD90M	20180131.223914	Kruger_Matz/MOVE_8/MOVE_8:7.0/NRD90M/20180131.223914:user/release-keys	2018-12-05		
LAVA	LAVA	LF9810_2GB	LAVA LF9810_2GB	LF9810_2GB	LF9810_2GB	9	PPR1.180610.011	1559940560	LAVA/LF9810_2GB/LF9810_2GB:9/PPR1.180610.011/1559940560:user/release-keys	2019-05-05		
LEMX	alps		LEMX	LEMX	LEMX	7.1.1				2018-05-05		
Lenovo	Lenovo	Lenovo TAB4	701LV	701LV	701LV	7.1.1	NMF26F	701LV_S025_171215	Lenovo/701LV/701LV:7.1.1/NMF26F/701LV_S025_171215:user/release-keys	2017-12-01		
Lenovo	LENOVO			amar_prc_wifi_com	full_amar_prc_wifi_com	10						
Lenovo	LENOVO	Lenovo TAB4 8	Lenovo TB-8504X	TB-8504X	TB-8504X	7.1.1	NMF26F	TB-8504X_USR_S046_171125_Q12000_ROW	Lenovo/TB-8504X/TB-8504X:7.1.1/NMF26F/TB-8504X_USR_S046_171125_Q12000_ROW:user/release-keys	2017-10-01		
Lenovo	LENOVO	Lenovo TAB4 8 Plus	Lenovo TB-8704X	TB-8704X	TB-8704X	7.1.1	NMF26F	TB-8704X_USR_S031_170915_Q1241_ROW	Lenovo/TB-8704X/TB-8704X:7.1.1/NMF26F/TB-8704X_USR_S031_170915_Q1241_ROW:user/release-keys	2017-08-01		
Lenovo	LENOVO	Lenovo Tab M10 (HD)	Lenovo TB-X505F	TB-X505F	TB-X505F	9	PKQ1.181218.001	X505F_S001034_191101_ROW	Lenovo/TB-X505F/TB-X505F:9/PKQ1.181218.001/X505F_S001034_191101_ROW:user/release-keys	2019-10-05		
Lenovo	LENOVO	YOGA BOOK	Lenovo YB1-X90L	yeti	yeti_10_row_lte	7.1.1	NMF26X	LenovoYB1-X90L_S110085_171017	Lenovo/yeti_10_row_lte/yeti:7.1.1/NMF26X/LenovoYB1-X90L_S110085_171017:user/release-keys	2017-08-01		
LENOVO	LENOVO		LenovoCD-24502F	Helios	Helios	10	1.2.2	LenovoCD-24502F_ROW_2106100619	LENOVO/Helios/Helios:10/1.2.2/LenovoCD-24502F_ROW_2106100619:user/release-keys	2020-10-05		
lge	LGE	LG G5	LG-H860	h1	h1_global_com	7.0	NRD90U	1632219290fb1	lge/h1_global_com/h1:7.0/NRD90U/1632219290fb1:user/release-keys	2016-11-01		
lge	LGE	V20	LG-H918	elsa	elsa_tmo_us	8.0.0	OPR1.170623.032	1831917495b33	lge/elsa_tmo_us/elsa:8.0.0/OPR1.170623.032/1831917495b33:user/release-keys	2018-11-01		
lge	LGE	LG Phoenix 2	LG-K371	m1v	m1v_att_us	7.0	NRD90U	182081140767d	lge/m1v_att_us/m1v:7.0/NRD90U/182081140767d:user/release-keys	2018-03-01		
lge	LGE	LG Stylo3	LG-LS777	sf340	sf340_spr_us	7.0	NRD90U	1814912282a4c	lge/sf340_spr_us/sf340:7.0/NRD90U/1814912282a4c:user/release-keys	2018-05-01		
lge	LGE	LG K8	LG-M210	lv3	lv3_tmo_us	7.0	NRD90U	180890840afcc	lge/lv3_tmo_us/lv3:7.0/NRD90U/180890840afcc:user/release-keys	2018-04-01		
lge	LGE	LG K10 (2017)	LG-M250	mlv5	mlv5_global_com	7.0	NRD90U	1735218280d4e	lge/mlv5_global_com/mlv5:7.0/NRD90U/1735218280d4e:user/release-keys	2017-12-01		
lge	LGE	LG X charge	LG-M327	lv7	lv7_crk_us	7.0	NRD90U	1918316218edf	lge/lv7_crk_us/lv7:7.0/NRD90U/1918316218edf:user/release-keys	2019-07-01		
lge	LGE	LG Stylo3	LG-M430	sf317	sf317_crk_us	7.0	NRD90U	1731310116b95	lge/sf317_crk_us/sf317:7.0/NRD90U/1731310116b95:user/release-keys	2017-11-06		
lge	LGE	LG Tribute Dynasty	LG-SP200	mcv150	mcv150_spr_us	7.1.2	N2G47H	182841602aa11	lge/mcv150_spr_us/mcv150:7.1.2/N2G47H/182841602aa11:user/release-keys	2018-10-01		
lge	LGE	V20	LG-US996	elsa	elsa_nao_us	7.0	NRD90M	163401856563e	lge/elsa_nao_us/elsa:7.0/NRD90M/163401856563e:user/release-keys	2016-12-01		
lge	LGE	LG Fiesta 2 LTE	LGL164VL	lv7	lv7_trf_us_vzw_R	7.0	NRD90U	1714512223a22	lge/lv7_trf_us_vzw_R/lv7:7.0/NRD90U/1714512223a22:user/release-keys	2017-05-01		
lge	LGE	LG Fiesta LTE	LGL64VL	lv7	lv7_trf_us_vzw	7.0	NRD90U	170121730f0ff	lge/lv7_trf_us_vzw/lv7:7.0/NRD90U/170121730f0ff:user/release-keys	2017-01-01		
lge	LGE	LG K8 (2017)	LGUS215	lv3	lv3_usc_us	7.0	NRD90U	1731215473ab0	lge/lv3_usc_us/lv3:7.0/NRD90U/1731215473ab0:user/release-keys	2017-11-06		
lge	LGE	LG WING	LM-F100	winglm	winglm	12	SKQ1.211103.001	2220212034ac7	lge/winglm/winglm:12/SKQ1.211103.001/2220212034ac7:user/release-keys	2022-07-01		
lge	LGE	VELVET	LM-G910	caymanslm	caymanslm	12	SKQ1.211103.001	231250317a5f6	lge/caymanslm/caymanslm:12/SKQ1.211103.001/231250317a5f6:user/release-keys	2023-05-01		
lge	LGE	Fortune 2	LM-X210CM	cv1	cv1_crk_us	7.1.2	N2G47H	1829518341f7d	lge/cv1_crk_us/cv1:7.1.2/N2G47H/1829518341f7d:user/release-keys	2018-10-01		
lge	LGE	Fortune 2	LM-X210CMR	cv1	cv1_crk_us	7.1.2	N2G47H	1829518180596	lge/cv1_crk_us/cv1:7.1.2/N2G47H/1829518180596:user/release-keys	2018-10-01		
lge	LGE			mfh505glm	full_mfh505glm	11						
MECOOL	Mecool	KM8	KM8	KM8	KM8	8.0.0	OPR6.170623.013	V0412.201806271453	MECOOL/KM8/KM8:8.0.0/OPR6.170623.013/V0412.201806271453:user/release-keys	2018-05-05		
Meizu	Meizu		M2Note	m2note	lineage_m2note	7.1.2	NJH47F	2c420fff73	Meizu/lineage_m2note/m2note:7.1.2/NJH47F/2c420fff73:user/release-keys	2018-05-05		
Meizu	Meizu	M6s	Meizu M6s	MeizuM6s	MeizuM6s	7.0	NRD90M	1576045571	Meizu/MeizuM6s/MeizuM6s:7.0/NRD90M/1576045571:user/release-keys	2019-11-01		
Meizu	Meizu	PRO 6 Plus	PRO 6 Plus	PRO6Plus	meizu_PRO6Plus	7.0.0	NRD90M	m96.Flyme_7.0.1533805452	Meizu/meizu_PRO6Plus/PRO6Plus:7.0.0/NRD90M/m96.Flyme_7.0.1533805452:user/release-keys	2018-06-05		
Meizu	Meizu	PRO 7 Plus	PRO 7 Plus	PRO7Plus	meizu_PRO7Plus_CN	7.0	NRD90M	1571742948	Meizu/meizu_PRO7Plus_CN/PRO7Plus:7.0/NRD90M/1571742948:user/release-keys	2019-08-01		
MetroPCS	LGE	LG K20 Plus	LGMP260	lv517	lv517_mpcs_us	7.0	NRD90U	1722918501253	MetroPCS/lv517_mpcs_us/lv517:7.0/NRD90U/1722918501253:user/release-keys	2017-08-01		
MetroPCS	LGE	LG Aristo	LGMS210	lv3	lv3_mpcs_us	7.0	NRD90U	170970909e61f	MetroPCS/lv3_mpcs_us/lv3:7.0/NRD90U/170970909e61f:user/release-keys	2017-04-01		
Micromax	Micromax	In_Note1	IN_Note1	E7746	E7746	10	QP1A.190711.020	1620836268	Micromax/E7746/E7746:10/QP1A.190711.020/1620836268:user/release-keys	2021-05-05		
Micromax	Micromax	Spark Go	Micromax Q409A	Q409A	Q409A	8.1.0	OPM2.171019.012	23	Micromax/Q409A/Q409A:8.1.0/OPM2.171019.012/23:user/release-keys	2018-09-05		
Motorola	SDMC	DVM4KA01	DVM4KA01	GMP	4K_AndroidTV_Stick	9	PI	20201106	Motorola/4K_AndroidTV_Stick/GMP:9/PI/20201106:user/release-keys	2020-10-05		
motorola	motorola	moto e(7)	moto e(7)	malta	malta_64	10	QOM30.255-12	a2748	motorola/malta_64/malta:10/QOM30.255-12/a2748:user/release-keys	2020-12-05		
motorola	motorola	Moto E (5) Play	moto e5 play	james	james_t	8.0.0	OCP27.91-150-14	1	motorola/james_t/james:8.0.0/OCP27.91-150-14/1:user/release-keys	2019-09-01		
motorola	motorola	moto e(5) plus	moto e5 plus	hannah	hannah_t	8.0.0	OCPS27.91-150-11-2	3	motorola/hannah_t/hannah:8.0.0/OCPS27.91-150-11-2/3:user/release-keys	2019-11-01		
motorola	Motorola	Moto G (5th Gen)	Moto G (5)	cedric	cedric	7.0	NPPS25.137-15-11	11	motorola/cedric/cedric:7.0/NPPS25.137-15-11/11:user/release-keys	2016-08-05		
motorola	Motorola	Moto G (5S)	Moto G (5S)	montana	montana	8.1.0	OPPS28.65-37-7-11	7f8a6	motorola/montana/montana:8.1.0/OPPS28.65-37-7-11/7f8a6:user/release-keys	2019-08-01		
motorola	motorola	moto g power (2022)	moto g power (2022)	tonga	tonga_g	12	S3RQS32.20-42-10-2	33be1	motorola/tonga_g/tonga:12/S3RQS32.20-42-10-2/33be1:user/release-keys	2022-10-01		
motorola	motorola	moto g power 5G - 2023	moto g power 5G - 2023	devonn	devonn_g_sys	13	T1TO33M.33-45	b36f10	motorola/devonn_g_sys/devonn:13/T1TO33M.33-45/b36f10:user/release-keys	2023-02-01		
motorola	motorola	moto g pro	moto g pro	sofiap_sprout	sofiap_ao	11	RPRS31.Q4U-20-36	f72e82	motorola/sofiap_ao/sofiap_sprout:11/RPRS31.Q4U-20-36/f72e82:user/release-keys	2021-07-01		
motorola	Motorola	moto e6	moto g(6)	ali	ali	9	PPSS29.55-37-7-6	16c5a7	motorola/ali/ali:9/PPSS29.55-37-7-6/16c5a7:user/release-keys	2020-02-01		
motorola	motorola	moto g(6) play	moto g(6) play	jeter	jeter_a	9	PCPS29.118-63-2	e943	motorola/jeter_a/jeter:9/PCPS29.118-63-2/e943:user/release-keys	2019-10-01		
motorola	Motorola	moto g(7)	moto g(7)	river	river	9	PPOS29.114-134-10	ca814	motorola/river/river:9/PPOS29.114-134-10/ca814:user/release-keys	2020-02-01		
motorola	motorola	moto g(8)	moto g(8)	rav	rav_retail	10	QPJ30.53-16	23451	motorola/rav_retail/rav:10/QPJ30.53-16/23451:user/release-keys	2019-12-01		
motorola	motorola	moto g(9) plus	moto g(9) plus	odessa	odessa_retail	11	RPAS31.Q2-59-17-4-5-5	af8e3	motorola/odessa_retail/odessa:11/RPAS31.Q2-59-17-4-5-5/af8e3:user/release-keys	2022-09-01		
motorola	motorola	Moto Z (2) Play	Moto Z2 Play	albus	albus_retail	9	PPS29.133-30	ab8b4	motorola/albus_retail/albus:9/PPS29.133-30/ab8b4:user/release-keys	2019-09-01		
Motorola	Motorola	Moto G Turbo Edition	MotoG3	osprey	lineage_osprey	7.1.2						
motorola	Motorola	moto g 5G	motorola edge	racer	racer_retail	11	RPDS31.Q4U-39-26-4-4	802e72	motorola/racer_retail/racer:11/RPDS31.Q4U-39-26-4-4/802e72:user/release-keys	2021-06-01		
motorola	motorola	motorola edge 2023	motorola edge 2023	aion	aion_g_sys	13	T2TT33M.60-27	6a302a	motorola/aion_g_sys/aion:13/T2TT33M.60-27/6a302a:user/release-keys	2023-07-01		
motorola	motorola	motorola edge 30 neo	motorola edge 30 neo	miami	miami_g	13	T1SSMS33M.1-121-4-1	90f43	motorola/miami_g/miami:13/T1SSMS33M.1-121-4-1/90f43:user/release-keys	2023-07-01		
motorola	motorola	motorola one action	motorola one action	troika_sprout	troika_retail	10	QSBS30.62-17-17-10	169a7	motorola/troika_retail/troika_sprout:10/QSBS30.62-17-17-10/169a7:user/release-keys	2021-07-01		
motorola	motorola	motorola one fusion	motorola one fusion	astro	astro_retail	10	QPL30.62-23-2	f7942	motorola/astro_retail/astro:10/QPL30.62-23-2/f7942:user/release-keys	2020-04-01		
motorola	motorola	Moto X Force	XT1580	kinzie_uds	kinzie_retmx_ds	7.0	NPK25.200-12	11	motorola/kinzie_retmx_ds/kinzie_uds:7.0/NPK25.200-12/11:user/release-keys	2017-04-01		
motorola	motorola	DROID Turbo 2	XT1585	kinzie	kinzie_verizon	7.0	NCK25.118-10	10	motorola/kinzie_verizon/kinzie:7.0/NCK25.118-10/10:user/release-keys	2016-12-01		
motorola	motorola	Motorola M	XT1663	XT1663	kungfu_row	7.0	NRD90M	XT1663_S381_190315_ROW	motorola/kungfu_row/XT1663:7.0/NRD90M/XT1663_S381_190315_ROW:user/release-keys	2018-08-05		
MSOTA	Fortune Ship	Nobby S500	Nobby S500	Nobby_S500	Nobby_S500	8.1.0	OPM2.171019.012	00410	MSOTA/Nobby_S500/Nobby_S500:8.1.0/OPM2.171019.012/00410:user/release-keys	2018-12-05		
Multilaser	Multilaser	MS40G	MS40G	ML-TI-MS40G	MS40G	8.1.0	V15_20191014	main_8	Multilaser/MS40G/ML-TI-MS40G:8.1.0/V15_20191014/main_8:user/release-keys	2019-10-05		
NEC	NEC	LAVIE Tab E 10FHD2	LAVIE Tab E 10FHD2	achilles6_row_wifi	full_achilles6_row_wifi	10	QP1A.190711.020	LAVIETabE10FHD2_USR_S200428_2201110006_V9.56_BMAIN_NEC	NEC/full_achilles6_row_wifi/achilles6_row_wifi:10/QP1A.190711.020/LAVIETabE10FHD2_USR_S200428_2201110006_V9.56_BMAIN_NEC:user/release-keys	2022-01-05		
AGM	alps	AGM A9	AGM A9	K1001P95	K1001P95	10.0						
NextBook	Yifang	NX16A8116KP	NX16A8116KP	NX16A8116KP	NX16A8116KP	7.1.1	N9F27C	V2.0.6	NextBook/NX16A8116KP/NX16A8116KP:7.1.1/N9F27C/V2.0.6:user/release-keys	2017-08-01		
Nokia	HMD Global	Nokia 2.4	Nokia 2.4	WVR_sprout	Wolverine_00WW	12	SP1A.210812.016	00WW_3_210	Nokia/Wolverine_00WW/WVR_sprout:12/SP1A.210812.016/00WW_3_210:user/release-keys	2022-04-05		
Nokia	HMD Global	Nokia 4.2	Nokia 4.2	PAN_sprout	Panther_00WW	9	PKQ1.190202.001	00WW_1_41B	Nokia/Panther_00WW/PAN_sprout:9/PKQ1.190202.001/00WW_1_41B:user/release-keys	2019-10-05		
Nokia	HMD Global	Nokia 7.2	Nokia 7.2	DDV_sprout	Daredevil_00WW	9	PKQ1.190118.001	00WW_1_400	Nokia/Daredevil_00WW/DDV_sprout:9/PKQ1.190118.001/00WW_1_400:user/release-keys	2020-01-05		
Nokia	HMD Global	Nokia X100	Nokia X100	DM5	Deadmau5_04US	11	RKQ1.210528.001	04US_1_650	Nokia/Deadmau5_04US/DM5:11/RKQ1.210528.001/04US_1_650:user/release-keys	2023-07-05		
Nokia	HMD Global	Nokia X30 5G	Nokia X30 5G	FCN_sprout	Falcon_00WW	13	TKQ1.220807.001	00WW_2_220	Nokia/Falcon_00WW/FCN_sprout:13/TKQ1.220807.001/00WW_2_220:user/release-keys	2023-03-05		
Nomi	Nomi	Nomi_Corsa 4 light 3G	Nomi_C070014L	Nomi_C070014L	Nomi_C070014L	8.1.0	O11019	1533822455	Nomi/Nomi_C070014L/Nomi_C070014L:8.1.0/O11019/1533822455:user/release-keys	2018-07-05		
nubia	ZTE	NX563J	NX563J	NX563J	NX563J	7.1.1	NMF26X	eng.nubia.20171019.101529	nubia/NX563J/NX563J:7.1.1/NMF26X/eng.nubia.20171019.101529:user/release-keys	2016-12-01		
nubia	nubia		NX611J	NX611J	NX611J	8.1.0	OPM1.171019.011	nubia.20180624.201531	nubia/NX611J/NX611J:8.1.0/OPM1.171019.011/nubia.20180624.201531:user/release-keys	2018-02-05		
nubia	nubia		NX616J	NX616J	NX616J	9	PKQ1.180929.001	eng.nubia.20190328.222448	nubia/NX616J/NX616J:9/PKQ1.180929.001/eng.nubia.20190328.222448:user/release-keys	2018-11-05		
nubia	nubia	NX619J	NX619J	NX619J-EEA	NX619J-EEA	9	PKQ1.180929.001	eng.nubia.20190929.101618	nubia/NX619J-EEA/NX619J-EEA:9/PKQ1.180929.001/eng.nubia.20190929.101618:user/release-keys	2019-08-05		
OnePlus	OnePlus	OnePlus Nord N100	BE2015	OnePlusN100METRO	OnePlusN100METRO	11	RKQ1.201217.002	2108131649	OnePlus/OnePlusN100METRO/OnePlusN100METRO:11/RKQ1.201217.002/2108131649:user/release-keys	2021-08-01		
OnePlus	OnePlus	OnePlus Nord N10 5G	BE2025	OnePlusN10METRO	OnePlusN10METRO	11	RKQ1.201217.002	2108030048	OnePlus/OnePlusN10METRO/OnePlusN10METRO:11/RKQ1.201217.002/2108030048:user/release-keys	2021-08-01		
OnePlus	OnePlus	OnePlus Nord N10 5G	BE2026	OnePlusN10	OnePlusN10	11	RKQ1.201217.002	2109301843	OnePlus/OnePlusN10/OnePlusN10:11/RKQ1.201217.002/2109301843:user/release-keys	2021-10-01		
OnePlus	OnePlus	OnePlus Nord CE 5G	EB2103	OnePlusNordCE	OnePlusNordCE_EEA	11	RKQ1.201217.002	2109152207	OnePlus/OnePlusNordCE_EEA/OnePlusNordCE:11/RKQ1.201217.002/2109152207:user/release-keys	2021-09-01		
OnePlus	OnePlus	OnePlus 7	GM1905	OnePlus7	OnePlus7	9	PKQ1.190110.001	1907280700	OnePlus/OnePlus7/OnePlus7:9/PKQ1.190110.001/1907280700:user/release-keys	2019-08-01		
OnePlus	OnePlus	OnePlus 7 Pro	GM1913	OnePlus7Pro	OnePlus7Pro_EEA	10	QKQ1.190716.003	2101272339	OnePlus/OnePlus7Pro_EEA/OnePlus7Pro:10/QKQ1.190716.003/2101272339:user/release-keys	2021-01-01		
OnePlus	OnePlus	OnePlus 7 Pro	GM1915	OnePlus7ProTMO	OnePlus7ProTMO	10	QKQ1.190716.003	2012102113	OnePlus/OnePlus7ProTMO/OnePlus7ProTMO:10/QKQ1.190716.003/2012102113:user/release-keys	2020-12-01		
OnePlus	OnePlus	OnePlus 7 Pro	GM1917	OnePlus7Pro	OnePlus7Pro	9	PKQ1.190110.001	1907281556	OnePlus/OnePlus7Pro/OnePlus7Pro:9/PKQ1.190110.001/1907281556:user/release-keys	2019-08-01		
OnePlus	OnePlus	OnePlus 7T	HD1905	OnePlus7T	OnePlus7T	11	RKQ1.201022.002	2110211506	OnePlus/OnePlus7T/OnePlus7T:11/RKQ1.201022.002/2110211506:user/release-keys	2021-10-01		
OnePlus	OnePlus	OnePlus 7T Pro	HD1917	OnePlus7TPro	OnePlus7TPro	11	RKQ1.201022.002	2110211612	OnePlus/OnePlus7TPro/OnePlus7TPro:11/RKQ1.201022.002/2110211612:user/release-keys	2021-10-01		
oplus	oplus			ossi	ossi	12	SKQ1.211019.001	1663073652574	oplus/ossi/ossi:12/SKQ1.211019.001/1663073652574:user/release-keys	2022-09-05		
OUKITEL	wheatek	C17 Pro	C17 Pro	C17_Pro	C17_Pro_EEA	9	P00610	1566960731	OUKITEL/C17_Pro_EEA/C17_Pro:9/P00610/1566960731:user/release-keys	2019-08-05		
Panasonic	PANASONIC	ELUGA Z1	ELUGA Z1	ELUGA_Z1	ELUGA_Z1	8.1.0	O11019	1536172036	Panasonic/ELUGA_Z1/ELUGA_Z1:8.1.0/O11019/1536172036:user/release-keys	2018-08-05		
Philips	Philips	Philips X598	Philips X598	Philips_X598	Philips_X598	7.0	NRD90M	1512454531	Philips/Philips_X598/Philips_X598:7.0/NRD90M/1512454531:user/release-keys	2017-11-05		
POCO	POCO	POCO F3	M2012K11AG	alioth	alioth_global	11	RKQ1.200826.002	V12.5.2.0.RKHMIXM	POCO/alioth_global/alioth:11/RKQ1.200826.002/V12.5.2.0.RKHMIXM:user/release-keys	2021-05-01		
Polestar	VolvoCars	Polestar Emu	Polestar 2	ihu_emulator	ihu_emulator_ps_car	9	PAG1.200504.001	tpratt06220048	Polestar/ihu_emulator_ps_car/ihu_emulator:9/PAG1.200504.001/tpratt06220048:user/release-keys	2020-06-01		
Prestigio	Prestigio	Prestigio Muze 3708 3G	PMT3708_3G	CF80A2G	PMT3708_3G	7.0	NRD90M	1502745764	Prestigio/PMT3708_3G/CF80A2G:7.0/NRD90M/1502745764:user/release-keys	2017-08-05		
QMX	apls		A8s	A8s	A8s	8.1				2017-03-05		
razer	Razer	Razer phone	Phone	cheryl_ckh	cheryl	9	P-MR2-RC001-CKH-N	7087	razer/cheryl/cheryl_ckh:9/P-MR2-RC001-CKH-N/7087:user/release-keys	2019-11-05		
RCA	RCA	RCT6973W43R	RCT6973W43R	RCT6973W43R	RCT6973W43R	7.1.2	NHG47K	user.hxd.20180308.200054	RCA/RCT6973W43R/RCT6973W43R:7.1.2/NHG47K/user.hxd.20180308.200054:user/release-keys	2018-03-01		
Redmi	Xiaomi	Redmi 9A	M2006C3LG	dandelion	dandelion_global	10	QP1A.190711.020	V12.0.3.0.QCDMIXM	Redmi/dandelion_global/dandelion:10/QP1A.190711.020/V12.0.3.0.QCDMIXM:user/release-keys	2020-07-01		
Redmi	Xiaomi	Redmi 9C	M2006C3MG	angelica	angelica_global	10	QP1A.190711.020	V12.0.4.0.QCRMIXM	Redmi/angelica_global/angelica:10/QP1A.190711.020/V12.0.4.0.QCRMIXM:user/release-keys	2020-08-01		
Redmi	Xiaomi	Redmi Note 9	M2007J22C	cannon	cannon	11	RP1A.200720.011	21.10.20	Redmi/cannon/cannon:11/RP1A.200720.011/21.10.20:user/release-keys	2021-10-01		
Redmi	Redmi	Redmi K30S Ultra	M2007J3SC	apollo	apollo	10	QKQ1.200419.002	V12.0.3.0.QJDCNXM	Redmi/apollo/apollo:10/QKQ1.200419.002/V12.0.3.0.QJDCNXM:user/release-keys	2020-09-01		
rockchip	rockchip		homeTreadmill	rk3368	rk3368	9	PI	000304	rockchip/rk3368/rk3368:9/PI/000304:user/release-keys	2019-11-05		
samsung	samsung	Galaxy J3(2016)	SAMSUNG-SM-J320A	j3xlteatt	j3xlteuc	7.1.1	NMF26X	J320AUCS3BQL2	samsung/j3xlteuc/j3xlteatt:7.1.1/NMF26X/J320AUCS3BQL2:user/release-keys	2017-12-01		
samsung	samsung	Galaxy A10s	SM-A107F	a10s	a10sxx	9	PPR1.180610.011	A107FXXU4ASL1	samsung/a10sxx/a10s:9/PPR1.180610.011/A107FXXU4ASL1:user/release-keys	2019-12-01		
samsung	samsung	Galaxy Jean2	SM-A202K	a20e	a20ektt	11	RP1A.200720.012	A202KKKS8CWA1	samsung/a20ektt/a20e:11/RP1A.200720.012/A202KKKS8CWA1:user/release-keys	2023-01-01		
samsung	samsung	Galaxy A3(2016)	SM-A310F	a3xelte	a3xeltexx	7.0	NRD90M	A310FXXU4CRG2	samsung/a3xeltexx/a3xelte:7.0/NRD90M/A310FXXU4CRG2:user/release-keys	2018-06-01		
samsung	samsung	Galaxy A3(2017)	SM-A320F	a3y17lte	a3y17ltexx	8.0.0	R16NW	A320FXXS7CTI1	samsung/a3y17ltexx/a3y17lte:8.0.0/R16NW/A320FXXS7CTI1:user/release-keys	2020-09-01		
samsung	samsung	Galaxy A3(2017)	SM-A320FL	a3y17lte	a3y17ltexc	7.0	NRD90M	A320FLXXS2BRAA	samsung/a3y17ltexc/a3y17lte:7.0/NRD90M/A320FLXXS2BRAA:user/release-keys	2018-01-01		
samsung	samsung	Galaxy A50s	SM-A507FN	a50s	a50sxx	11	RP1A.200720.012	A507FNXXS7DWD1	samsung/a50sxx/a50s:11/RP1A.200720.012/A507FNXXS7DWD1:user/release-keys	2023-05-01		
samsung	samsung	Galaxy A5(2016)	SM-A510F	a5xelte	a5xeltexx	7.0	NRD90M	A510FXXU6CRH2	samsung/a5xeltexx/a5xelte:7.0/NRD90M/A510FXXU6CRH2:user/release-keys	2018-08-01		
samsung	Samsung	Galaxy A52	SM-A525F	a52q	a52qnsxx	11	RP1A.200720.012	A525FXXU2AUF3	samsung/a52qnsxx/a52q:11/RP1A.200720.012/A525FXXU2AUF3:user/release-keys	2021-06-01		
samsung	samsung	Galaxy Quantum4	SM-A546S	essi	a54xskt	13	TP1A.220624.014	A546SKSU1AWE2	samsung/a54xskt/essi:13/TP1A.220624.014/A546SKSU1AWE2:user/release-keys	2023-06-01		
samsung	samsung	Galaxy A6+	SM-A605FN	a6plte	a6pltexx	9	PPR1.180610.011	A605FNXXU3BSC6	samsung/a6pltexx/a6plte:9/PPR1.180610.011/A605FNXXU3BSC6:user/release-keys	2019-03-01		
samsung	samsung	Galaxy A71	SM-A715F	a71	a71naxx	10	QP1A.190711.020	A715FXXU3ATK1	samsung/a71naxx/a71:10/QP1A.190711.020/A715FXXU3ATK1:user/release-keys	2020-11-01		
samsung	samsung	Galaxy A90 5G	SM-A908B	r3q	r3qxx	9	PPR1.180610.011	A908BXXU2ASK5	samsung/r3qxx/r3q:9/PPR1.180610.011/A908BXXU2ASK5:user/release-keys	2019-11-01		
samsung	samsung	Galaxy A90 5G	SM-A908B	qssi	r3qxx	12	SP1A.210812.016	A908BXXU9EWF1	samsung/r3qxx/qssi:12/SP1A.210812.016/A908BXXU9EWF1:user/release-keys	2023-06-01		
samsung	samsung	Galaxy A9 Pro	SM-A910F	a9xproltesea	a9xproltedx	7.0	NRD90M	A910FXXU1BRA2	samsung/a9xproltedx/a9xproltesea:7.0/NRD90M/A910FXXU1BRA2:user/release-keys	2017-08-01		
samsung	samsung	Galaxy J5 Prime	SM-G570F	on5xelte	on5xeltejv	7.0	NRD90M	G570FXXU1BQI9	samsung/on5xeltejv/on5xelte:7.0/NRD90M/G570FXXU1BQI9:user/release-keys	2017-08-01		
samsung	samsung	Galaxy J5 Prime	SM-G570Y	on5xelte	on5xeltedx	7.0	NRD90M	G570YDXU2BRC1	samsung/on5xeltedx/on5xelte:7.0/NRD90M/G570YDXU2BRC1:user/release-keys	2018-03-01		
samsung	samsung	Galaxy S20 FE	SM-G780F	essi	r8sxx	13	TP1A.220624.014	G780FXXUAFWB6	samsung/r8sxx/essi:13/TP1A.220624.014/G780FXXUAFWB6:user/release-keys	2023-02-01		
samsung	samsung	Galaxy S7	SM-G930U	heroqlteue	heroqlteue	7.0	NRD90M	G930UUEU4BQE2	samsung/heroqlteue/heroqlteue:7.0/NRD90M/G930UUEU4BQE2:user/release-keys	2017-05-01		
samsung	samsung	Galaxy S8	SM-G9500	dreamqltechn	dreamqltezc	7.0	NRD90M	G9500ZCU1AQH6	samsung/dreamqltezc/dreamqltechn:7.0/NRD90M/G9500ZCU1AQH6:user/release-keys	2017-08-01		
samsung	samsung	Galaxy S8	SM-G950F	dreamlte	dreamltexx	7.0	NRD90M	G950FXXU1AQL5	samsung/dreamltexx/dreamlte:7.0/NRD90M/G950FXXU1AQL5:user/release-keys	2017-12-01		
samsung	samsung	Galaxy S8	SM-G950U	dreamqltesq	dreamqltesq	7.0	NRD90M	G950USQU1AQDE	samsung/dreamqltesq/dreamqltesq:7.0/NRD90M/G950USQU1AQDE:user/release-keys	2017-04-01		
samsung	samsung	Galaxy S9+	SM-G9650	star2qltechn	star2qltezh	10	QP1A.190711.020	G9650ZHS7FUA1	samsung/star2qltezh/star2qltechn:10/QP1A.190711.020/G9650ZHS7FUA1:user/release-keys	2021-01-01		
samsung	samsung	Galaxy S10+	SM-G975F	beyond2	beyond2ltexx	10	QP1A.190711.020	G975FXXS4BTB3	samsung/beyond2ltexx/beyond2:10/QP1A.190711.020/G975FXXS4BTB3:user/release-keys	2020-03-01		
samsung	samsung	Galaxy S20+	SM-G985F	essi	y2sxx	13	TP1A.220624.014	G985FXXSFHWB1	samsung/y2sxx/essi:13/TP1A.220624.014/G985FXXSFHWB1:user/release-keys	2023-03-01		
samsung	samsung	Galaxy J3	SM-J327R7	j3poplteacg	j3poplteacg	7.0	NRD90M	J327R7WWS4ARF2	samsung/j3poplteacg/j3poplteacg:7.0/NRD90M/J327R7WWS4ARF2:user/release-keys	2018-06-01		
samsung	samsung	Galaxy J4 Core	SM-J410F	j4corelte	j4coreltejx	8.1.0	M1AJB	J410FXXS2ASI2	samsung/j4coreltejx/j4corelte:8.1.0/M1AJB/J410FXXS2ASI2:user/release-keys	2019-09-01		
samsung	samsung	Galaxy J5(2016)	SM-J510H	j5x3g	j5x3gjv	7.1.1	NMF26X	J510HXXU2BRG1	samsung/j5x3gjv/j5x3g:7.1.1/NMF26X/J510HXXU2BRG1:user/release-keys	2018-07-01		
samsung	samsung	Galaxy J6+	SM-J610G	j6primelte	j6primelteub	10	QP1A.190711.020	J610GUBU4CTI1	samsung/j6primelteub/j6primelte:10/QP1A.190711.020/J610GUBU4CTI1:user/release-keys	2020-08-01		
samsung	samsung	Galaxy J7 Neo	SM-J701F	j7velte	j7veltedx	9	PPR1.180610.011	J701FDDU8CSK4	samsung/j7veltedx/j7velte:9/PPR1.180610.011/J701FDDU8CSK4:user/release-keys	2019-11-01		
samsung	samsung	Galaxy On8	SM-J710FN	on7xreflte	on7xrefltedd	7.1.1				2017-08-01		
samsung	samsung	Galaxy J7(2016)	SM-J710MN	j7xelte	j7xelteub	7.0	NRD90M	J710MNVJU4BRB2	samsung/j7xelteub/j7xelte:7.0/NRD90M/J710MNVJU4BRB2:user/release-keys	2018-01-01		
samsung	samsung	Galaxy M32	SM-M325F	m32	m32dd	11	RP1A.200720.012	M325FXXU3AUK1	samsung/m32dd/m32:11/RP1A.200720.012/M325FXXU3AUK1:user/release-keys	2021-11-01		
samsung	samsung	Galaxy Note5	SM-N920T	nobleltetmo	nobleltetmo	7.0	NRD90M	N920TUVU4EQG3	samsung/nobleltetmo/nobleltetmo:7.0/NRD90M/N920TUVU4EQG3:user/release-keys	2017-07-01		
samsung	samsung	Galaxy Note8	SM-N950F	greatlte	greatltexx	7.1.1	NMF26X	N950FXXU3BRA8	samsung/greatltexx/greatlte:7.1.1/NMF26X/N950FXXU3BRA8:user/release-keys	2018-01-01		
samsung	samsung	Galaxy Tab S6 Lite	SM-P610	gta4xlwifi	gta4xlwifixx	10	QP1A.190711.020	P610XXU2BTK2	samsung/gta4xlwifixx/gta4xlwifi:10/QP1A.190711.020/P610XXU2BTK2:user/release-keys	2020-12-01		
samsung	samsung	Galaxy Tab S6 Lite	SM-P613	qssi	gta4xlvewifixx	12	SP2A.220305.013	P613XXS1AVJ5	samsung/gta4xlvewifixx/qssi:12/SP2A.220305.013/P613XXS1AVJ5:user/release-keys	2022-10-01		
samsung	samsung	Galaxy Tab A (2017)	SM-T385	gta2slte	gta2sltedv	7.1.1	NMF26X	T385DVU1ARF1	samsung/gta2sltedv/gta2slte:7.1.1/NMF26X/T385DVU1ARF1:user/release-keys	2018-05-01		
samsung	samsung	Galaxy Tab A (2018, 10.5)	SM-T595	gta2xllte	gta2xllteub	9	PPR1.180610.011	T595UBU4BSK1	samsung/gta2xllteub/gta2xllte:9/PPR1.180610.011/T595UBU4BSK1:user/release-keys	2019-11-01		
samsung	samsung	Galaxy Tab S2 8.0	SM-T710	gts28wifi	gts28wifixx	7.0	NRD90M	T710XXU2DRB1	samsung/gts28wifixx/gts28wifi:7.0/NRD90M/T710XXU2DRB1:user/release-keys	2018-01-01		
samsung	samsung	Galaxy Tab S2 8.0	SM-T713	gts28vewifi	gts28vewifixx	7.0	NRD90M	T713XXU2BQD3	samsung/gts28vewifixx/gts28vewifi:7.0/NRD90M/T713XXU2BQD3:user/release-keys	2017-04-01		
Sceptre	HKC	VIVAX	4K Smart TV	gangbyeon	Sceptre_4K_ATV_US	9	PTO5.210108.001	7070405	Sceptre/Sceptre_4K_ATV_US/gangbyeon:9/PTO5.210108.001/7070405:user/release-keys	2020-12-05		
Simbans	emdoor	PicassoTab_9	PicassoTab_9	PicassoTab_9	PicassoTab_9	9	PPR1.180610.011	1572501771	Simbans/PicassoTab_9/PicassoTab_9:9/PPR1.180610.011/1572501771:user/release-keys	2019-10-05		
Sony	Sony	Xperia XZ	F8331	kagura	kagura	7.0	TONE-2.1.0-161121-0615	1	Sony/kagura/kagura:7.0/TONE-2.1.0-161121-0615/1:user/dev-keys	2016-11-01		
Sony	Sony	Xperia XZ1 Compact	G8441	G8441	G8441	9	47.2.A.11.228	3311891731	Sony/G8441/G8441:9/47.2.A.11.228/3311891731:user/release-keys	2019-09-01		
Sony	Sony			qssi	qssi	13	TKQ1.220807.001	1	Sony/qssi/qssi:13/TKQ1.220807.001/1:user/release-keys	2022-11-01		
Sony	Sony	Xperia Z4 Tablet	SGP771	SGP771	SGP771	7.1.1	32.4.A.1.54	219395100	Sony/SGP771/SGP771:7.1.1/32.4.A.1.54/219395100:user/release-keys	2016-12-01		
STREAM	magcomm	S9	S9	Everest	Everest	8.1.0	O11019	1543055299	STREAM/Everest/Everest:8.1.0/O11019/1543055299:user/release-keys	2018-10-05		
surface	microsoft	Surface Duo Emulator API 29	Surface Duo Emulator API 29	duo_emulator	duo_emulator	10						
Symphony	Symphony	E90	E90	E90	E90	8.1.0	OPM2.171019.012	32611	Symphony/E90/E90:8.1.0/OPM2.171019.012/32611:user/release-keys	2018-08-05		
T118	JTY	T118	T118	KT107	KT107	7.0				2018-01-01		
TCL	ALCATEL	Alcatel Raven LTE	A574BL	BUZZ6T4GTFUMTS	A574BL	7.1.1	NMF26F	vG5M	TCL/A574BL/BUZZ6T4GTFUMTS:7.1.1/NMF26F/vG5M:user/release-keys	2018-09-05		
TCL	TCL	Alcatel_5085C	Alcatel 5085C	elsa6_na	Alcatel_5085C	7.0	NRD90M	v4F7V-0	TCL/Alcatel_5085C/elsa6_na:7.0/NRD90M/v4F7V-0:user/release-keys	2018-02-05		
TECNO	TECNO MOBILE LIMITED	TECNO LB8	TECNO LB8	TECNO-LB8	H6110	9	PPR1.180610.011	ABC-190628V167	TECNO/H6110/TECNO-LB8:9/PPR1.180610.011/ABC-190628V167:user/release-keys	2019-06-05		
Tencent	Tencent	virtual machine 2	virtual machine 2	virtual machine 2	virtual machine 2	7.1.2				2017-08-05		
Things	Google			msm8x53_som	iot_msm8x53_som	8.1.0	OIM6.190107.031	5459842	Things/iot_msm8x53_som/msm8x53_som:8.1.0/OIM6.190107.031/5459842:user/release-keys	2019-02-05		
Ulefone	Ulefone	Power_6_EEA	Power_6	Power_6	Power_6	9	PPR1.180610.011	1558318996	Ulefone/Power_6/Power_6:9/PPR1.180610.011/1558318996:user/release-keys	2019-05-05		
UMIDIGI	UMIDIGI	S2 LITE	S2 LITE	S2 LITE	S2 LITE	7.0				2017-10-05		
Vertex	AGM	AGM A8	AGM A8	Grip	Grip	7.1.2	HW1.R1.V09	22	Vertex/Grip/Grip:7.1.2/HW1.R1.V09/22:user/release-keys	2018-03-01		
Vertex	Vertex	Impress Luck	Impress_Luck	Impress_Luck	Impress_Luck	7.0				2017-08-05		
VOTO	VOTO	VOTO V2	VOTO V2	VOTO_V2	VOTO V2	7.0				2017-09-05		
Wileyfox	Wileyfox	Storm	Wileyfox Storm	kipper	Storm	7.1						
Xiaomi	Xiaomi	Redmi Note 3	Kenzo	kenzo	kenzo	7.0	NRD90M	8.9.19	Xiaomi/kenzo/kenzo:7.0/NRD90M/8.9.19:user/release-keys	2018-07-01		
Xiaomi	Xiaomi	Mi 10 lite 5G	M2002J9G	monet	monet_global	11	RKQ1.200826.002	V12.5.3.0.RJITWXM	Xiaomi/monet_global/monet:11/RKQ1.200826.002/V12.5.3.0.RJITWXM:user/release-keys	2021-07-01		
Xiaomi	Xiaomi	Mi 10T	M2007J3SY	apollo	apollo_eea	10	QKQ1.200419.002	V12.0.13.0.QJDEUXM	Xiaomi/apollo_eea/apollo:10/QKQ1.200419.002/V12.0.13.0.QJDEUXM:user/release-keys	2020-11-01		
Xiaomi	Xiaomi	STYLO MAX	Max	helium	helium	7.0	NRD90M	V8.5.1.0.NBDMIED	Xiaomi/helium/helium:7.0/NRD90M/V8.5.1.0.NBDMIED:user/release-keys	2017-05-01		
Xiaomi	Xiaomi	MAX2	Max2	oxygen	oxygen	7.1.1	NMF26F	V11.0.2.0.NDDCNXM	Xiaomi/oxygen/oxygen:7.1.1/NMF26F/V11.0.2.0.NDDCNXM:user/release-keys	2019-03-01		
Xiaomi	Xiaomi	Mi 5s	MI 5s	capricorn	capricorn	7.0	NRD90M	V9.6.1.0.NAGMIFD	Xiaomi/capricorn/capricorn:7.0/NRD90M/V9.6.1.0.NAGMIFD:user/release-keys	2018-05-01		
Xiaomi	Xiaomi	MI 8	MI 8	dipper	dipper	10	QKQ1.190828.002	9.10.10	Xiaomi/dipper/dipper:10/QKQ1.190828.002/9.10.10:user/release-keys	2019-09-05		
Xiaomi	Xiaomi	MI 8 Lite	MI 8 Lite	platina	platina	10	QKQ1.190910.002	V12.0.3.0.QDTMIXM	Xiaomi/platina/platina:10/QKQ1.190910.002/V12.0.3.0.QDTMIXM:user/release-keys	2020-08-01		
Xiaomi	Xiaomi	MI 8 UD	Mi 8 Pro	equuleus	equuleus_ru	10	QKQ1.190828.002	V11.0.3.0.QECRUXM	Xiaomi/equuleus_ru/equuleus:10/QKQ1.190828.002/V11.0.3.0.QECRUXM:user/release-keys	2020-04-01		
xiaomi	Xiaomi	Mi A2 Lite	Mi A2 Lite	daisy_sprout	daisy	8.1.0	OPM1.171019.019	V9.6.11.0.ODLMIFF	xiaomi/daisy/daisy_sprout:8.1.0/OPM1.171019.019/V9.6.11.0.ODLMIFF:user/release-keys	2018-11-01		
Xiaomi	Xiaomi	Mi A3	Mi A3	laurel_sprout	laurel_sprout	11	RKQ1.200903.002	V12.0.22.0.RFQMIXM	Xiaomi/laurel_sprout/laurel_sprout:11/RKQ1.200903.002/V12.0.22.0.RFQMIXM:user/release-keys	2021-11-05	trinket	trinket
Xiaomi	Xiaomi	MIX 2S	Mi MIX 2S	polaris	polaris	9	PKQ1.180729.001	V10.3.3.0.PDGMIXM	Xiaomi/polaris/polaris:9/PKQ1.180729.001/V10.3.3.0.PDGMIXM:user/release-keys	2019-05-01		
Xiaomi	Xiaomi	Mi Note2	Mi Note 2	scorpio	scorpio	8.0.0	OPR1.170623.032	V9.6.1.0.OADCNFD	Xiaomi/scorpio/scorpio:8.0.0/OPR1.170623.032/V9.6.1.0.OADCNFD:user/release-keys	2017-08-05		
Xiaomi	Xiaomi	MI Note 3	Mi Note 3	jason	jason	8.1.0	OPM1.171019.019	V10.2.2.0.OCHMIXM	Xiaomi/jason/jason:8.1.0/OPM1.171019.019/V10.2.2.0.OCHMIXM:user/release-keys	2018-12-01		
Xiaomi	Xiaomi			missi	missi	13	TP1A.220624.014	V14.0.1.0.TMMCNXM	Xiaomi/missi/missi:13/TP1A.220624.014/V14.0.1.0.TMMCNXM:user/release-keys	2023-04-01		
xiaomi	Xiaomi	Redmi 5 Plus	Redmi 5 Plus	vince	vince	7.1.2	N2G47H	V9.5.11.0.NEGMIFA	xiaomi/vince/vince:7.1.2/N2G47H/V9.5.11.0.NEGMIFA:user/release-keys	2018-04-01		
xiaomi	Xiaomi	Redmi 6	Redmi 6	cereus	cereus	8.1.0	O11019	V10.3.3.0.OCGMIXM	xiaomi/cereus/cereus:8.1.0/O11019/V10.3.3.0.OCGMIXM:user/release-keys	2019-05-01		
xiaomi	Xiaomi	Redmi 6A	Redmi 6A	cactus	cactus	9	PPR1.180610.011	V11.0.7.0.PCBMIXM	xiaomi/cactus/cactus:9/PPR1.180610.011/V11.0.7.0.PCBMIXM:user/release-keys	2020-03-01		
xiaomi	Xiaomi	Redmi 7	Redmi 7	onc	onc	10	QKQ1.191008.001	V12.5.3.0.QFLCNXM	xiaomi/onc/onc:10/QKQ1.191008.001/V12.5.3.0.QFLCNXM:user/release-keys	2021-10-01		
Xiaomi	Xiaomi	Redmi 7A	Redmi 7A	pine	pine	10	QKQ1.191014.001	V11.0.3.0.QCMMIXM	Xiaomi/pine/pine:10/QKQ1.191014.001/V11.0.3.0.QCMMIXM:user/release-keys	2020-07-01		
Xiaomi	Xiaomi	Redmi 8	Redmi 8	olive	olive	9	PKQ1.190319.001	V11.0.7.0.PCNCNXM	Xiaomi/olive/olive:9/PKQ1.190319.001/V11.0.7.0.PCNCNXM:user/release-keys	2019-12-01		
Xiaomi	Xiaomi	Redmi K20 Pro	Redmi K20 Pro	raphael	raphael	10	QKQ1.190825.002	V11.0.1.0.QFKMIXM	Xiaomi/raphael/raphael:10/QKQ1.190825.002/V11.0.1.0.QFKMIXM:user/release-keys	2019-10-01		
xiaomi	Xiaomi	Redmi Note 4	Redmi Note 4X	mido	mido	6.0.1	MMB29M	V8.5.7.0.MCFCNED	xiaomi/mido/mido:6.0.1/MMB29M/V8.5.7.0.MCFCNED:user/release-keys			
Xiaomi	Xiaomi			song	song	7.1.2				2019-04-01		
ZL10	alps		ZL10	ZL10	ZL10	7.0						
ZTE	ZTE	Blade Force	N9517	warp8	ZTE_WARP8	7.1.1	NMF26V	20181018.111136	ZTE/ZTE_WARP8/warp8:7.1.1/NMF26V/20181018.111136:user/release-keys	2018-10-01		
ZTE	ZTE	sapphire lte	Z3001S	sapphire4g	ZTE_SAPPHIRELTE	7.1.1	NMF26V	20191209.111413	ZTE/ZTE_SAPPHIRELTE/sapphire4g:7.1.1/NMF26V/20191209.111413:user/release-keys	2019-12-01		
ZTE	ZTE	Z5151V	Z5151V	Z5151	VSBL_Z5151V	8.1.0	OPM1.171019.026	20190514.155559	ZTE/VSBL_Z5151V/Z5151:8.1.0/OPM1.171019.026/20190514.155559:user/release-keys	2019-05-01		
ZTE	ZTE	ZTE ZFive C LTE	Z558VL	loft	Z558VL	7.1.1	NMF26V	20190426.161535	ZTE/Z558VL/loft:7.1.1/NMF26V/20190426.161535:user/release-keys	2019-05-01		
ZTE	ZTE	Z6530V	Z6530V	Z6530	VSBL_Z6530V	9	PPR1.180610.011	20190924.105452	ZTE/VSBL_Z6530V/Z6530:9/PPR1.180610.011/20190924.105452:user/release-keys	2019-09-05		
ZTE	ZTE	Z839	Z839	sweet	Z839	7.1.1	NMF26V	20190620.173333	ZTE/Z839/sweet:7.1.1/NMF26V/20190620.173333:user/release-keys	2019-07-01		
ZTE	ZTE	ZTE AVID 4	Z855	calbee	Z855	7.1.1	NMF26V	20180806.011537	ZTE/Z855/calbee:7.1.1/NMF26V/20180806.011537:user/release-keys	2018-08-01		
ZTE	ZTE	Z899VL	Z899VL	elden	Z899VL	7.1.1	NMF26V	20170620.054013	ZTE/Z899VL/elden:7.1.1/NMF26V/20170620.054013:user/release-keys	2017-06-01		
ZTE	ZTE	Blade X Max	Z983	stollen	Z983	7.1.1	NMF26F	20170420.145503	ZTE/Z983/stollen:7.1.1/NMF26F/20170420.145503:user/release-keys	2017-03-01		
ZTE	ZTE	ZTE Axon 11 5G	ZTE A2021	P725A12	CN_P725A12	10	QKQ1.200415.002	20200522.150951	ZTE/CN_P725A12/P725A12:10/QKQ1.200415.002/20200522.150951:user/release-keys	2020-05-01		
ZTE	ZTE	ZTE Axon 30 Pro 5G	ZTE A2022P	P875A12	CN_P875A12	11	RKQ1.201221.002	20210503.005154	ZTE/CN_P875A12/P875A12:11/RKQ1.201221.002/20210503.005154:user/release-keys	2021-03-01		
ZTE	ZTE	ZTE Blade A7 2019RU	ZTE Blade A7 2019RU	P963F02	GEN_RU_P963F02	9	PPR1.180610.011	20190521.205413	ZTE/GEN_RU_P963F02/P963F02:9/PPR1.180610.011/20190521.205413:user/release-keys	2019-04-01		
博智星	alps		BOZHIXING	BOZHIXING	BOZHIXING	8.1						
Redmi	Xiaomi	Redmi K40S	22021211RC	munch	munch	13	RKQ1.211001.001	V816.0.4.0.ULMCNXM	Redmi/munch/munch:13/RKQ1.211001.001/V816.0.4.0.ULMCNXM:user/release-keys	2024-08-01	SM8250	kona
Xiaomi	Xiaomi	Xiaomi 14 Ultra	24030PN60C	aurora	aurora							
REDMI	Xiaomi	REDMI K80 Pro ALSC	24127RK2CC	miro	miro							
Xiaomi	Xiaomi	Xiaomi 15 Ultra	25010PN30C	xuanyuan	xuanyuan	15	AQ3A.240912.001	OS2.0.110.0.VOACNXM	Xiaomi/xuanyuan/xuanyuan:15/AQ3A.240912.001/OS2.0.110.0.VOACNXM:user/release-keys	2025-02-01	sun	sun
Redmi	Xiaomi	小米YU7后排移动控制屏	2503CVPC6C	konghou	konghou							
REDMI	Xiaomi	REDMI Note 15 Pro+	25104RADAC	flourite	flourite							
HONOR	HONOR	荣耀 WIN RT	AAK-AN00									
HONOR	HONOR	荣耀WIN	AAP-AN00									
HONOR	HONOR	荣耀 Robot Phone	APH-AN00									
asus	ASUS	ROG Phone 9 Pro	ASUS_AI2501_A	ASUSAI2501	WWAI2501	16	BQ2A.250525.001	36.0810.1810.43-0	asus/WWAI2501/ASUSAI2501:16/BQ2A.250525.001/36.0810.1810.43-0:user/release-keys	2025-10-05	sun	sun
HONOR	HONOR	荣耀 Magic 8 RSR	BKQ-AN20									
HONOR	HONOR	荣耀Magic8	BKQ-AN80									
HONOR	HONOR	荣耀Magic8 Pro	BKQ-AN90									
huawei	huawei	华为 Mate 90 Pro Max	CMM-AL00									
huawei	huawei	华为 Mate 90 Pro Max风驰版	CMM-AL10									
huawei	huawei	HUAWEI Mate X7	DEL-AL10									
huawei	huawei	HUAWEI Mate X7	DEL-AL20									
huawei	huawei	华为 Mate XT 非凡大师	GRL-AL10									
huawei	huawei	华为 Mate XTs 非凡大师	GRL-AL20									
huawei	huawei	华为 Pura X Max	HOP-AL00									
vivo	vivo	iQOO Pad5 Pro	iPA2575	DPD2429	DPD2429							
huawei	huawei	华为 Pura 90	KEE-AL00									
Lenovo	Lenovo	拯救者 Y70	L71091									
Lenovo	LENOVO	Lenovo C700 云游戏掌机	LCGHCC700									
HONOR	HONOR	荣耀 Magic 8 Pro Air	LDY-AN00	HNLDY-M	HNLDY-M							
Xiaomi	Xiaomi	Redmi 8A	Redmi 8A	olivelite	olivelite	10	QKQ1.191014.001	V12.5.1.0.QCPINXM	Xiaomi/olivelite/olivelite:10/QKQ1.191014.001/V12.5.1.0.QCPINXM:user/release-keys	2021-07-01	msm8937	msm8937
Redmi	Xiaomi	Redmi 9A	M2006C3LC	dandelion	dandelion	11	RP1A.200720.011	V12.5.21.0.RCDCNXM	Redmi/dandelion/dandelion:11/RP1A.200720.011/V12.5.21.0.RCDCNXM:user/release-keys	2023-03-01		
Xiaomi	Xiaomi	小米 18 Pro Max	M962FA									
Xiaomi	Xiaomi	小米盒子4S MAX	MDZ-30-AA	xiaomi.tvbox.4smv1	xiaomi.tvbox.4smv1							
HONOR	HONOR	荣耀 Magic 9 超能版	MLM-AN00									
huawei	huawei	华为 Pura 90 Pro	MLN-AL00									
huawei	huawei	HUAWEI MatePad Pro	MRDI-W00									
nubia	nubia	CN_NP02J_RM	NP02J	K68	CN_NP02J_RM	13	TKQ1.221220.001	20240816.112732	nubia/CN_NP02J_RM/K68:13/TKQ1.221220.001/20240816.112732:user/release-keys			
nubia	nubia	红魔电竞平板 Pro	NP03J	PQ83P01	CN_PQ83P01	14	UKQ1.230917.001	20250108.154650	nubia/CN_PQ83P01/PQ83P01:14/UKQ1.230917.001/20250108.154650:user/release-keys			
nubia	nubia	红魔电竞平板3 Pro	NP05J	PQ84P01	CN_PQ84P01	15	AQ3A.240812.002	20250730.005045	nubia/CN_PQ84P01/PQ84P01:15/AQ3A.240812.002/20250730.005045:user/release-keys			
nubia	nubia	红魔 Pad 5 Pro	NP06J									
nubia	nubia	nubia Z80 Ultra	NX741J	PQ85A01	PQ85A01							
REDMAGIC	nubia	NX799J	NX799J	NX799J	NX799J	16	BQ2A.250705.001-BP2A.250605.031.A3	20260109.100337	REDMAGIC/NX799J/NX799J:16/BQ2A.250705.001-BP2A.250605.031.A3/20260109.100337:user/release-keys			
REDMAGIC	nubia	NX809J	NX809J	NX809J	NX809J	16	BQ2A.250705.001-BP2A.250605.031.A3	20250924.081558	REDMAGIC/NX809J/NX809J:16/BQ2A.250705.001-BP2A.250605.031.A3/20250924.081558:user/release-keys			
oppo	oppo	OPPO Pad 3 Pro	OPD2401	OP5D76L1	OP5D76L1							
OnePlus	OnePlus	一加平板 Pro	OPD2404	OP5D77L1	OPD2404	15	UKQ1.231108.001	U.1c06772-2049d-1bf48	OnePlus/OPD2404/OP5D77L1:15/UKQ1.231108.001/U.1c06772-2049d-1bf48:user/release-keys	2024-12-05		
oppo	oppo	OPPO Pad 3	OPD2405	OP6159L1	OP6159L1							
oppo	oppo	OPPO Pad 4 Pro	OPD2409	OP615CL1	OP615CL1							
OnePlus	OnePlus	一加平板 2 Pro	OPD2413	OP615EL1	OP615EL1							
oppo	oppo	OPPO Pad 5	OPD2506	OP6542L1	OP6542L1							
OnePlus	OnePlus	一加平板2	OPD2508	OP6543L1	OP6543L1							
oppo	oppo	OPPO Pad 5 Pro	OPD2511	OP6546L1	OP6546L1							
oneplus	oneplus	一加平板 3 Pro	OPD2513	OP6547L1	OP6547L1							
oppo	oppo	OPPO Pad Mini	OPD2515	OP6548L1	OP6548L1							
OPPO	OPPO	OPPO Find X5 Pro	PFEM10	OP52D1L1	CPH2305	13	TP1A.220310.002	S.202204280643	OPPO/CPH2305/OP52D1L1:13/TP1A.220310.002/S.202204280643:user/release-keys	2022-04-05		
OnePlus	OnePlus	一加ACE	PGKM10	OP5565	PGKM10	13	TP1A.220905.001	S.faa590_1	OnePlus/PGKM10/OP5565:13/TP1A.220905.001/S.faa590_1:user/release-keys	2023-04-05		
OnePlus	OnePlus	一加12	PJD110	OP5929L1	PJD110	15	AP3A.240617.008	U.1a7fe37-7fc6-13b54	OnePlus/PJD110/OP5929L1:15/AP3A.240617.008/U.1a7fe37-7fc6-13b54:user/release-keys	2024-10-05		
OnePlus	OnePlus	一加Ace 3V	PJF110	OP5CFBL1	PJF110	15	UKQ1.231108.001	U.1a6c2e2_3d0c_3d0b	OnePlus/PJF110/OP5CFBL1:15/UKQ1.231108.001/U.1a6c2e2_3d0c_3d0b:user/release-keys	2024-10-05	pineapple	pineapple
OPPO	OPPO	OPPO Find X8	PKB110	OP5A3DL1	OP5A3DL1							
OPPO	OPPO	OPPO Find X8 Pro	PKC110	OP5A41L1	PKC110	15	AP3A.240617.008	V.1bab351_1-1a4c6	OPPO/PKC110/OP5A41L1:15/AP3A.240617.008/V.1bab351_1-1a4c6:user/release-keys	2024-12-05		
OPPO	OPPO	OPPO A3x	PKD130	OP5A47	OP5A47							
OPPO	OPPO	OPPO Find N5	PKH110	OP5DC1L1	PKH110	15	AP3A.240617.008	V.1ca5b52-93d4-481f	OPPO/PKH110/OP5DC1L1:15/AP3A.240617.008/V.1ca5b52-93d4-481f:user/release-keys	2025-02-01		
OPPO	OPPO	OPPO A5	PKQ110	OP5DF7	OP5DF7							
oppo	oppo	OPPO K12 Plus	PKS110	OP5DFDL1	OP5DFDL1							
OPPO	oppo	OPPO Find X8s	PKT110	OP5DCBL1	PKT110	15	AP3A.240617.008	V.1d608f1-9fbb-d9ca	OPPO/PKT110/OP5DCBL1:15/AP3A.240617.008/V.1d608f1-9fbb-d9ca:user/release-keys	2025-04-01		
OnePlus	OnePlus	一加13T	PKX110	OP60F5L1	PKX110	16	AP3A.240617.008	V.19749a3_aaad6b_a9b132	OnePlus/PKX110/OP60F5L1:16/AP3A.240617.008/V.19749a3_aaad6b_a9b132:user/release-keys	2026-06-01		
OnePlus	OnePlus	一加Ace 5 至尊版	PLC110	OP60EDL1	PLC110	15	AP3A.240617.008	V.2d62555-f7a635-f7a634	OnePlus/PLC110/OP60EDL1:15/AP3A.240617.008/V.2d62555-f7a635-f7a634:user/release-keys	2025-05-01		
oppo	oppo	OPPO Find X9 Pro	PLG110	OP5E11L1	OP5E11L1							
oppo	oppo	OPPO Find X9 Pro 卫星通信版	PLG120	OP5E11L1	OP5E11L1							
oppo	oppo	OPPO Find X9	PLJ110	OP5E17L1	OP5E17L1							
oppo	oppo	OPPO Find N6	PLP110	OP61A9L1	OP61A9L1							
oppo	oppo	OPPO Find N6 卫星通信版	PLP120	OP61A9L1	OP61A9L1							
OnePlus	OnePlus	一加Ace 6	PLQ110	OP6113L1	PLQ110	16	BP2A.250605.015	B.19fa10c_b26ef2_b26ef5	OnePlus/PLQ110/OP6113L1:16/BP2A.250605.015/B.19fa10c_b26ef2_b26ef5:user/release-keys	2026-08-01	SM8650	sun
OnePlus	OnePlus	一加Ace 6T	PLR110	OP6117L1	OP6117L1							
oppo	oppo	OPPO A6	PLS120	OP5E1C	OP5E1C							
OnePlus	OnePlus	一加Turbo 6	PLU110	OP60F0L1	OP60F0L1							
OnePlus	OnePlus	一加Turbo 6V	PLY110	OP64D3L1	OP64D3L1							
OnePlus	OnePlus	OnePlus 15 T	PLZ110	OP64DDL1	OP64DDL1							
oppo	oppo	OPPO Find X9 Ultra	PMA110	OP61BDL1	OP61BDL1							
oppo	oppo	OPPO Find X9 Ultra卫星通信版	PMA120	OP61BDL1	OP61BDL1							
oneplus	oneplus	一加 ACE6 至尊版	PMB110	OP64D7L1	OP64D7L1							
OPPO	OPPO	Find X9s Pro	PME110	OP61C1L1	PME110	16	BP2A.250605.015	B.331e10a-f8b732-f9320b	OPPO/PME110/OP61C1L1:16/BP2A.250605.015/B.331e10a-f8b732-f9320b:user/release-keys			
oppo	oppo	OPPO Find X10	PMW110									
oppo	oppo	OPPO Find X10 Pro Max	PMX110									
HONOR	HONOR	荣耀 Magic V6	PNM-AN10									
HONOR	HONOR	荣耀 Magic V6 1TB 卫星通信版	PNM-AN20									
HONOR	HONOR	荣耀GT Pro	PPG-AN00									
HONOR	HONOR	荣耀Magic7 RSR	PTP-AN20									
huawei	huawei	HUAWEI MatePad Edge	QXS-W20									
realme	realme	真我15T	RMX5112	RE6404L1	RE6404L1							
realme	realme	真我 GT7	RMX6688	RE602AL1	RE602AL1							
realme	realme	真我 GT8 Pro	RMX6699	RE6400L1	RE6400L1							
realme	realme	真我 Neo 8	RMX8899	RE6402L1	RE6402L1							
huawei	huawei	HUAWEI Pura 90 Pro Max	SCA-AL00	SCA-AL00	SCA-AL00							
huawei	huawei	HUAWEI Mate 80 Pro	SGT-AL00									
HUAWEI	HUAWEI	HUAWEI Mate 80 Pro Max 风驰版	SGT-AL10	SGT-AL10	SGT-AL10							
huawei	huawei	HUAWEI Mate 80 RS 平凡大师	SGT-AL50									
samsung	samsung	Galaxy Z Flip8	SM-F7760	b8q	b8q							
samsung	samsung	Galaxy Z TriFold	SM-F9680	q7mq	q7mq							
samsung	samsung	Galaxy Z Fold8	SM-F9710	h8q	h8q							
samsung	samsung	Galaxy Z Fold8 Ultra	SM-F9760	q8q	q8q							
samsung	samsung	Galaxy S26	SM-S9420	m1q	m1q							
samsung	samsung	Galaxy S26+	SM-S9470	m2q	m2q							
samsung	samsung	Galaxy S26 Ultra	SM-S9480	qssi_64	m3qxxx	16	BP4A.251205.006	S948BXXS2AZE2	samsung/m3qxxx/qssi_64:16/BP4A.251205.006/S948BXXS2AZE2:user/release-keys			
samsung	samsung	心系天下 三星 W26	SM-W9026	q7q	q7q							
samsung	samsung	三星Galaxy Tab S11	SM-X736B	gts11	gts11							
samsung	samsung	三星Galaxy Tab S10 Ultra	SM-X926N	gts10u	gts10u							
samsung	samsung	三星Galaxy Tab S11 Ultra	SM-X930	gts11uwifi	gts11uwifi							
huawei	huawei	HUAWEI Mate 70 Air	SUP-AL90									
Lenovo	Lenovo	拯救者平板 Y700	TB321FU	TB321FU	TB321FU							
Lenovo	LENOVO	拯救者平板 Y700	TB322FC	TB322FC	TB322FC_PRC	15	AQ3A.250129.001	ZUXOS_1.1.11.263_251105_PRC	Lenovo/TB322FC_PRC/TB322FC:15/AQ3A.250129.001/ZUXOS_1.1.11.263_251105_PRC:user/release-keys			
Lenovo	LENOVO	拯救者平板 Y700	TB323FU	TB323FU	TB323FU	16	BQ2A.250831.001-BP2A.250605.031.A3	02.083.251119C	Lenovo/TB323FU/TB323FU:16/BQ2A.250831.001-BP2A.250605.031.A3/02.083.251119C:user/release-keys			
Lenovo	LENOVO	拯救者平板 Y700 无极	TB324ZC	TB324ZC	TB324ZC	16	BQ2A.250831.001-BP2A.250605.031.A3	02.083.251119C	Lenovo/TB324ZC/TB324ZC:16/BQ2A.250831.001-BP2A.250605.031.A3/02.083.251119C:user/release-keys	2025-11-05		
Lenovo	Lenovo	小新平板Pro 13	TB376FC									
Lenovo	Lenovo	小新平板Pro GT 13	TB378FC									
Lenovo	LENOVO	拯救者平板 Y900-13	TB522FU	TB522FU	TB522FU	16	BQ2A.250831.001	11.048.260509C	Lenovo/TB522FU/TB522FU:16/BQ2A.250831.001/11.048.260509C:user/release-keys			
Lenovo	Lenovo	小新平板Pro GT	TB710FU	TB710FU	TB710FU							
Motorola	Motorola	moto edge X30	TYH641M									
vivo	vivo	iQOO Neo5	V2055A	PD2055	PD2055							
vivo	vivo	vivo X100s	V2359A	PD2309	PD2309							
vivo	vivo	vivo X200Pro	V2405DA	PD2405	PD2405							
vivo	vivo	iQOO Neo10 Pro	V2426A	PD2426	PD2426							
vivo	vivo	vivo X Fold5	V2436A	PD2436	PD2436							
vivo	vivo	vivo X300	V2502A	PD2502	PD2502							
vivo	vivo	iQOO 15	V2505A	PD2505	PD2505							
vivo	vivo	iQOO Z10 Turbo+	V2507A	PD2507	PD2507							
vivo	vivo	iQOO Neo11	V2520A	PD2520	PD2520							
vivo	vivo	vivo X Fold6	V2545A	PD2545	PD2545							
vivo	vivo	vivo X300 Ultra	V2547A	PD2547	PD2547	16	BP2A.250605.031.A3_V000L1	compiler260424204746	vivo/PD2547/PD2547:16/BP2A.250605.031.A3_V000L1/compiler260424204746:user/release-keys			
vivo	vivo	vivo X300 Ultra摄影师版	V2547DA	PD2547	PD2547							
vivo	vivo	vivo X300 s	V2548A	PD2548	PD2548							
vivo	vivo	iQOO Neo 11 Ultra	V2573A	PD2573	PD2573							
vivo	vivo	vivo X500 Pro Max	V2602A	PD2602	PD2602							
vivo	vivo	vivo X500 Pro Max创作者	V2602DA	PD2602	PD2602							
vivo	vivo	iQOO 16	V2606A	PD2606	PD2606							
vivo	vivo	vivo X500	V2609A	PD2609	PD2609							
vivo	vivo	vivo X300 E	V2612A	PD2612	PD2612							
huawei	huawei	华为 Pura X View	VOL-AL00									
huawei	huawei	HUAWEI Mate 80	VYG-AL00									
motorola	Motorola	moto X30 Pro	XT2241-1	msi	eqs_cn	14	U1SQ34M.53-33	dc62e	motorola/eqs_cn/msi:14/U1SQ34M.53-33/dc62e:user/release-keys	2024-02-01	taro	taro
motorola	Motorola	moto X70 Air	XT2601-1	roadstr	roadstr_g	15	VVRS35V	7cfb13	motorola/roadstr_g/roadstr:15/VVRS35V/7cfb13:user/release-keys	2026-06-01		
motorola	Motorola	moto X70 Air Pro	XT2603-1	vantage	vantage_cn	16	W2WV36V.55	e14a8d	motorola/vantage_cn/vantage:16/W2WV36V.55/e14a8d:user/release-keys	2025-12-01	canoe	canoe
Lenovo	Lenovo	Lenovo 拯救者手机 Y70 新一代	XT2611-1	msi	avr_cn	16	W3WWL36M.65-11-ST9.1	0d97a	Lenovo/avr_cn/msi:16/W3WWL36M.65-11-ST9.1/0d97a:user/release-keys	2026-05-01	canoe	canoe
motorola	Motorola	moto razr Fold	XT2651-4	msi	blanc_cn	16	W3WBC36M.36-114-ST4.15	f5bbb1	motorola/blanc_cn/msi:16/W3WBC36M.36-114-ST4.15/f5bbb1:user/release-keys	2026-07-01		
HONOR	HONOR	荣耀MagicPad3Pro 13.3 二笔	YLP-W00	HNYLP-Q	HNYLP-Q							
realme	realme	RMX5210	RMX5210	RE60C8L1	RMX5210IN	17	CP21.260306.017	B.R4T3.2d7c6fd-9e52a9-9e531f	realme/RMX5210IN/RE60C8L1:17/CP21.260306.017/B.R4T3.2d7c6fd-9e52a9-9e531f:user/release-keys	2026-04-01		
OPPO	OPPO	Find X9 Pro	CPH2791	OP5E8EL1	CPH2791EEA	16	BP2A.250605.015	B.R4T3.52cb754-31820cd-318282d	OPPO/CPH2791EEA/OP5E8EL1:16/BP2A.250605.015/B.R4T3.52cb754-31820cd-318282d:user/release-keys	2025-12-01		
OPPO	OPPO	Find X9	CPH2797	OP5E8BL1	CPH2797EEA	16	BP2A.250605.015	B.R4T3.30a48ec-eb0b25-ed6693	OPPO/CPH2797EEA/OP5E8BL1:16/BP2A.250605.015/B.R4T3.30a48ec-eb0b25-ed6693:user/release-keys	2026-01-01		
OnePlus	OnePlus	OnePlus 15	CPH2747	OP611FL1	CPH2747	16	BP2A.250605.015	B.R4T3.50c6369-2bb93d1-2bb93d2	OnePlus/CPH2747/OP611FL1:16/BP2A.250605.015/B.R4T3.50c6369-2bb93d1-2bb93d2:user/release-keys	2026-08-01		
OnePlus	OnePlus	Pad 3	OPD2415	OP6190L1	OPD2415IN	16	AP3A.240617.008	V.R4T3.17bf73d_cf42a1_c9913b	OnePlus/OPD2415IN/OP6190L1:16/AP3A.240617.008/V.R4T3.17bf73d_cf42a1_c9913b:user/release-keys	2026-07-01		
Redmi	Android	REDMI Note 17 Pro Max 5G	2609FRA74G	brussels	miodm_brussels	16	BQ2A.260225.001-BP2A.250705.008	OS3.0.304.0.WDREUXM	Redmi/miodm_brussels/brussels:16/BQ2A.260225.001-BP2A.250705.008/OS3.0.304.0.WDREUXM:user/release-keys	2026-07-01	chora	chora
Redmi	Android	REDMI Note 17	26012RN62A	zephyr	zephyr_global	16	BP2A.250605.031.A3	OS3.0.308.0.WBUMIXM	Redmi/zephyr_global/zephyr:16/BP2A.250605.031.A3/OS3.0.308.0.WBUMIXM:user/release-keys	2026-08-01	bengal	bengal
google	google	Pixel Watch 4	Pixel Watch 4	menari_btwifi	menari_btwifi	16	BD5A.250325.166.A1	14058490	google/menari_btwifi/menari_btwifi:16/BD5A.250325.166.A1/14058490:user/release-keys	2025-09-05		
iQOO	iQOO	iQOO 13	I2401	I2401	I2401	16	BP2A.250124.003.A1	compiler250328151630	iQOO/I2401/I2401:16/BP2A.250124.003.A1/compiler250328151630:user/release-keys	2025-03-05		
motorola	motorola	motorola edge 60 pro	XT2507-5	cybert	cybert_cn_sys	16	W1VVC36M.7-73-6	714e4f	motorola/cybert_cn_sys/cybert:16/W1VVC36M.7-73-6/714e4f:user/release-keys	2025-10-01		
motorola	motorola	motorola edge - 2026	motorola edge 60 fusion	masera	masera_g_sys	16	W3WF36M.39	b5dca3	motorola/masera_g_sys/masera:16/W3WF36M.39/b5dca3:user/release-keys	2026-02-01		
motorola	motorola	motorola edge 2025	motorola edge 2025	merc	merc_g_sys	16	W3WM36M.38	66156f	motorola/merc_g_sys/merc:16/W3WM36M.38/66156f:user/release-keys	2026-02-01		
motorola	motorola	moto g max	moto g67	naples	naples_g_sys	16	W2WI36M.43-24-1	e6f034	motorola/naples_g_sys/naples:16/W2WI36M.43-24-1/e6f034:user/release-keys	2026-01-01		
motorola	motorola	moto g play - 2026	moto g play - 2026	nevada	nevada_g_sys	16	W1WNS36M.18-114-3	d0b097	motorola/nevada_g_sys/nevada:16/W1WNS36M.18-114-3/d0b097:user/release-keys	2026-06-01		
motorola	motorola	moto g - 2025	moto g - 2025	sydnyl	sydnyl_g_sys	16	W3WZ36M.39	ffa8d	motorola/sydnyl_g_sys/sydnyl:16/W3WZ36M.39/ffa8d:user/release-keys	2026-02-01		
motorola	motorola	moto g power - 2026	moto g power - 2026	vegas	vegas_og_sys	16	W1WEOS36M.48-22-3-3	f9aab	motorola/vegas_og_sys/vegas:16/W1WEOS36M.48-22-3-3/f9aab:user/release-keys	2025-12-01		
motorola	motorola	moto g86 5G	motorola edge 50 neo	vienna	vienna_g_sys	16	W1UIS36M.39-17-1	43a25	motorola/vienna_g_sys/vienna:16/W1UIS36M.39-17-1/43a25:user/release-keys	2026-03-01		
Fairphone	Fairphone	The Fairphone (Gen. 6)	Fairphone 6	FP6	FP6	16	FP6.QREL.16.61.0	WS19	Fairphone/FP6/FP6:16/FP6.QREL.16.61.0/WS19:user/release-keys	2026-04-05		
Daria	Daria	hormoz	DM-B70104	hormoz	hormoz	16	BP2A.250805.005	V7.1.2.5.BOND2	Daria/hormoz/hormoz:16/BP2A.250805.005/V7.1.2.5.BOND2:user/release-keys	2026-06-05		
DeutscheTelekom	DeutscheTelekom	T Phone 3 Pro	T Phone 3 Pro	Caracal	Caracal	16	BQ2A.250925.001	535BA1_W_V022	DeutscheTelekom/Caracal/Caracal:16/BQ2A.250925.001/535BA1_W_V022:user/release-keys	2026-06-05		
Unihertz	Unihertz	Titan 2	Titan_2_EEA	Titan_2	Titan_2_EEA	16	BP2A.250605.031.A3	V01.00.14	Unihertz/Titan_2_EEA/Titan_2:16/BP2A.250605.031.A3/V01.00.14:user/release-keys	2026-03-05		
volla	volla	Volla Phone Quintus	Volla Phone Quintus	algiz	algiz	16	BP4A.251205.006	30-volla-16.0	volla/algiz/algiz:16/BP4A.251205.006/30-volla-16.0:user/release-keys	2026-08-01		
Honor	Honor	Magic		magic	magic	15	AP3A.240905.015.A2	eng.root.00000000.000000	Honor/magic/magic:15/AP3A.240905.015.A2/eng.root.00000000.000000:user/release-keys	2025-03-01		
Honor	Honor	Magic		magic_64	magic_64	15	AP3A.240905.015.A2	eng.root.00000000.000000	Honor/magic_64/magic_64:15/AP3A.240905.015.A2/eng.root.00000000.000000:user/release-keys	2025-01-01		
Nokia	Nokia	Nokia G42 5G	Nokia G42 5G	SDW	Shadow_00WW	15	AQ3A.241114.001	00WW_3_250	Nokia/Shadow_00WW/SDW:15/AQ3A.241114.001/00WW_3_250:user/release-keys	2025-05-05	holi	holi
OPPO	OPPO	Reno10 Pro+ 5G	CPH2521	OP56D3L1	CPH2521	15	AP3A.240617.008	T.R4T3.1beaff9_846b-219c5	OPPO/CPH2521/OP56D3L1:15/AP3A.240617.008/T.R4T3.1beaff9_846b-219c5:user/release-keys	2025-01-01		
OPPO	OPPO	OPPO Pad 3 Pro	OPD2402	OP5DA8L1	OPD2402EEA	15	UKQ1.231108.001	U.R4T3.1b7ee70-43a4-11345	OPPO/OPD2402EEA/OP5DA8L1:15/UKQ1.231108.001/U.R4T3.1b7ee70-43a4-11345:user/release-keys	2024-11-05		
OPPO	OPPO	Find X7	PHZ110	OP5661L1	PHZ110	15	AP3A.240617.008	U.1ae85cf-4df2-29799	OPPO/PHZ110/OP5661L1:15/AP3A.240617.008/U.1ae85cf-4df2-29799:user/release-keys	2024-11-05		
OPPO	OPPO	Reno13	PKM110	OP5DD7L1	PKM110	15	UKQ1.231108.001	V.1b1e35b_1-48c1	OPPO/PKM110/OP5DD7L1:15/UKQ1.231108.001/V.1b1e35b_1-48c1:user/release-keys	2024-11-05		
OPPO	OPPO	A5 Pro 5G	PKP110	OP5DF3	PKP110	15	AP3A.240617.008	V.1b9055c_1b385-dc76	OPPO/PKP110/OP5DF3:15/AP3A.240617.008/V.1b9055c_1b385-dc76:user/release-keys	2024-12-05		
OPPO	OPPO	Reno14 Pro	PKZ110	OP5E07L1	PKZ110	15	AP3A.240617.008	V.3f2859e-214b861-215aa51	OPPO/PKZ110/OP5E07L1:15/AP3A.240617.008/V.3f2859e-214b861-215aa51:user/release-keys	2025-05-01		
OPPO	OPPO	Find X8s+	PLB110	OP5DCDL1	PLB110	15	AP3A.240617.008	V.1d608f6-9fb5-d9cf	OPPO/PLB110/OP5DCDL1:15/AP3A.240617.008/V.1d608f6-9fb5-d9cf:user/release-keys	2025-04-01		
OnePlus	OnePlus	OnePlus Nord CE 3 Lite 5G	CPH2467	OP5958L1	CPH2467	15	UKQ1.230924.001	T.R4T2.1bef304_1-5135	OnePlus/CPH2467/OP5958L1:15/UKQ1.230924.001/T.R4T2.1bef304_1-5135:user/release-keys	2025-01-01		
OnePlus	OnePlus	OnePlus 11R 5G	CPH2487	OP5961L1	CPH2487	15	AP3A.240617.008	T.R4T3.1b5d858_409a-5004	OnePlus/CPH2487/OP5961L1:15/AP3A.240617.008/T.R4T3.1b5d858_409a-5004:user/release-keys	2024-12-05		
OnePlus	OnePlus	CPH2569	CPH2569	OP5953L1	CPH2569	15	AP3A.240617.008	T.R4T2.1c82861_23218-d6c6	OnePlus/CPH2569/OP5953L1:15/AP3A.240617.008/T.R4T2.1c82861_23218-d6c6:user/release-keys	2025-01-01		
OnePlus	OnePlus	OnePlus Nord CE4	CPH2613	OP5D3FL1	CPH2613IN	15	TP1A.220905.001	U.R4T2.1b14c8c-fe57-fe59	OnePlus/CPH2613IN/OP5D3FL1:15/TP1A.220905.001/U.R4T2.1b14c8c-fe57-fe59:user/release-keys	2024-11-05		
OnePlus	OnePlus	OnePlus Nord 4	CPH2661	OP5E93L1	CPH2661IN	15	UKQ1.231108.001	U.R4T2.1f611df-141-67866	OnePlus/CPH2661IN/OP5E93L1:15/UKQ1.231108.001/U.R4T2.1f611df-141-67866:user/release-keys	2025-09-01		
OnePlus	OnePlus	OnePlus 13R	CPH2691	OP5D3BL1	CPH2691IN	15	UKQ1.231108.001	V.R4T3.1bb8c92-11f86-3dd3c	OnePlus/CPH2691IN/OP5D3BL1:15/UKQ1.231108.001/V.R4T3.1bb8c92-11f86-3dd3c:user/release-keys	2024-12-05		
OnePlus	OnePlus	OnePlus 13s	CPH2723	OP612BL1	CPH2723IN	15	AP3A.240617.008	V.R4T3.49f19f8-2bd91b9-2bd8efb	OnePlus/CPH2723IN/OP612BL1:15/AP3A.240617.008/V.R4T3.49f19f8-2bd91b9-2bd8efb:user/release-keys	2025-06-01		
OnePlus	OnePlus	OnePlus 10 Pro 5G	NE2211	OP516FL1	NE2211	15	AP3A.240617.008	S.1be1d7a-1-2	OnePlus/NE2211/OP516FL1:15/AP3A.240617.008/S.1be1d7a-1-2:user/release-keys	2025-01-01		
OnePlus	OnePlus	OnePlus Pad	OPD2203	OP59BCL1	OPD2203	15	AP3A.240617.008	T.R4T3.1b407e9-62	OnePlus/OPD2203/OP59BCL1:15/AP3A.240617.008/T.R4T3.1b407e9-62:user/release-keys	2024-11-05		
OnePlus	OnePlus	Oneplus Pad2	OPD2403	OP5DAAL1	OPD2403IN	15	UKQ1.231108.001	U.R4T3.1adb0f4-14675-1	OnePlus/OPD2403IN/OP5DAAL1:15/UKQ1.231108.001/U.R4T3.1adb0f4-14675-1:user/release-keys	2024-10-05		
OnePlus	OnePlus	OnePlus Pad	OPD2407	OP615AL1	OPD2407	15	UKQ1.231108.001	V.1bead59_d371	OnePlus/OPD2407/OP615AL1:15/UKQ1.231108.001/V.1bead59_d371:user/release-keys	2024-12-05		
OnePlus	OnePlus	OnePlus 11 5G 中国版	PHB110	OP591BL1	PHB110	15	TP1A.220905.001	T.1b1083f_1-3e	OnePlus/PHB110/OP591BL1:15/TP1A.220905.001/T.1b1083f_1-3e:user/release-keys	2024-11-05		
OnePlus	OnePlus	OnePlus Ace 3	PJE110	OP5CF9L1	PJE110	15	TP1A.220905.001	U.1c823f0-3e38-1	OnePlus/PJE110/OP5CF9L1:15/TP1A.220905.001/U.1c823f0-3e38-1:user/release-keys	2025-02-01		
OnePlus	OnePlus	OnePlus Ace 5 竞速版	PLF110	OP60F9L1	PLF110	15	UKQ1.231108.001	V.5376a2f-35879b7-358eedf	OnePlus/PLF110/OP60F9L1:15/UKQ1.231108.001/V.5376a2f-35879b7-358eedf:user/release-keys	2025-05-01		
Redmi	Android	REDMI Note 15 Pro	25100RA69G	charoite	charoite	15	AP3A.240905.015.A2	OS2.0.205.0.VPFEUXM	Redmi/charoite/charoite:15/AP3A.240905.015.A2/OS2.0.205.0.VPFEUXM:user/release-keys	2025-12-01	mt6789	mt6789
Redmi	Redmi	mivendor_ums9230		mivendor_ums9230	mivendor_ums9230	15	AP3A.240905.015.A2	A15.0.1.0.VGWMIXM	Redmi/mivendor_ums9230/mivendor_ums9230:15/AP3A.240905.015.A2/A15.0.1.0.VGWMIXM:user/release-keys	2025-01-01	ums9230	ums9230
Redmi	Android	Redmi Note 12S	23030RAC7Y	sea	sea_global	15	AP3A.240905.015.A2	OS2.0.1.0.VHZMIXM	Redmi/sea_global/sea:15/AP3A.240905.015.A2/OS2.0.1.0.VHZMIXM:user/release-keys	2025-01-01	mt6781	mt6781
Redmi	Redmi	REDMI A7	25028PC03G	serenity	serenity	15	AP3A.240905.015.A2	A15.0.1.0.VGWMIXM	Redmi/serenity/serenity:15/AP3A.240905.015.A2/A15.0.1.0.VGWMIXM:user/release-keys	2025-01-01	ums9230	ums9230
Redmi	Android	Redmi Pad SE 8.7 4G	24076RP19G	spark	spark_global	15	AP3A.240905.015.A2	OS2.0.1.0.VHYMIXM	Redmi/spark_global/spark:15/AP3A.240905.015.A2/OS2.0.1.0.VHYMIXM:user/release-keys	2025-01-01	mt6768	mt6768
Redmi	Android	Fire	23053RN02A	fire	vnd_fire	15	AP3A.240905.015.A2	OS2.0.3.0.VMXMIXM	Redmi/vnd_fire/fire:15/AP3A.240905.015.A2/OS2.0.3.0.VMXMIXM:user/release-keys	2024-11-01	mt6768	mt6768
Redmi	Android	Redmi 13x	24040RN64Y	moon	vnd_moon	15	AP3A.240905.015.A2	OS2.0.2.0.VNTMIXM	Redmi/vnd_moon/moon:15/AP3A.240905.015.A2/OS2.0.2.0.VNTMIXM:user/release-keys	2024-11-01	mt6768	mt6768
Xiaomi	Android	Xiaomi 15T	25069PTEBG	goya	goya_eea	15	AP3A.240905.015.A2	OS2.0.207.0.VOEEUXM	Xiaomi/goya_eea/goya:15/AP3A.240905.015.A2/OS2.0.207.0.VOEEUXM:user/release-keys	2025-08-01	mt6899	mt6899
Xiaomi	Android	Xiaomi 15T Pro	2506BPN68G	klimt	klimt_global	15	AP3A.240905.015.A2	OS2.0.201.0.VOSJPXM	Xiaomi/klimt_global/klimt:15/AP3A.240905.015.A2/OS2.0.201.0.VOSJPXM:user/release-keys	2025-08-01	mt6991	mt6991
motorola	motorola	motorola razr 50	XT2453-2	aito	aito_cn_sys	15	V2UC35M.55-33	e351b1	motorola/aito_cn_sys/aito:15/V2UC35M.55-33/e351b1:user/release-keys	2025-03-01		
motorola	motorola	motorola razr 50	motorola razr 50	aito	aito_g_sys	15	V2UC35M.55-12-6	d7919c	motorola/aito_g_sys/aito:15/V2UC35M.55-12-6/d7919c:user/release-keys	2025-03-01		
motorola	motorola	moto g - 2025	moto g - 2025	kansas	kansas_g_sys	15	V1VK35M.22-100	66ed72	motorola/kansas_g_sys/kansas:15/V1VK35M.22-100/66ed72:user/release-keys	2025-04-01		
motorola	motorola	moto g06	moto g06	lagos	lagos_g	15	VVOB35.78-71-9	ecbb89	motorola/lagos_g/lagos:15/VVOB35.78-71-9/ecbb89:user/release-keys	2025-11-05		
motorola	motorola	moto g15	moto g15	lamu	lamu_g	15	VVTA35.51-137	7eabca	motorola/lamu_g/lamu:15/VVTA35.51-137/7eabca:user/release-keys	2025-10-01		
motorola	motorola	moto g17	moto g17	lamuc	lamuc_g	15	VVTBS35.41-47-1	33151f	motorola/lamuc_g/lamuc:15/VVTBS35.41-47-1/33151f:user/release-keys	2026-04-05		
motorola	motorola	motorola edge 60	XT2503-3	scout	scout_cn_sys	15	V2VC35M.33-105-8	6ae65	motorola/scout_cn_sys/scout:15/V2VC35M.33-105-8/6ae65:user/release-keys	2025-06-01		
motorola	motorola	moto g55 5G	moto g55 5G	taipei	taipei_g_sys	15	V1UTS35M.61-21-4-1	e416c9	motorola/taipei_g_sys/taipei:15/V1UTS35M.61-21-4-1/e416c9:user/release-keys	2025-03-01		
motorola	motorola	motorola edge 60 neo	XT2409-5	vienna	vienna_cn_sys	15	V1UI35M.11-18-13	7ee51	motorola/vienna_cn_sys/vienna:15/V1UI35M.11-18-13/7ee51:user/release-keys	2024-11-01		
realme	realme	realme 10 Pro+ 5G	RMX3686	RE58A5L1	RMX3686	15	AP3A.240617.008	T.R4T2.2080136-1	realme/RMX3686/RE58A5L1:15/AP3A.240617.008/T.R4T2.2080136-1:user/release-keys	2025-10-01		
realme	realme	realme 10 Pro+	RMX3687	RE5854	RMX3687	15	AP3A.240617.008	T.1c6adb5_32f7	realme/RMX3687/RE5854:15/AP3A.240617.008/T.1c6adb5_32f7:user/release-keys	2025-01-01		
realme	realme	realme 12 Pro+ 5G	RMX3840	RE5C82L1	RMX3840IN	15	AP31.240322.016	U.R4T2.17ed240_3609-135	realme/RMX3840IN/RE5C82L1:15/AP31.240322.016/U.R4T2.17ed240_3609-135:user/release-keys	2024-04-05		
realme	realme	realme GT 6T	RMX3853	RE606FL1	RMX3853IN	15	UKQ1.231108.001	U.R4T2.1bb016e_4_3	realme/RMX3853IN/RE606FL1:15/UKQ1.231108.001/U.R4T2.1bb016e_4_3:user/release-keys	2024-12-05		
realme	realme	realme GT 7 Pro	RMX5011	RE605FL1	RMX5011IN	15	AP3A.240617.008	V.R4T3.1b71b3a_8d91-14c3f	realme/RMX5011IN/RE605FL1:15/AP3A.240617.008/V.R4T3.1b71b3a_8d91-14c3f:user/release-keys	2024-11-05		
realme	realme	realme P3 Pro 5G	RMX5032	RE6079L1	RMX5032IN	15	UKQ1.231108.001	V.R4T2.1c7a1f4-45f1-111ad	realme/RMX5032IN/RE6079L1:15/UKQ1.231108.001/V.R4T2.1c7a1f4-45f1-111ad:user/release-keys	2025-01-01		
realme	realme	realme 14 Pro+ 5G	RMX5051	RE6079L1	RMX5051IN	15	UKQ1.231108.001	V.R4T2.1ec75c8_31eca-6afca	realme/RMX5051IN/RE6079L1:15/UKQ1.231108.001/V.R4T2.1ec75c8_31eca-6afca:user/release-keys	2025-07-01		
realme	realme	realme 14 5G	RMX5070	RE608EL1	RMX5070IN	15	UKQ1.231108.001	V.R4T2.1fd3ade_2-cddc	realme/RMX5070IN/RE608EL1:15/UKQ1.231108.001/V.R4T2.1fd3ade_2-cddc:user/release-keys	2025-09-01		
realme	realme	真我GT7 Pro竞速版	RMX5090	RE602CL1	RMX5090	15	AP3A.240617.008	V.1d496b9_d113-a8cb	realme/RMX5090/RE602CL1:15/AP3A.240617.008/V.1d496b9_d113-a8cb:user/release-keys	2025-03-01		
google	google	tangopro	Google Pixel Tablet	tangopro	tangopro	15	BP2A.250605.031.A2	13578606	google/tangopro/tangopro:15/BP2A.250605.031.A2/13578606:user/release-keys			
Nothing	Nothing	Nothing Phone (4a) Pro	A069P	FroggerPro	FroggerPro	15	AQ3A.250924.001	2603231635	Nothing/FroggerPro/FroggerPro:15/AQ3A.250924.001/2603231635:user/release-keys	2026-03-01	sun	sun
meizu	meizu	Meizu_Note16Pro_CN	Meizu_Note16Pro_CN	MeizuNote16Pro	Meizu_Note16Pro_CN	15	AQ3A.250129.001	1746774637	meizu/Meizu_Note16Pro_CN/MeizuNote16Pro:15/AQ3A.250129.001/1746774637:user/release-keys	2025-04-05		
meizu	meizu	ussi_arm64	MEIZU Note 16	MeizuNote16	Meizu_Note16_CN	15	AP3A.240905.015.A2	184	meizu/Meizu_Note16_CN/MeizuNote16:15/AP3A.240905.015.A2/184:user/release-keys	2025-04-05		
meizu	meizu	meizu 21 PRO	meizu_21Pro_CN	meizu21Pro	meizu_21Pro_CN	15	AQ3A.241229.001	1740478319	meizu/meizu_21Pro_CN/meizu21Pro:15/AQ3A.241229.001/1740478319:user/release-keys	2025-04-05		
Crosscall	Crosscall	Stellar-M6	Stellar-M6	L768	L768	15	AQ3A.250226.002	L768_15.3.4	Crosscall/L768/L768:15/AQ3A.250226.002/L768_15.3.4:user/release-keys	2026-02-05	parrot	parrot
HMD	HMD	H1702V	H1702V	RPT	Raptor_02US	15	AQ3A.241114.001	02US_0_320	HMD/Raptor_02US/RPT:15/AQ3A.241114.001/02US_0_320:user/release-keys	2025-03-05	parrot	parrot
Teclast	Teclast	T60Ai_ROW	T60Ai_EEA	T60Ai	T60Ai_ROW	15	AP3A.241105.008	b3d250304	Teclast/T60Ai_ROW/T60Ai:15/AP3A.241105.008/b3d250304:user/release-keys	2025-02-05		
UMIDIGI	UMIDIGI	UMIDIGI G100x	PG5FBG10X	G100x	G100x	15	AP3A.240905.015.A2	1779412124	UMIDIGI/G100x/G100x:15/AP3A.240905.015.A2/1779412124:user/release-keys	2026-04-05		
UNISOC	Android	somalia		mivendor_ums9632	mivendor_ums9632	15	AP3A.240905.015.A2	OS3.0.1.0.WBWINXM	UNISOC/mivendor_ums9632/mivendor_ums9632:15/AP3A.240905.015.A2/OS3.0.1.0.WBWINXM:user/release-keys	2026-02-01	ums9632	ums9632
Nokia	Nokia	Nokia XR21	Nokia XR21	SNT_sprout	Sentry_00WW	14	UKQ1.231003.002	00WW_3_150	Nokia/Sentry_00WW/SNT_sprout:14/UKQ1.231003.002/00WW_3_150:user/release-keys	2024-05-05		
Nokia	Nokia	Nokia G42 5G	Nokia G42 5G	SDWA	Shadow_00IN	14	UKQ1.231003.002	00WW_2_160	Nokia/Shadow_00IN/SDWA:14/UKQ1.231003.002/00WW_2_160:user/release-keys	2023-12-05		
OPPO	OPPO	OPPO Reno8 5G	CPH2359	OP5339L1	CPH2359	14	UKQ1.230924.001	S.179f3a1_501a	OPPO/CPH2359/OP5339L1:14/UKQ1.230924.001/S.179f3a1_501a:user/release-keys	2024-04-05		
OPPO	OPPO	Find N2 Flip	CPH2437	OP56CDL1	CPH2437	14	UKQ1.230924.001	T.R4T3.148d649_3-371df	OPPO/CPH2437/OP56CDL1:14/UKQ1.230924.001/T.R4T3.148d649_3-371df:user/release-keys	2023-11-05		
OPPO	OPPO	Reno8 T 5G	CPH2505	OP56EDL1	CPH2505	14	UKQ1.230924.001	T.R4T2.1b003ce-1-62065	OPPO/CPH2505/OP56EDL1:14/UKQ1.230924.001/T.R4T2.1b003ce-1-62065:user/release-keys	2024-11-05		
OPPO	OPPO	A79 5G	CPH2557	OP573DL1	CPH2557	14	UP1A.230620.001	T.R4T2.1b4042b_1	OPPO/CPH2557/OP573DL1:14/UP1A.230620.001/T.R4T2.1b4042b_1:user/release-keys	2024-12-05		
OPPO	OPPO	A58	CPH2577	OP574FL1	CPH2577	14	UP1A.230620.001	T.R4T2.1537533_1a3e6	OPPO/CPH2577/OP574FL1:14/UP1A.230620.001/T.R4T2.1537533_1a3e6:user/release-keys	2023-12-05		
OPPO	OPPO	OPPO Pad 2	OPD2201	OP5989	OPD2201	14	UP1A.230620.001	T.1455806_110aa	OPPO/OPD2201/OP5989:14/UP1A.230620.001/T.1455806_110aa:user/release-keys	2023-10-05		
OPPO	OPPO	Find N	PEUM00	OP4E75L1	PEUM00	14	UP1A.230620.001	R.1477b2f-5adc-8	OPPO/PEUM00/OP4E75L1:14/UP1A.230620.001/R.1477b2f-5adc-8:user/release-keys	2023-10-05		
OPPO	OPPO	Find N2 Flip 中国版	PGT110	OP5605	PGT110	14	UP1A.230620.001	T.13c9c31_15_25	OPPO/PGT110/OP5605:14/UP1A.230620.001/T.13c9c31_15_25:user/release-keys	2023-10-05		
OPPO	OPPO	OPPO Reno10 Pro 5G	PHV110	OP561F	PHV110	14	UKQ1.230924.001	T.178a229_aac_1	OPPO/PHV110/OP561F:14/UKQ1.230924.001/T.178a229_aac_1:user/release-keys	2024-04-05		
OPPO	OPPO	A2 5G	PJB110	OP5647	PJB110H1	14	UP1A.230620.001	T.196238c-1	OPPO/PJB110H1/OP5647:14/UP1A.230620.001/T.196238c-1:user/release-keys	2024-08-05		
OPPO	OPPO	OPPO A2 Pro 5G	PJG110	OP59F7	PJG110	14	UKQ1.230924.001	T.1ae32c0-1	OPPO/PJG110/OP59F7:14/UKQ1.230924.001/T.1ae32c0-1:user/release-keys	2024-11-05		
OPPO	OPPO	Reno12	PJV110	OP5A29L1	PJV110	14	SP1A.210812.016	U.184be76_1-12b0a	OPPO/PJV110/OP5A29L1:14/SP1A.210812.016/U.184be76_1-12b0a:user/release-keys	2024-06-05		
OPPO	OPPO	Reno12 Pro	PJW110	OP5A2BL1	PJW110	14	UKQ1.231108.001	U.184be78-35ab-1205c	OPPO/PJW110/OP5A2BL1:14/UKQ1.231108.001/U.184be78-35ab-1205c:user/release-keys	2024-06-05		
OPPO	OPPO	OPPO A3 Pro 5G/OPPO A5 Plus 5G	PJY110	OP59FB	PJY110	14	UP1A.230620.001	U.1a73f08_186be	OPPO/PJY110/OP59FB:14/UP1A.230620.001/U.1a73f08_186be:user/release-keys	2024-10-05		
OnePlus	OnePlus	OnePlus Nord CE 2 Lite 5G	CPH2381	OP535DL1	CPH2381	14	UKQ1.230924.001	S.179f952-c1a3-c213	OnePlus/CPH2381/OP535DL1:14/UKQ1.230924.001/S.179f952-c1a3-c213:user/release-keys	2024-04-05		
OnePlus	OnePlus	OnePlus Nord 2T 5G	CPH2399	OP557AL1	CPH2399EEA	14	UKQ1.230924.001	S.159d73f-5d4	OnePlus/CPH2399EEA/OP557AL1:14/UKQ1.230924.001/S.159d73f-5d4:user/release-keys	2024-01-05		
OnePlus	OnePlus	OnePlus Nord 2T 5G	CPH2401	OP557AL1	CPH2401	14	UKQ1.230924.001	S.150ddb8_1	OnePlus/CPH2401/OP557AL1:14/UKQ1.230924.001/S.150ddb8_1:user/release-keys	2023-12-05		
OnePlus	OnePlus	OnePlus 10R 5G	CPH2411	OP5566L1	CPH2411	14	UKQ1.230924.001	S.1870eaf-42d9-42d8	OnePlus/CPH2411/OP5566L1:14/UKQ1.230924.001/S.1870eaf-42d9-42d8:user/release-keys	2024-06-05		
OnePlus	OnePlus	OnePlus 10T 5G	CPH2413	OP5552L1	CPH2413	14	UKQ1.230924.001	S.177dbd5_3_4	OnePlus/CPH2413/OP5552L1:14/UKQ1.230924.001/S.177dbd5_3_4:user/release-keys	2024-04-05		
OnePlus	OnePlus	OnePlus 10T 5G	CPH2415	OP5552L1	CPH2415EEA	14	UKQ1.230924.001	S.14bf5d4_1ec1c_2	OnePlus/CPH2415EEA/OP5552L1:14/UKQ1.230924.001/S.14bf5d4_1ec1c_2:user/release-keys	2023-11-05		
OnePlus	OnePlus	OnePlus 10R 5G	CPH2423	OP5567L1	CPH2423	14	UKQ1.230924.001	S.1a4ae50_1-37461	OnePlus/CPH2423/OP5567L1:14/UKQ1.230924.001/S.1a4ae50_1-37461:user/release-keys	2024-10-05		
OnePlus	OnePlus	OnePlus Nord N20 SE	CPH2469	OP595BL1	CPH2469	14	TP1A.220905.001	S.155726d_3	OnePlus/CPH2469/OP595BL1:14/TP1A.220905.001/S.155726d_3:user/release-keys	2024-01-05		
OnePlus	OnePlus	OnePlus Nord N30 5G	CPH2513	OP5958L1	CPH2513	14	RKQ1.211119.001	T.R4T1.150e109-1-3	OnePlus/CPH2513/OP5958L1:14/RKQ1.211119.001/T.R4T1.150e109-1-3:user/release-keys	2023-12-05		
OnePlus	OnePlus	OnePlus Nord N30 5G	CPH2515	OP5958L1	CPH2515	14	RKQ1.211119.001	T.R4T1.1712fcc_5d06-10bca	OnePlus/CPH2515/OP5958L1:14/RKQ1.211119.001/T.R4T1.1712fcc_5d06-10bca:user/release-keys	2024-03-05		
OnePlus	OnePlus	OnePlus Nord N30 SE 5G	CPH2605	OP5955L1	CPH2605	14	TP1A.220905.001	T.R4T2.179f466_1	OnePlus/CPH2605/OP5955L1:14/TP1A.220905.001/T.R4T2.179f466_1:user/release-keys	2024-04-05		
OnePlus	OnePlus	OnePlus Nord CE4 Lite 5G	CPH2619	OP5D49L1	CPH2619IN	14	UP1A.231005.007	U.R4T2.18b8b6d_3af0-1d110	OnePlus/CPH2619IN/OP5D49L1:14/UP1A.231005.007/U.R4T2.18b8b6d_3af0-1d110:user/release-keys	2024-06-05		
OnePlus	OnePlus	OnePlus Nord 4	CPH2663	OP5E93L1	CPH2663	14	UKQ1.231108.001	U.R4T2.1af78a4_1-1	OnePlus/CPH2663/OP5E93L1:14/UKQ1.231108.001/U.R4T2.1af78a4_1-1:user/release-keys	2024-11-05		
OnePlus	OnePlus	OnePlus 9RT 5G	MT2111	OP5155L1	MT2111_IND	14	UKQ1.230924.001	R.15273b7_2a0ef_2a0ee	OnePlus/MT2111_IND/OP5155L1:14/UKQ1.230924.001/R.15273b7_2a0ef_2a0ee:user/release-keys	2023-12-05		
OnePlus	OnePlus	OnePlus 10 Pro 5G	NE2213	OP516FL1	NE2213	14	UKQ1.230924.001	S.14bf5a5_1eceb-b146	OnePlus/NE2213/OP516FL1:14/UKQ1.230924.001/S.14bf5a5_1eceb-b146:user/release-keys	2023-11-05		
OnePlus	OnePlus	OnePlus 10 Pro 5G	NE2217	OP516FL1	NE2217	14	UKQ1.230924.001	S.15a2c47-5aee-1	OnePlus/NE2217/OP516FL1:14/UKQ1.230924.001/S.15a2c47-5aee-1:user/release-keys	2023-12-05		
OnePlus	OnePlus	OnePlus Pad Go	OPD2304	OP5DA6L1	OPD2304	14	UKQ1.230924.001	T.R4T1.1a6facd-1	OnePlus/OPD2304/OP5DA6L1:14/UKQ1.230924.001/T.R4T1.1a6facd-1:user/release-keys	2024-10-05		
OnePlus	OnePlus	OnePlus Pad Go	OPD2305	OP5DA6L1	OPD2305	14	UKQ1.230924.001	T.R4T1.1a6facb-38520	OnePlus/OPD2305/OP5DA6L1:14/UKQ1.230924.001/T.R4T1.1a6facb-38520:user/release-keys	2024-10-05		
OnePlus	OnePlus	OnePlus 8T+ 5G	KB2007	OnePlus8TTMO	OnePlus8TTMO	14	UKQ1.230924.001	R.163aaa4-1f72d_418a8	OnePlus/OnePlus8TTMO/OnePlus8TTMO:14/UKQ1.230924.001/R.163aaa4-1f72d_418a8:user/release-keys	2024-01-05		
OnePlus	OnePlus	OnePlus 8T	KB2003	OnePlus8T	OnePlus8T_EEA	14	UKQ1.230924.001	R.162b06b-34501-42d49	OnePlus/OnePlus8T_EEA/OnePlus8T:14/UKQ1.230924.001/R.162b06b-34501-42d49:user/release-keys	2024-01-05		
OnePlus	OnePlus	OnePlus 8T	KB2001	OnePlus8T	OnePlus8T_IND	14	UKQ1.230924.001	R.153c840_1-f932	OnePlus/OnePlus8T_IND/OnePlus8T:14/UKQ1.230924.001/R.153c840_1-f932:user/release-keys	2023-12-05		
OnePlus	OPLUS	OnePlus 9 Pro 5G	LE2127	OnePlus9ProTMO	OnePlus9ProTMO	14	UKQ1.230924.001	R.16073bf-1f879_7e575	OnePlus/OnePlus9ProTMO/OnePlus9ProTMO:14/UKQ1.230924.001/R.16073bf-1f879_7e575:user/release-keys	2024-01-05	lahaina	lahaina
OnePlus	OnePlus	OnePlus 9R	LE2101	OnePlus9R	OnePlus9R_IND	14	UKQ1.230924.001	R.15476e7_1-1a7d9	OnePlus/OnePlus9R_IND/OnePlus9R:14/UKQ1.230924.001/R.15476e7_1-1a7d9:user/release-keys	2023-12-05		
OnePlus	OnePlus	OnePlus 9 5G	LE2117	OnePlus9TMO	OnePlus9TMO	14	UKQ1.230924.001	R.16073bd-1f888_7e577	OnePlus/OnePlus9TMO/OnePlus9TMO:14/UKQ1.230924.001/R.16073bd-1f888_7e577:user/release-keys	2024-01-05		
OnePlus	OnePlus	OnePlus 9 5G	LE2111	OnePlus9	OnePlus9_IND	14	UKQ1.230924.001	R.1527374_1-38ae4	OnePlus/OnePlus9_IND/OnePlus9:14/UKQ1.230924.001/R.1527374_1-38ae4:user/release-keys	2023-12-05		
OnePlus	OnePlus	PHK110	PHK110	OP5913L1	PHK110	14	UKQ1.231108.001	T.18a83db_1-11507	OnePlus/PHK110/OP5913L1:14/UKQ1.231108.001/T.18a83db_1-11507:user/release-keys	2024-06-05		
OnePlus	OnePlus	Oneplus Ace 3 Pro	PJX110	OP5D06L1	PJX110	14	UKQ1.231108.001	U.18ef8d2_39ec-40c0	OnePlus/PJX110/OP5D06L1:14/UKQ1.231108.001/U.18ef8d2_39ec-40c0:user/release-keys	2024-06-05		
POCO	POCO	Air	23128PC33I	air	air_p	14	UP1A.231005.007	V816.0.1.0.UGQCNXM	POCO/air_p/air:14/UP1A.231005.007/V816.0.1.0.UGQCNXM:user/release-keys	2024-04-01		
POCO	POCO	Redmi 13C 5G	23124RN87G	atmos	atmos_p	14	UP1A.231005.007	V816.0.1.0.UGQCNXM	POCO/atmos_p/atmos:14/UP1A.231005.007/V816.0.1.0.UGQCNXM:user/release-keys	2024-04-01		
POCO	POCO	Teracube 2s	23129RA5FL	sapphire	sapphire_global	14	UKQ1.231207.002	V816.0.2.0.UNGMIXM	POCO/sapphire_global/sapphire:14/UKQ1.231207.002/V816.0.2.0.UNGMIXM:user/release-keys	2024-03-01		
Redmi	Redmi	Air	23124RN87C	air	air	14	UP1A.231005.007	V816.0.1.0.UGQCNXM	Redmi/air/air:14/UP1A.231005.007/V816.0.1.0.UGQCNXM:user/release-keys	2024-04-01		
Redmi	Redmi	Redmi 13C 5G	23124RN87G	atmos	atmos	14	UP1A.231005.007	V816.0.1.0.UGQCNXM	Redmi/atmos/atmos:14/UP1A.231005.007/V816.0.1.0.UGQCNXM:user/release-keys	2024-04-01		
Redmi	Android	Redmi Pad SE 8.7	24075RP89G	flare	flare_eea	14	SP1A.210812.016	V816.0.3.0.UHXEUXM	Redmi/flare_eea/flare:14/SP1A.210812.016/V816.0.3.0.UHXEUXM:user/release-keys	2024-07-01	mt6768	mt6768
Redmi	Android	Redmi 10 5G	22041219G	light	light	14	UP1A.230905.011	V816.0.5.0.ULSCNXM	Redmi/light/light:14/UP1A.230905.011/V816.0.5.0.ULSCNXM:user/release-keys	2023-12-01	mt6833	mt6833
Redmi	Redmi	Redmi Pad Pro 5G	2407CRP83C	ruan	ruan	14	UKQ1.240116.001	V816.0.1.0.UFSINXM	Redmi/ruan/ruan:14/UKQ1.240116.001/V816.0.1.0.UFSINXM:user/release-keys	2024-06-01		
Redmi	Redmi	Redmi Pad Pro 5G	24074RPD2C	ruan	ruan	14	UKQ1.240116.001	V816.0.2.0.UFSCNDM	Redmi/ruan/ruan:14/UKQ1.240116.001/V816.0.2.0.UFSCNDM:user/release-keys	2024-05-01		
Redmi	Redmi	Redmi Note 13	23129RAA4G	sapphire	sapphire_global	14	UKQ1.231207.002	V816.0.2.0.UNGMIXM	Redmi/sapphire_global/sapphire:14/UKQ1.231207.002/V816.0.2.0.UNGMIXM:user/release-keys	2024-03-01		
Redmi	Android	Redmi Pad SE 4G	24076RP19I	spark	spark_in	14	SP1A.210812.016	V816.0.1.0.UHYINXM	Redmi/spark_in/spark:14/SP1A.210812.016/V816.0.1.0.UHYINXM:user/release-keys	2024-06-01	mt6768	mt6768
Redmi	Android	Redmi 15 5G	25057PC09I	spring	spring_global	14	UKQ1.250213.001	OS2.0.208.0.VOUMIXM	Redmi/spring_global/spring:14/UKQ1.250213.001/OS2.0.208.0.VOUMIXM:user/release-keys	2026-02-01	blair	blair
Xiaomi	Xiaomi	Xiaomi TV Box S	MiTV-AFMU0	twilight	twilight	14	UKG3.250107.001	V816.0.25.6.13.1.UZFAABX	Xiaomi/twilight/twilight:14/UKG3.250107.001/V816.0.25.6.13.1.UZFAABX:user/release-keys	2025-05-01		
Xiaomi	Android	Redmi A4 5G	24116PCC1I	warm	warm_global	14	UKQ1.240624.001	V816.0.2.0.UGVINXM	Xiaomi/warm_global/warm:14/UKQ1.240624.001/V816.0.2.0.UGVINXM:user/release-keys	2024-09-01	pitti	pitti
google	google	Pixel 5a 5G	Pixel 5a	barbet	barbet	14	AP1A.240505.004	11583682	google/barbet/barbet:14/AP1A.240505.004/11583682:user/release-keys	2024-05-05		
google	google	Pixel 5a 5G	Pixel 5a	barbet	barbet_beta	14	AP11.231117.006	11174680	google/barbet_beta/barbet:14/AP11.231117.006/11174680:user/release-keys	2023-12-05		
google	google	Pixel 4a (5G)	Pixel 4a (5G)	bramble	bramble	14	UP1A.231005.007	10754064	google/bramble/bramble:14/UP1A.231005.007/10754064:user/release-keys	2023-10-05		
google	google	Pixel Fold	Pixel Fold	felix	felix	14	UP1A.231005.007	10754064	google/felix/felix:14/UP1A.231005.007/10754064:user/release-keys	2023-10-05	GS201	gs201
google	google	Pixel Fold	Pixel Fold	felix	felix_beta	14	AP11.231020.013.A1	11055090	google/felix_beta/felix:14/AP11.231020.013.A1/11055090:user/release-keys	2023-11-01		
google	google	Google TV Streamer	Google TV Streamer	kirkwood	kirkwood	14	UTT3.240625.001.K5	12147201	google/kirkwood/kirkwood:14/UTT3.240625.001.K5/12147201:user/release-keys	2024-08-01		
google	google	Dialga	Dialga	monaco	monaco	14	AW2A.240903.001.A3	198	google/monaco/monaco:14/AW2A.240903.001.A3/198:user/release-keys	2025-01-01	monaco	monaco
google	google	Pixel watch 3	Pixel Watch 3	seluna	seluna	14	AW2A.240903.001.A3	12102650	google/seluna/seluna:14/AW2A.240903.001.A3/12102650:user/release-keys	2024-09-05		
google	google	Pixel watch 3	Pixel Watch 3	solios	solios	14	AW2A.241105.012	12502029	google/solios/solios:14/AW2A.241105.012/12502029:user/release-keys	2024-11-05		
google	google	Pixel Tablet	Pixel Tablet	tangorpro	tangorpro	14	AP1A.240405.002	11480754	google/tangorpro/tangorpro:14/AP1A.240405.002/11480754:user/release-keys	2024-04-05		
google	google	Pixel Tablet	Pixel Tablet	tangorpro	tangorpro_beta	14	UPB4.230623.005	10442412	google/tangorpro_beta/tangorpro:14/UPB4.230623.005/10442412:user/release-keys	2023-07-05		
iQOO	iQOO	iQOO 11	I2212T	I2212	I2212T	14	UP1A.230620.001	compiler08031239	iQOO/I2212T/I2212:14/UP1A.230620.001/compiler08031239:user/release-keys	2023-09-05		
iQOO	iQOO	iQOO 12	I2220T	I2220	I2220T	14	UP1A.231005.007	compiler11280145	iQOO/I2220T/I2220:14/UP1A.231005.007/compiler11280145:user/release-keys	2023-11-01		
motorola	motorola	moto g84 5G	moto g84 5G	bangkk	bangkk_g	14	U1TC34M.22-64-18	48c0d4	motorola/bangkk_g/bangkk:14/U1TC34M.22-64-18/48c0d4:user/release-keys	2024-05-01		
motorola	motorola	moto g54 5G	moto g54 5G	cancunf	cancunf_ap_sys	14	U1TDJ34M.100	e5f9c	motorola/cancunf_ap_sys/cancunf:14/U1TDJ34M.100/e5f9c:user/release-keys	2024-02-01		
motorola	motorola	moto g54 5G	moto g73 5G	devonf	devonf_g_sys	14	U1TN34M.82-12-7	62b22	motorola/devonf_g_sys/devonf:14/U1TN34M.82-12-7/62b22:user/release-keys	2024-02-01		
motorola	motorola	moto g34	XT2363-4	fogos	fogos_cn	14	U1UG34M.23-23-3	fbd258	motorola/fogos_cn/fogos:14/U1UG34M.23-23-3/fbd258:user/release-keys	2023-12-01		
motorola	motorola	moto g34 5G	moto g34 5G	fogos	fogos_g	14	U1UG34M.23-12-2	7e23c	motorola/fogos_g/fogos:14/U1UG34M.23-12-2/7e23c:user/release-keys	2023-11-01		
motorola	motorola	T Phone Pro	moto g04	lion	lion_g	14	ULAS34.89-146-1-1	8c2d0f48	motorola/lion_g/lion:14/ULAS34.89-146-1-1/8c2d0f48:user/release-keys	2024-08-05		
motorola	motorola	moto G53	XT2335-3	penang	penang_cn	14	U1TPC34M.3-26-3	b1e941	motorola/penang_cn/penang:14/U1TPC34M.3-26-3/b1e941:user/release-keys	2023-12-01		
realme	realme	realme Pad 2	RMP2204	RE5C6EL1	RMP2204	14	SP1A.210812.016	T.R4T1.1d5291a_1	realme/RMP2204/RE5C6EL1:14/SP1A.210812.016/T.R4T1.1d5291a_1:user/release-keys	2025-04-01		
realme	realme	真我GT 2 Pro	RMX3300	RE547F	RMX3300	14	SKQ1.221119.001	S.ff4b50-14_12736	realme/RMX3300/RE547F:14/SKQ1.221119.001/S.ff4b50-14_12736:user/release-keys	2023-04-05		
realme	realme	realme GT 2 Pro	RMX3301	RED8ACL1	RMX3301	14	SKQ1.221119.001	S.ff244e-1f_14e38	realme/RMX3301/RED8ACL1:14/SKQ1.221119.001/S.ff244e-1f_14e38:user/release-keys	2023-04-05		
realme	realme	realme GT NEO 3T	RMX3371	RE54E4L1	RMX3371	14	UKQ1.230924.001	S.16ce7ad_a116_1	realme/RMX3371/RE54E4L1:14/UKQ1.230924.001/S.16ce7ad_a116_1:user/release-keys	2024-03-05		
realme	realme	realme 9Pro 5G	RMX3471	RE54CBL1	RMX3471	14	UKQ1.230924.001	S.15fc87f_1-28ab4	realme/RMX3471/RE54CBL1:14/UKQ1.230924.001/S.15fc87f_1-28ab4:user/release-keys	2023-12-05		
realme	realme	真我 GT2 大师探索版	RMX3551	RE5465	RMX3551	14	UKQ1.230924.001	S.155c5a9-1649f-34fa6	realme/RMX3551/RE5465:14/UKQ1.230924.001/S.155c5a9-1649f-34fa6:user/release-keys	2023-12-05		
realme	realme	realme GT NEO 3 150W	RMX3563	RED8BEL1	RMX3563	14	UKQ1.230924.001	S.16b9ceb-a50f-a510	realme/RMX3563/RED8BEL1:14/UKQ1.230924.001/S.16b9ceb-a50f-a510:user/release-keys	2024-03-05		
realme	realme	realme 10	RMX3630	RE8DDCL1	RMX3630T2	14	UKQ1.230924.001	S.18d39ed_2c529	realme/RMX3630T2/RE8DDCL1:14/UKQ1.230924.001/S.18d39ed_2c529:user/release-keys	2024-07-05		
realme	realme	realme 10 Pro 5G	RMX3660	RE588BL1	RMX3660	14	UKQ1.230924.001	T.R4T2.1927be9-3bb5_697a2	realme/RMX3660/RE588BL1:14/UKQ1.230924.001/T.R4T2.1927be9-3bb5_697a2:user/release-keys	2024-08-05		
realme	realme	realme GT Neo 5 SE	RMX3701	RE58D1L1	RMX3701	14	UKQ1.230924.001	T.R4T1.15ddb1e_a409-69127	realme/RMX3701/RE58D1L1:14/UKQ1.230924.001/T.R4T1.15ddb1e_a409-69127:user/release-keys	2024-01-05		
realme	realme	RMX3771	RMX3771	RE58B8L1	RMX3771	14	UKQ1.230924.001	T.R4T2.16d3fdc_1	realme/RMX3771/RE58B8L1:14/UKQ1.230924.001/T.R4T2.16d3fdc_1:user/release-keys	2024-02-05		
realme	realme	真我12 Pro+	RMX3841	RE5C3B	RMX3841	14	UKQ1.230924.001	U.16909e9_1ed20_19b66	realme/RMX3841/RE5C3B:14/UKQ1.230924.001/U.16909e9_1ed20_19b66:user/release-keys	2024-02-05		
realme	realme	realme 12 Pro 5G	RMX3842	RE5C84L1	RMX3842IN	14	UKQ1.230924.001	U.R4T2.15a8097_13f0a_13f0b	realme/RMX3842IN/RE5C84L1:14/UKQ1.230924.001/U.R4T2.15a8097_13f0a_13f0b:user/release-keys	2023-12-05		
realme	realme	真我GT Neo6 SE	RMX3850	RE5C39L1	RMX3850	14	UP1A.231005.007	U.178a22c_1-257e3	realme/RMX3850/RE5C39L1:14/UP1A.231005.007/U.178a22c_1-257e3:user/release-keys	2024-03-05		
realme	realme	真我GT Neo6	RMX3852	RE5C46L1	RMX3852	14	UP1A.231005.007	U.17f13ff_1-adf	realme/RMX3852/RE5C46L1:14/UP1A.231005.007/U.17f13ff_1-adf:user/release-keys	2024-04-05		
realme	realme	realme 12 Lite	RMX3890	RE5C91L1	RMX3890	14	UKQ1.230917.001	U.R4T2.202503211536	realme/RMX3890/RE5C91L1:14/UKQ1.230917.001/U.R4T2.202503211536:user/release-keys	2025-03-01	bengal	bengal
realme	realme	RMX3997	RMX3997	RE5C9AL1	RMX3997IN	14	UP1A.231005.007	U.R4T2.1834582_f40d-63b4e	realme/RMX3997IN/RE5C9AL1:14/UP1A.231005.007/U.R4T2.1834582_f40d-63b4e:user/release-keys	2024-04-05		
samsung	samsung	Galaxy S24	SCG25_jp_kdi	SCG25	SCG25_jp_kdi	14	UP1A.231005.007	SCG25KDS1AYA2	samsung/SCG25_jp_kdi/SCG25:14/UP1A.231005.007/SCG25KDS1AYA2:user/release-keys	2025-01-01	pineapple	pineapple
samsung	samsung	Galaxy M13 5G	SM-M136B	a13x	a13xins	14	UP1A.231005.007	M136BXXS6DWL1	samsung/a13xins/a13x:14/UP1A.231005.007/M136BXXS6DWL1:user/release-keys	2023-12-01		
samsung	samsung	Galaxy A13 5G	SM-A136B	a13x	a13xnsxx	14	UP1A.231005.007	A136BXXS5DXA3	samsung/a13xnsxx/a13x:14/UP1A.231005.007/A136BXXS5DXA3:user/release-keys	2024-01-01		
samsung	samsung	Galaxy A24	SM-A245F	a24	a24nsxx	14	UP1A.231005.007	A245FXXS3BXA1	samsung/a24nsxx/a24:14/UP1A.231005.007/A245FXXS3BXA1:user/release-keys	2024-01-01		
samsung	samsung	Galaxy S24	SM-S9210	e1q	e1qzcx	14	UP1A.231005.007	S9210ZCS3AXFE	samsung/e1qzcx/e1q:14/UP1A.231005.007/S9210ZCS3AXFE:user/release-keys	2024-05-01	pineapple	pineapple
samsung	samsung	Galaxy S24+	SM-S9260	e2q	e2qzcx	14	UP1A.231005.007	S9260ZCS3AXI1	samsung/e2qzcx/e2q:14/UP1A.231005.007/S9260ZCS3AXI1:user/release-keys	2024-09-01	pineapple	pineapple
samsung	samsung	Galaxy Watch7	SM-L310	fresh7bl	fresh7blue	14	AW2E.240318.016	L310XXU1AXG2	samsung/fresh7blue/fresh7bl:14/AW2E.240318.016/L310XXU1AXG2:user/release-keys	2024-06-01		
samsung	samsung	Galaxy Tab A7 Lite	SM-T225	gta7lite	gta7litexx	14	UP1A.231005.007	T225XXU6DWL9	samsung/gta7litexx/gta7lite:14/UP1A.231005.007/T225XXU6DWL9:user/release-keys	2023-12-01		
samsung	samsung	Galaxy F15 5G	SM-E156B	m15x	m15xnndxx	14	UP1A.231005.007	E156BXXS2AXE1	samsung/m15xnndxx/m15x:14/UP1A.231005.007/E156BXXS2AXE1:user/release-keys	2024-05-01		
samsung	samsung	Galaxy XCover 5	SM-G525N	xcover5	xcover5kx	14	UP1A.231005.007	G525NKXSADXG1	samsung/xcover5kx/xcover5:14/UP1A.231005.007/G525NKXSADXG1:user/release-keys	2024-07-01		
vivo	vivo	X90 Pro	V2219	V2219	V2219	14	UP1A.230620.001	compiler07281738	vivo/V2219/V2219:14/UP1A.230620.001/compiler07281738:user/release-keys	2023-09-05		
vivo	vivo	X90 Pro	PD2242F_EX	V2219	V2219	14	UP1A.230905.011	compiler09210006	vivo/V2219/V2219:14/UP1A.230905.011/compiler09210006:user/release-keys	2023-09-05		
vivo	vivo	V27 Pro	V2230	V2230	V2230	14	UP1A.231005.007	compiler05071147	vivo/V2230/V2230:14/UP1A.231005.007/compiler05071147:user/release-keys	2024-05-01		
vivo	vivo	X100	V2308T	V2308	V2308T	14	UP1A.231005.007	compiler01232129	vivo/V2308T/V2308:14/UP1A.231005.007/compiler01232129:user/release-keys	2024-01-01		
vivo	vivo	X100 Pro	V2309	V2309	V2309	14	UP1A.231005.007	compiler04102209	vivo/V2309/V2309:14/UP1A.231005.007/compiler04102209:user/release-keys	2024-04-01		
vivo	vivo	X100 Pro	V2309_EEA	V2309	V2309_EEA	14	UP1A.231005.007	compiler01231959	vivo/V2309_EEA/V2309:14/UP1A.231005.007/compiler01231959:user/release-keys	2024-01-01		
POCO	POCO	Redmi Pad Pro 5G	24074PCD2I	ruan	ruan_p	14	SKQ1.231214.001	V816.0.2.0.UFSCNDM	POCO/ruan_p/ruan:14/SKQ1.231214.001/V816.0.2.0.UFSCNDM:user/release-keys			
Redmi	Redmi	Redmi Note 12 DISCOVERY EDITION	22101316UC	rubyplus	rubyplus	14	UP1A.230620.001	V816.0.5.0.UMOCNXM	Redmi/rubyplus/rubyplus:14/UP1A.230620.001/V816.0.5.0.UMOCNXM:user/release-keys			
Redmi	Redmi	Redmi Note 12 DISCOVERY EDITION	22101316UC	rubyplus	rubyplus_global	14	UP1A.230620.001	V816.0.1.0.UMOMIXM	Redmi/rubyplus_global/rubyplus:14/UP1A.230620.001/V816.0.1.0.UMOMIXM:user/release-keys			
Redmi	Redmi	Redmi Note 12 Pro+	22101316UCP	rubypro	rubypro	14	UP1A.230620.001	V816.0.5.0.UMOCNXM	Redmi/rubypro/rubypro:14/UP1A.230620.001/V816.0.5.0.UMOCNXM:user/release-keys			
Redmi	Redmi	Redmi Note 12 Pro+ 5G	22101316UG	rubypro	rubypro_global	14	UP1A.230620.001	V816.0.1.0.UMOMIXM	Redmi/rubypro_global/rubypro:14/UP1A.230620.001/V816.0.1.0.UMOMIXM:user/release-keys			
motorola	motorola	motorola edge 50 ultra	motorola edge 50 ultra	ctwo	ctwo	14	U3UV34.26-17-4	ee7db	motorola/ctwo/ctwo:14/U3UV34.26-17-4/ee7db:user/release-keys			
Lenovo	LENOVO	Lenovo Tab P11 Pro (2nd Gen)	LenovoTB132FU_ROW	TB132FU	TB132FU	14	UP1A.231005.007	TB132FU_S340047_241204_ROW	Lenovo/TB132FU/TB132FU:14/UP1A.231005.007/TB132FU_S340047_241204_ROW:user/release-keys	2024-11-05		
Lenovo	LENOVO	联想平板电脑 启天K10c	TB330FU	TB330FU	TB330FU	14	UP1A.231005.007	USR_S20010_ROW	Lenovo/TB330FU/TB330FU:14/UP1A.231005.007/USR_S20010_ROW:user/release-keys	2024-05-05		
Nothing	Nothing	Nothing Phone (4a)	A069	Frogger	Frogger	14	UKQ1.250915.001	2603091830	Nothing/Frogger/Frogger:14/UKQ1.250915.001/2603091830:user/release-keys	2026-03-01	volcano	volcano
Nothing	Nothing	Nothing Phone (4b)	A009P	SuperContra	SuperContra	14	UKQ1.260129.001	2607031843	Nothing/SuperContra/SuperContra:14/UKQ1.260129.001/2607031843:user/release-keys	2026-06-01	volcano	volcano
Nothing	Nothing	CMF by Nothing Phone 1	A015	Tetris	Tetris	14	UP1A.231005.007	2406061805	Nothing/Tetris/Tetris:14/UP1A.231005.007/2406061805:user/release-keys	2024-06-01		
asus	asus	ROG Phone 6 series	AI2201	ASUS_AI2201	WW_AI2201	14	UKQ1.230924.001	34.0210.0210.241-0	asus/WW_AI2201/ASUS_AI2201:14/UKQ1.230924.001/34.0210.0210.241-0:user/release-keys	2024-01-05		
asus	asus	Zenfone 9	AI2202	ASUS_AI2202	WW_AI2202	14	UKQ1.230924.001	34.0304.2004.108	asus/WW_AI2202/ASUS_AI2202:14/UKQ1.230924.001/34.0304.2004.108:user/release-keys	2024-04-05		
meizu	meizu	MEIZU Lucky 08	M2431	MeizuVenus	Meizu_Lucky08_CN	14	UKQ1.240523.001	1721478536	meizu/Meizu_Lucky08_CN/MeizuVenus:14/UKQ1.240523.001/1721478536:user/release-keys	2024-10-05		
meizu	meizu	MEIZU 20 Inf	M2392	meizu20Inf	meizu_20Inf_CN	14	UKQ1.230917.001	1686781453	meizu/meizu_20Inf_CN/meizu20Inf:14/UKQ1.230917.001/1686781453:user/release-keys	2024-06-05		
meizu	meizu	meizu 21 PRO	M2481	meizu21Pro	meizu_21Pro_CN	14	UKQ1.230917.001	1681788841	meizu/meizu_21Pro_CN/meizu21Pro:14/UKQ1.230917.001/1681788841:user/release-keys	2024-01-05		
meizu	meizu	meizu 21	M2461	meizu21	meizu_21_CN	14	UKQ1.230917.001	1697429828	meizu/meizu_21_CN/meizu21:14/UKQ1.230917.001/1697429828:user/release-keys	2023-10-05		
nubia	nubia	nubia Z60S Pro	NX725J	PQ82A04	CN_PQ82A04	14	UKQ1.230917.001	20240810.182152	nubia/CN_PQ82A04/PQ82A04:14/UKQ1.230917.001/20240810.182152:user/release-keys	2024-07-01		
nubia	nubia	nubia Z60 Ultra	NX721J	PQ83A01	CN_PQ83A01	14	UKQ1.230917.001	20240718.123407	nubia/CN_PQ83A01/PQ83A01:14/UKQ1.230917.001/20240718.123407:user/release-keys	2024-06-01		
Infinix	Infinix	Infinix NOTE 40	X6853-OP	Infinix-X6853	X6853-OP	14	UP1A.231005.007	231123V686	Infinix/X6853-OP/Infinix-X6853:14/UP1A.231005.007/231123V686:user/release-keys	2023-11-05		
Infinix	Infinix	GT 20 Pro	X6871-OP	Infinix-X6871	X6871-OP	14	UP1A.231005.007	240419V1902	Infinix/X6871-OP/Infinix-X6871:14/UP1A.231005.007/240419V1902:user/release-keys	2024-04-05		
Itel	Itel	itel VistaTab  30	K1101RU	itel-P10003L	P10003L-RU	14	UP1A.231005.007	92573	Itel/P10003L-RU/itel-P10003L:14/UP1A.231005.007/92573:user/release-keys	2024-04-05	T616	ums9230
TECNO	TECNO	TECNO CAMON 30 5G	CL7-OP	TECNO-CL7	CL7-OP	14	UP1A.231005.007	231220V733	TECNO/CL7-OP/TECNO-CL7:14/UP1A.231005.007/231220V733:user/release-keys	2023-12-05		
TECNO	TECNO	TECNO SPARK 20 Pro+	KJ7-OP	TECNO-KJ7	KJ7-OP	14	UP1A.231005.007	240423V2108	TECNO/KJ7-OP/TECNO-KJ7:14/UP1A.231005.007/240423V2108:user/release-keys	2024-04-05		
AYANEO	AYANEO	AYANEO_PocketS2	AYANEO_PocketS2	PocketS2	AYANEO_PocketS2	14	01.00_20250829_private_user	scm08291100	AYANEO/AYANEO_PocketS2/PocketS2:14/01.00_20250829_private_user/scm08291100:user/release-keys	2024-08-05		
Alldocube	Alldocube	iPlay60_mini_Pro	iPlay60 mini Pro	iPlay60_mini_Pro	iPlay60_mini_Pro	14	UP1A.231005.007	1733385858	Alldocube/iPlay60_mini_Pro/iPlay60_mini_Pro:14/UP1A.231005.007/1733385858:user/release-keys	2024-10-05		
CUBOT	CUBOT	KINGKONG 9	KINGKONG_9_EEA	KINGKONG_9	KINGKONG_9_EEA	14	UP1A.231005.007	1719472363	CUBOT/KINGKONG_9_EEA/KINGKONG_9:14/UP1A.231005.007/1719472363:user/release-keys	2024-05-05		
Daria	Daria	zahedan	DM-B50104	zahedan	zahedan	14	UQ1A.240205.004	V5.22.2.3.BOND	Daria/zahedan/zahedan:14/UQ1A.240205.004/V5.22.2.3.BOND:user/release-keys	2024-03-05		
DeutscheTelekom	DeutscheTelekom	T Phone	T Phone	Jaguar	Jaguar	14	UP1A.231005.007	317AA1_U_V011	DeutscheTelekom/Jaguar/Jaguar:14/UP1A.231005.007/317AA1_U_V011:user/release-keys	2024-09-05		
DeutscheTelekom	DeutscheTelekom	T Phone （2023）	T Phone (2023)	Leopard	Leopard	14	UP1A.231005.007	317CA1_U_V028	DeutscheTelekom/Leopard/Leopard:14/UP1A.231005.007/317CA1_U_V028:user/release-keys	2024-09-05		
DeutscheTelekom	DeutscheTelekom	T Phone Pro	T Phone Pro	Lion	Lion	14	UP1A.231005.007	215AA1_U_V011	DeutscheTelekom/Lion/Lion:14/UP1A.231005.007/215AA1_U_V011:user/release-keys	2024-09-05		
DeutscheTelekom	DeutscheTelekom	T Phone 2	T Phone 2	PUMA	PUMA	14	UKQ1.230924.001	SW_S88528AA1_V035	DeutscheTelekom/PUMA/PUMA:14/UKQ1.230924.001/SW_S88528AA1_V035:user/release-keys	2024-09-05		
DeutscheTelekom	DeutscheTelekom	T Phone Pro (2023)	T Phone Pro (2023)	Tiger	Tiger	14	UP1A.231005.007	215CA2_U_V028	DeutscheTelekom/Tiger/Tiger:14/UP1A.231005.007/215CA2_U_V028:user/release-keys	2024-09-05		
Dynalink	Dynalink	STI6130-D350	Dynalink TV Box	sti6130d350	sti6130d350	14	UKG3.240613.001	20250327	Dynalink/sti6130d350/sti6130d350:14/UKG3.240613.001/20250327:user/release-keys	2025-02-01		
ECHOLINK	ECHOLINK	Nova	ENOVA BOX	YYZ	SEI700BEL	14	UKG3.241022.001	3640	ECHOLINK/SEI700BEL/YYZ:14/UKG3.241022.001/3640:user/release-keys	2025-03-05		
HMD	HMD	MINT_LEGEND	Legend	LGD	Legend_00EEA	14	UP1A.231005.007	00WW_1_120	HMD/Legend_00EEA/LGD:14/UP1A.231005.007/00WW_1_120:user/release-keys	2024-03-05		
HMD	HMD	HMD Barça Fusion	HMD Fusion	NHK	Nighthawk_00WW	14	UKQ1.231121.002	00WW_1_350	HMD/Nighthawk_00WW/NHK:14/UKQ1.231121.002/00WW_1_350:user/release-keys	2024-09-05	parrot	parrot
HMD	HMD	HMD ARC	HMD ARC	NYX	Nyx_0AWW	14	UP1A.231005.007	00WW_1_140	HMD/Nyx_0AWW/NYX:14/UP1A.231005.007/00WW_1_140:user/release-keys	2025-01-05	SC9863A	sp9863a
HMD	HMD	HMD XR21	HMD XR21	SNT	Sentry_HMWW	14	UKQ1.231003.002	00WW_3_150	HMD/Sentry_HMWW/SNT:14/UKQ1.231003.002/00WW_3_150:user/release-keys	2024-05-05		
HMD	HMD	HMD Skyline	HMD Skyline	TCT	Tomcat_00WW	14	UKQ1.231121.002	00WW_1_380	HMD/Tomcat_00WW/TCT:14/UKQ1.231121.002/00WW_1_380:user/release-keys	2024-07-05	parrot	parrot
Haier	Haier	G 4K TV Dongle	Google TV Matrix	YQX	SEI700DHG	14	UKG3.241022.001	2604	Haier/SEI700DHG/YQX:14/UKG3.241022.001/2604:user/release-keys	2025-02-05		
LAVA	LAVA	LAVA LXX503	LAVA LXX503	LXX503	LXX503	14	UP1A.231005.007	1733797600	LAVA/LXX503/LXX503:14/UP1A.231005.007/1733797600:user/release-keys	2024-12-05		
LAVA	LAVA	LAVA LXX504	LAVA LXX504	LXX504	LXX504	14	UP1A.231005.007	1713872606	LAVA/LXX504/LXX504:14/UP1A.231005.007/1713872606:user/release-keys	2024-04-05		
LAVA	LAVA	LAVA LXX505	LAVA LXX505	LXX505	LXX505	14	UP1A.231005.007	1724837143	LAVA/LXX505/LXX505:14/UP1A.231005.007/1724837143:user/release-keys	2024-08-05		
LAVA	LAVA	Agni 3	AGNI;3	LXX518	LXX518	14	UP1A.231005.007	1740059000	LAVA/LXX518/LXX518:14/UP1A.231005.007/1740059000:user/release-keys	2025-02-05		
MOONDROP	MOONDROP	MD_PH_001	MD_PH_001	MD_PH_001	MD_PH_001	14	UP1A.231005.007	1727605290	MOONDROP/MD_PH_001/MD_PH_001:14/UP1A.231005.007/1727605290:user/release-keys	2024-08-05		
Meta	Meta	greatwhite		greatwhite	greatwhite	14	UKQ1.241029.001	54940170441600080	Meta/greatwhite/greatwhite:14/UKQ1.241029.001/54940170441600080:user/release-keys	2025-01-05		
NETOGY	NETOGY	Nova	NOVA	YXU	NOVA10	14	UKG	20251226	NETOGY/NOVA10/YXU:14/UKG/20251226:user/release-keys	2025-11-05		
OSOM	OSOM	Saga	Saga	ingot	ingot	14	UKQ1.231121.127	127	OSOM/ingot/ingot:14/UKQ1.231121.127/127:user/release-keys	2024-03-05		
TrustKernel	TrustKernel	PS01	PS01	PS01	PS01	14	UP1A.231005.007	1719700004	TrustKernel/PS01/PS01:14/UP1A.231005.007/1719700004:user/release-keys	2025-08-05		
Unihertz	Unihertz	Jelly Max	Jelly_Max	Jelly_Max	Jelly_Max	14	UP1A.231005.007	V01.00.03	Unihertz/Jelly_Max/Jelly_Max:14/UP1A.231005.007/V01.00.03:user/release-keys	2024-07-05		
Unihertz	Unihertz	Jelly Max	Jelly_Max_EEA	Jelly_Max	Jelly_Max_EEA	14	UP1A.231005.007	V01.00.00	Unihertz/Jelly_Max_EEA/Jelly_Max:14/UP1A.231005.007/V01.00.00:user/release-keys	2024-07-05		
Xelex	Xelex	Q25	Q25	Xelex10_Ultra	Xelex10_Ultra	14	20240427	UP1v	Xelex/Xelex10_Ultra/Xelex10_Ultra:14/20240427/UP1v:user/release-keys	2024-03-05		
onn	onn	100110027	100110027	mid1108_ms_64	100110027	14	UP1A.231005.007	qyh20240910	onn/100110027/mid1108_ms_64:14/UP1A.231005.007/qyh20240910:user/release-keys	2024-08-05		
onn	onn	onn. Streaming Device 4K pro	onn. Streaming Device 4K pro	SNA	jarvis	14	URO1.250103.055.A2	14238279	onn/jarvis/SNA:14/URO1.250103.055.A2/14238279:user/release-keys	2025-08-01		
onn	onn	onn. 12 Tablet  Pro	onn12TabletPro	onn12TabletPro	onn12TabletPro	14	UP1A.231005.007	11101418	onn/onn12TabletPro/onn12TabletPro:14/UP1A.231005.007/11101418:user/release-keys	2025-11-05		
onn	onn	onn. 4K Streaming Box	onn. 4K Streaming Box	YOC	onn_4k_gtv	14	URO4.260304.011.B1	15051976	onn/onn_4k_gtv/YOC:14/URO4.260304.011.B1/15051976:user/release-keys	2026-03-01		
volla	volla	Z832	Volla Tablet	mimir	mimir	14	AP2A.240905.003	37	volla/mimir/mimir:14/AP2A.240905.003/37:user/release-keys	2024-12-01		
Nokia	Nokia	Nokia T21	Nokia T21	AGT	Agent_00WW	13	TP1A.220624.014	00WW_2_420	Nokia/Agent_00WW/AGT:13/TP1A.220624.014/00WW_2_420:user/release-keys	2024-04-05		
Nokia	Nokia	Nokia G60 5G	Nokia G60 5G	APO_sprout	Apollo_00WW	13	TKQ1.220807.001	00WW_2_260	Nokia/Apollo_00WW/APO_sprout:13/TKQ1.220807.001/00WW_2_260:user/release-keys	2023-03-05		
Nokia	Nokia	Nokia G11 Plus	Nokia G11 Plus	MGKA_sprout	Magik_00WW	13	TP1A.220624.014	00WW_2_420	Nokia/Magik_00WW/MGKA_sprout:13/TP1A.220624.014/00WW_2_420:user/release-keys	2023-04-05		
Nokia	Nokia	Nokia T10	PenguinWifi_00EEA	PGN	PenguinWifi_00EEA	13	TP1A.220624.014	00WW_2_310	Nokia/PenguinWifi_00EEA/PGN:13/TP1A.220624.014/00WW_2_310:user/release-keys	2023-05-05		
Nokia	Nokia	Nokia T10	PenguinWifi_00RU	PGN	PenguinWifi_00RU	13	TP1A.220624.014	00WW_2_310	Nokia/PenguinWifi_00RU/PGN:13/TP1A.220624.014/00WW_2_310:user/release-keys	2023-05-05		
Nokia	Nokia	Nokia T10	PenguinWifi_00WW	PGN	PenguinWifi_00WW	13	TP1A.220624.014	00WW_2_310	Nokia/PenguinWifi_00WW/PGN:13/TP1A.220624.014/00WW_2_310:user/release-keys	2023-05-05		
Nokia	Nokia	Nokia T10	Penguin_00WV	PGN	Penguin_00WV	13	TP1A.220624.014	00WW_2_310	Nokia/Penguin_00WV/PGN:13/TP1A.220624.014/00WW_2_310:user/release-keys	2023-05-05		
Nokia	Nokia	Nokia T10	Nokia T10	PGN	Penguin_00WW	13	TP1A.220624.014	00WW_2_310	Nokia/Penguin_00WW/PGN:13/TP1A.220624.014/00WW_2_310:user/release-keys	2023-05-05		
Nokia	Nokia	Nokia G50	Nokia G50	PHR_sprout	Punisher_00WW	13	TKQ1.220807.001	00WW_3_200	Nokia/Punisher_00WW/PHR_sprout:13/TKQ1.220807.001/00WW_3_200:user/release-keys	2022-11-05		
Nokia	Nokia	Nokia T20	Nokia T20	RDD	Riddler_00WW	13	TP1A.220624.014	00WW_3_220	Nokia/Riddler_00WW/RDD:13/TP1A.220624.014/00WW_3_220:user/release-keys	2023-07-05		
Nokia	Nokia	Nokia G10	Nokia G10	ROGA_sprout	Rogue_00WW	13	TP1A.220624.014	00WW_3_300	Nokia/Rogue_00WW/ROGA_sprout:13/TP1A.220624.014/00WW_3_300:user/release-keys	2023-03-05		
Nokia	Nokia	Nokia G20	Nokia G20	RNN_sprout	Ronin_00WW	13	TP1A.220624.014	00WW_3_430	Nokia/Ronin_00WW/RNN_sprout:13/TP1A.220624.014/00WW_3_430:user/release-keys	2024-02-05		
Nokia	Nokia	Nokia X10	Nokia X10	SCW_sprout	ScarletWitch_00WW	13	TKQ1.220807.001	00WW_3_270	Nokia/ScarletWitch_00WW/SCW_sprout:13/TKQ1.220807.001/00WW_3_270:user/release-keys	2022-11-05		
Nokia	Nokia	Nokia G11	Nokia G11	SCT_sprout	Shadowcat_00WW	13	TP1A.220624.014	00WW_3_430	Nokia/Shadowcat_00WW/SCT_sprout:13/TP1A.220624.014/00WW_3_430:user/release-keys	2023-04-05		
Nokia	Nokia	Nokia G22	Nokia G22	SFI	Sunfire_00WW	13	TP1A.220624.014	00WW_2_500	Nokia/Sunfire_00WW/SFI:13/TP1A.220624.014/00WW_2_500:user/release-keys	2024-03-05		
Nokia	Nokia	Nokia XR20	Nokia XR20	TTG_sprout	TheThing_00WW	13	TKQ1.220807.001	00WW_3_220	Nokia/TheThing_00WW/TTG_sprout:13/TKQ1.220807.001/00WW_3_220:user/release-keys	2022-11-05		
OPPO	OPPO	CPH2263	CPH2263	OP4F39L1	CPH2263	13	TP1A.220905.001	R.1ac2af3_1_3d718	OPPO/CPH2263/OP4F39L1:13/TP1A.220905.001/R.1ac2af3_1_3d718:user/release-keys	2024-11-05		
OPPO	OPPO	F19 Pro	CPH2285	OP4F43L1	CPH2285	13	TP1A.220905.001	R.1065493+56478	OPPO/CPH2285/OP4F43L1:13/TP1A.220905.001/R.1065493+56478:user/release-keys	2023-05-05		
OPPO	OPPO	A77 5G	CPH2337	OP52F3L1	CPH2337	13	TP1A.220905.001	S.d50f6e_366	OPPO/CPH2337/OP52F3L1:13/TP1A.220905.001/S.d50f6e_366:user/release-keys	2022-12-05		
OPPO	OPPO	OPPO F21 Pro 5G	CPH2341	OP532FL1	CPH2341	13	TP1A.220624.003	R.202210111630	OPPO/CPH2341/OP532FL1:13/TP1A.220624.003/R.202210111630:user/release-keys	2022-09-05		
OPPO	OPPO	OPPO Reno7 5G	CPH2371	OPD4A1L1	CPH2371EEA	13	TP1A.220905.001	R.c59ce5-1	OPPO/CPH2371EEA/OPD4A1L1:13/TP1A.220905.001/R.c59ce5-1:user/release-keys	2022-12-05		
OPPO	OPPO	CPH2457	CPH2457	OP56E1L1	CPH2457	13	TP1A.220905.001	S.202301271830	OPPO/CPH2457/OP56E1L1:13/TP1A.220905.001/S.202301271830:user/release-keys	2023-01-05		
OPPO	OPPO	Find N3	CPH2499	OP56BBL1	CPH2499	13	TP1A.220905.001	T.R4T3.14c4df4-109fd-109fe	OPPO/CPH2499/OP56BBL1:13/TP1A.220905.001/T.R4T3.14c4df4-109fd-109fe:user/release-keys	2023-11-05		
OPPO	OPPO	Find N3 Flip	CPH2519	OP56CFL1	CPH2519	13	TP1A.220905.001	T.R4T3.13c2ea4_1-44bb5	OPPO/CPH2519/OP56CFL1:13/TP1A.220905.001/T.R4T3.13c2ea4_1-44bb5:user/release-keys	2023-09-05		
OPPO	OPPO	A38	CPH2579	OP5759L1	CPH2579	13	TP1A.220905.001	T.R4T2.12be82e_fdec	OPPO/CPH2579/OP5759L1:13/TP1A.220905.001/T.R4T2.12be82e_fdec:user/release-keys	2023-08-05		
OPPO	OPPO	OPD2102A	OPD2102A	OP5226L1	OPD2102AT2	13	RKQ1.211119.001	S.13633e2_1-14f5d	OPPO/OPD2102AT2/OP5226L1:13/RKQ1.211119.001/S.13633e2_1-14f5d:user/release-keys	2023-10-05		
OPPO	OPPO	OPPO Pad Air2	OPD2301	OP5D72L1	OPD2301	13	SP1A.210812.016	T.14b3f18_1	OPPO/OPD2301/OP5D72L1:13/SP1A.210812.016/T.14b3f18_1:user/release-keys	2023-11-05		
OPPO	OPPO	Find X2 Pro 中国版	PDEM30	OP4A7A	PDEM30	13	TP1A.220905.001	Q.d23920-1-25b66	OPPO/PDEM30/OP4A7A:13/TP1A.220905.001/Q.d23920-1-25b66:user/release-keys	2023-01-05		
OPPO	OPPO	Reno6 Pro+ 5G	PENM00	OP4EC1	PENM00	13	TP1A.220905.001	R.15f7037_1-3d3ba	OPPO/PENM00/OP4EC1:13/TP1A.220905.001/R.15f7037_1-3d3ba:user/release-keys	2024-02-05		
OPPO	OPPO	OPPO K9s 5G	PERM10	OP524F	PERM10	13	TP1A.220905.001	R.1b144cc-18489-76772	OPPO/PERM10/OP524F:13/TP1A.220905.001/R.1b144cc-18489-76772:user/release-keys	2024-11-05		
OPPO	OPPO	PEYM00	PEYM00	OP5245	PEYM00	13	TP1A.220905.001	R.e5c03a-57ae	OPPO/PEYM00/OP5245:13/TP1A.220905.001/R.e5c03a-57ae:user/release-keys	2023-02-05		
OPPO	OPPO	PFDM00	PFDM00	OP5217	PFDM00	13	TP1A.220905.001	R.162583b_1	OPPO/PFDM00/OP5217:13/TP1A.220905.001/R.162583b_1:user/release-keys	2024-02-05		
OPPO	OPPO	Reno7 中国版	PFJM10	OP5227	PFJM10	13	TP1A.220905.001	R.159807b-1-2	OPPO/PFJM10/OP5227:13/TP1A.220905.001/R.159807b-1-2:user/release-keys	2024-01-05		
OPPO	OPPO	Find X6	PGFM10	OP528F	PGFM10	13	TP1A.220905.001	T.e9c060_11c41-32411	OPPO/PGFM10/OP528F:13/TP1A.220905.001/T.e9c060_11c41-32411:user/release-keys	2023-02-05		
OPPO	OPPO	OPPO Find N2	PGU110	OP55F1L1	PGU110	13	SKQ1.220804.001	T.ea16a4_2_5b70	OPPO/PGU110/OP55F1L1:13/SKQ1.220804.001/T.ea16a4_2_5b70:user/release-keys	2023-01-05		
OPPO	OPPO	PGW110	PGW110	OP55FF	PGW110	13	SKQ1.220804.001	T.c932a2-1-301	OPPO/PGW110/OP55FF:13/SKQ1.220804.001/T.c932a2-1-301:user/release-keys	2022-10-05		
OPPO	OPPO	OPPO Reno9 Pro 5G	PGX110	OP5601	PGX110	13	SP1A.210812.016	T.c95959-5e745	OPPO/PGX110/OP5601:13/SP1A.210812.016/T.c95959-5e745:user/release-keys	2022-10-05		
OPPO	OPPO	PHM110	PHM110	OP5627	PHM110	13	RKQ1.211119.001	T.c93104-5cab7-1	OPPO/PHM110/OP5627:13/RKQ1.211119.001/T.c93104-5cab7-1:user/release-keys	2022-10-05		
OPPO	OPPO	Find N3 Flip	PHT110	OP5607L1	PHT110	13	TP1A.220905.001	T.1383c6f_1-57e5	OPPO/PHT110/OP5607L1:13/TP1A.220905.001/T.1383c6f_1-57e5:user/release-keys	2023-09-05		
OPPO	OPPO	OPPO Reno10 Pro+ 5G	PHU110	OP564B	PHU110	13	SKQ1.221119.001	T.10711c7_aaa-1165d	OPPO/PHU110/OP564B:13/SKQ1.221119.001/T.10711c7_aaa-1165d:user/release-keys	2023-04-05		
OnePlus	OnePlus	OnePlus Nord N300 5G	CPH2389	OP5547L1	CPH2389	13	TP1A.220905.001	S.eadc02_81b06	OnePlus/CPH2389/OP5547L1:13/TP1A.220905.001/S.eadc02_81b06:user/release-keys	2023-03-05		
OnePlus	OnePlus	OnePlus Nord CE 2 Lite 5G	CPH2409	OP535DL1	CPH2409	13	TP1A.220905.001	S.202301041400	OnePlus/CPH2409/OP535DL1:13/TP1A.220905.001/S.202301041400:user/release-keys	2023-01-05		
OnePlus	OnePlus	OnePlus 10T 5G	CPH2417	OP5552L1	CPH2417	13	TP1A.220905.001	S.13c269b_1-113b41	OnePlus/CPH2417/OP5552L1:13/TP1A.220905.001/S.13c269b_1-113b41:user/release-keys	2023-10-05		
OnePlus	OnePlus	OnePlus 10T 5G	CPH2419	OP5552L1	CPH2419	13	TP1A.220905.001	S.f09b70-d_bf1b	OnePlus/CPH2419/OP5552L1:13/TP1A.220905.001/S.f09b70-d_bf1b:user/release-keys	2023-03-05		
OnePlus	OnePlus	OnePlus Nord CE 3 Lite 5G	CPH2465	OP5958L1	CPH2465EEA	13	RKQ1.211119.001	T.R4T2.f9e513-4-11c2	OnePlus/CPH2465EEA/OP5958L1:13/RKQ1.211119.001/T.R4T2.f9e513-4-11c2:user/release-keys	2023-04-05		
OnePlus	OPLUS	Find X	PAFM00	OP5961L1	CPH2487	13	SKQ1.221012.001	T.R4T3.d94cfe_e54a_212a5	OnePlus/CPH2487/OP5961L1:13/SKQ1.221012.001/T.R4T3.d94cfe_e54a_212a5:user/release-keys	2023-01-05		
OnePlus	OnePlus	OnePlus Nord2 5G	DN2101	OP515BL1	DN2101IND	13	TP1A.220905.001	R.11a1562-1	OnePlus/DN2101IND/OP515BL1:13/TP1A.220905.001/R.11a1562-1:user/release-keys	2023-06-05		
OnePlus	OnePlus	OnePlus Nord2 5G	DN2103	OP515BL1	DN2103EEA	13	TP1A.220905.001	R.108b2c1-1	OnePlus/DN2103EEA/OP515BL1:13/TP1A.220905.001/R.108b2c1-1:user/release-keys	2023-05-05		
OnePlus	OnePlus	OnePlus Nord CE 2	IV2201	OP555BL1	IV2201	13	TP1A.220905.001	R.e1a4f0-1	OnePlus/IV2201/OP555BL1:13/TP1A.220905.001/R.e1a4f0-1:user/release-keys	2023-01-05		
OnePlus	OnePlus	OnePlus 9RT 5G	MT2110	OP5154L1	MT2110_CH	13	TP1A.220624.014	R.202208251631	OnePlus/MT2110_CH/OP5154L1:13/TP1A.220624.014/R.202208251631:user/release-keys	2022-08-05		
OnePlus	OnePlus	OnePlus 10 Pro 5G	NE2215	OP516FL1	NE2215	13	SKQ1.211113.001	S.202207011134	OnePlus/NE2215/OP516FL1:13/SKQ1.211113.001/S.202207011134:user/release-keys	2022-05-05		
OnePlus	OnePlus	OnePlus 8	IN2015	OnePlus8	OnePlus8	13	RKQ1.211119.001	Q.11402a4-c5f9-c5fa	OnePlus/OnePlus8/OnePlus8:13/RKQ1.211119.001/Q.11402a4-c5f9-c5fa:user/release-keys	2023-06-05		
OnePlus	OnePlus	OnePlus 8 Pro	IN2025	OnePlus8Pro	OnePlus8Pro	13	RKQ1.211119.001	Q.11402a4-c5f9-c5fa	OnePlus/OnePlus8Pro/OnePlus8Pro:13/RKQ1.211119.001/Q.11402a4-c5f9-c5fa:user/release-keys	2023-06-05		
OnePlus	OnePlus	OnePlus 8 Pro	IN2020	OnePlus8Pro	OnePlus8Pro_CH	13	RKQ1.211119.001	Q.202210030833	OnePlus/OnePlus8Pro_CH/OnePlus8Pro:13/RKQ1.211119.001/Q.202210030833:user/release-keys	2022-09-05		
OnePlus	OnePlus	OnePlus 8 Pro	IN2023	OnePlus8Pro	OnePlus8Pro_EEA	13	RKQ1.211119.001	Q.1870b9f-4227_f18b	OnePlus/OnePlus8Pro_EEA/OnePlus8Pro:13/RKQ1.211119.001/Q.1870b9f-4227_f18b:user/release-keys	2024-06-05		
OnePlus	OnePlus	OnePlus 8 Pro	IN2021	OnePlus8Pro	OnePlus8Pro_IND	13	RKQ1.211119.001	Q.103e8cb-1-2	OnePlus/OnePlus8Pro_IND/OnePlus8Pro:13/RKQ1.211119.001/Q.103e8cb-1-2:user/release-keys	2023-05-05		
OnePlus	OnePlus	OnePlus 8T	KB2005	OnePlus8T	OnePlus8T	13	RKQ1.211119.001	R.1038153-5ce-8e549	OnePlus/OnePlus8T/OnePlus8T:13/RKQ1.211119.001/R.1038153-5ce-8e549:user/release-keys	2023-04-05		
OnePlus	OnePlus	OnePlus 8 5G	IN2017	OnePlus8TMO	OnePlus8TMO	13	RKQ1.211119.001	Q.e4fd2d-1-6bc9	OnePlus/OnePlus8TMO/OnePlus8TMO:13/RKQ1.211119.001/Q.e4fd2d-1-6bc9:user/release-keys	2023-02-05		
OnePlus	OnePlus	OnePlus 8T	KB2000	OnePlus8T	OnePlus8T_CH	13	RKQ1.211119.001	R.202208221640	OnePlus/OnePlus8T_CH/OnePlus8T:13/RKQ1.211119.001/R.202208221640:user/release-keys	2022-09-05		
OnePlus	OnePlus	OnePlus 8	IN2010	OnePlus8	OnePlus8_CH	13	RKQ1.211119.001	Q.13f1c05-1-123688	OnePlus/OnePlus8_CH/OnePlus8:13/RKQ1.211119.001/Q.13f1c05-1-123688:user/release-keys	2023-10-05		
OnePlus	OnePlus	OnePlus 8	IN2013	OnePlus8	OnePlus8_EEA	13	RKQ1.211119.001	Q.1870b9f-4227_f18b	OnePlus/OnePlus8_EEA/OnePlus8:13/RKQ1.211119.001/Q.1870b9f-4227_f18b:user/release-keys	2024-06-05		
OnePlus	OnePlus	OnePlus 8	IN2011	OnePlus8	OnePlus8_IND	13	RKQ1.211119.001	Q.103e8cb-1-2	OnePlus/OnePlus8_IND/OnePlus8:13/RKQ1.211119.001/Q.103e8cb-1-2:user/release-keys	2023-05-05		
OnePlus	OnePlus	OnePlus 9 5G	LE2115	OnePlus9	OnePlus9	13	TP1A.220624.003	R.202208030717	OnePlus/OnePlus9/OnePlus9:13/TP1A.220624.003/R.202208030717:user/release-keys	2022-08-05		
OnePlus	OnePlus	OnePlus 9R	LE2100	OnePlus9R	OnePlus9R_CH	13	TP1A.220905.001	R.202208191715	OnePlus/OnePlus9R_CH/OnePlus9R:13/TP1A.220905.001/R.202208191715:user/release-keys	2022-09-05		
OnePlus	OnePlus	OnePlus 9 5G	LE2110	OnePlus9	OnePlus9_CH	13	TP1A.220624.003	R.202208030717	OnePlus/OnePlus9_CH/OnePlus9:13/TP1A.220624.003/R.202208030717:user/release-keys	2022-08-05		
OnePlus	OnePlus	OnePlus 9 5G	LE2113	OnePlus9	OnePlus9_EEA	13	TP1A.220624.003	R.202208030717	OnePlus/OnePlus9_EEA/OnePlus9:13/TP1A.220624.003/R.202208030717:user/release-keys	2022-08-05		
OnePlus	OnePlus	PGP110	PGP110	OP5551L1	PGP110	13	SKQ1.220617.001	S.adfd6d_1-1	OnePlus/PGP110/OP5551L1:13/SKQ1.220617.001/S.adfd6d_1-1:user/release-keys	2022-10-05		
OnePlus	OnePlus	OnePlus Ace 竞速版	PGZ110	OP5911	PGZ110	13	TP1A.220905.001	S.cc39e4_b	OnePlus/PGZ110/OP5911:13/TP1A.220905.001/S.cc39e4_b:user/release-keys	2022-12-05		
OnePlus	OnePlus	PHP110	PHP110	OP5927	PHP110	13	SP1A.210812.016	T.105ec5a_54db0-273e0	OnePlus/PHP110/OP5927:13/SP1A.210812.016/T.105ec5a_54db0-273e0:user/release-keys	2023-05-05		
POCO	POCO	Redmi 13C 5G	23124RN87G	atmos	atmos_p_global	13	TP1A.220624.014	V14.0.4.0.TGQINXM	POCO/atmos_p_global/atmos:13/TP1A.220624.014/V14.0.4.0.TGQINXM:user/release-keys	2023-11-01		
POCO	POCO	Redmi 13C 5G	23124RN87G	atmos	atmos_p_in	13	TP1A.220624.014	V14.0.4.0.TGQINXM	POCO/atmos_p_in/atmos:13/TP1A.220624.014/V14.0.4.0.TGQINXM:user/release-keys	2023-11-01		
POCO	POCO	Redmi Note 11S	2201117PG	fleur	fleur	13	TP1A.220624.014	V14.0.2.0.TKEEUXM	POCO/fleur/fleur:13/TP1A.220624.014/V14.0.2.0.TKEEUXM:user/release-keys	2023-04-01		
POCO	POCO	POCO C65	2310FPCA4G	gust	gust_p_global	13	TP1A.220624.014	V14.0.1.0.TGPMXTC	POCO/gust_p_global/gust:13/TP1A.220624.014/V14.0.1.0.TGPMXTC:user/release-keys	2023-10-01		
POCO	POCO	POCO F4 GT	21121210G	ingres	ingres_eea	13	SKQ1.220303.001	V14.0.5.0.TLJEUXM	POCO/ingres_eea/ingres:13/SKQ1.220303.001/V14.0.5.0.TLJEUXM:user/release-keys	2023-02-01	taro	taro
POCO	POCO	Redmi Note 11S	2201117PI	miel	miel	13	TP1A.220624.014	V14.0.2.0.TKEEUXM	POCO/miel/miel:13/TP1A.220624.014/V14.0.2.0.TKEEUXM:user/release-keys	2023-04-01		
Redmi	Redmi	Air	23124RN87C	air	air	13	TP1A.220624.014	V14.0.4.0.TGQCNXM	Redmi/air/air:13/TP1A.220624.014/V14.0.4.0.TGQCNXM:user/release-keys	2023-10-01		
Redmi	Android	ARCTIC	25128PC17I	arctic	arctic	13	TP1A.220624.014	OS3.0.1.0.WBVIDXM	Redmi/arctic/arctic:13/TP1A.220624.014/OS3.0.1.0.WBVIDXM:user/release-keys	2026-01-01	ums9230	ums9230
Redmi	Android	POCO M7	25062PC34G	creek	creek_global	13	TKQ1.250214.001	OS3.0.9.0.WBOMIXM	Redmi/creek_global/creek:13/TKQ1.250214.001/OS3.0.9.0.WBOMIXM:user/release-keys	2025-12-01	bengal	bengal
Redmi	Redmi	Redmi 10C	SM6225	fog	fog	13	TKQ1.221114.001	V14.0.2.0.TGEMIXM	Redmi/fog/fog:13/TKQ1.221114.001/V14.0.2.0.TGEMIXM:user/release-keys	2023-05-01	SM6225	bengal
Redmi	Redmi	Redmi 13C	23108RN04Y	gust	gust_global	13	TP1A.220624.014	V14.0.1.0.TGPMXTC	Redmi/gust_global/gust:13/TP1A.220624.014/V14.0.1.0.TGPMXTC:user/release-keys	2023-10-01		
Redmi	Redmi	Redmi K50G	21121210C	ingres	ingres	13	SKQ1.220303.001	V13.1.22.9.29.DEV	Redmi/ingres/ingres:13/SKQ1.220303.001/V13.1.22.9.29.DEV:user/release-keys	2022-09-01	taro	taro
Redmi	Redmi	KLE-H0	SC9863A	klein	klein	13	TP1A.220624.014	V816.0.3.0.UGSMIXM	Redmi/klein/klein:13/TP1A.220624.014/V816.0.3.0.UGSMIXM:user/release-keys	2024-05-01	SC9863A	sp9863a
Redmi	Redmi	Redmi Note 12S	2303CRA44A	ocean	ocean_eea	13	TP1A.220624.014	V14.0.2.0.THZEUXM	Redmi/ocean_eea/ocean:13/TP1A.220624.014/V14.0.2.0.THZEUXM:user/release-keys	2023-05-01		
Redmi	Android	Redmi Note 13	23124RA7EO	sapphiren	sapphiren_eea	13	TKQ1.221114.001	OS2.0.201.0.VNHEUXM	Redmi/sapphiren_eea/sapphiren:13/TKQ1.221114.001/OS2.0.201.0.VNHEUXM:user/release-keys	2025-06-01	bengal	bengal
Redmi	Redmi	Redmi Note 13	23124RA7EO	sapphiren	sapphiren_eea	13	TKQ1.221114.001	V14.0.3.0.TNHEUXM	Redmi/sapphiren_eea/sapphiren:13/TKQ1.221114.001/V14.0.3.0.TNHEUXM:user/release-keys	2023-12-01		
Redmi	Android	Redmi Note 13	23124RA7EO	sapphiren	sapphiren_global	13	TKQ1.221114.001	OS2.0.6.0.VNHMIXM	Redmi/sapphiren_global/sapphiren:13/TKQ1.221114.001/OS2.0.6.0.VNHMIXM:user/release-keys	2024-11-01	bengal	bengal
Redmi	Redmi	Redmi Note 12S	23030RAC7Y	sea	sea_eea	13	TP1A.220624.014	V14.0.2.0.THZEUXM	Redmi/sea_eea/sea:13/TP1A.220624.014/V14.0.2.0.THZEUXM:user/release-keys	2023-05-01		
Redmi	Redmi	Redmi Note 10 Pro Max	M2101K6I	sweetin	sweetin	13	RKQ1.210614.002	V14.0.1.0.TKFINXM	Redmi/sweetin/sweetin:13/RKQ1.210614.002/V14.0.1.0.TKFINXM:user/release-keys	2023-03-01	SM7150	sm6150
Redmi	Android	Redmi Note 12	23021RAAEG	tapas	tapas_global	13	TKQ1.221114.001	OS2.0.5.0.VMTMIXM	Redmi/tapas_global/tapas:13/TKQ1.221114.001/OS2.0.5.0.VMTMIXM:user/release-keys	2024-11-01	bengal	bengal
Redmi	Redmi	Redmi Note 12	23021RAAEG	tapas	tapas_global	13	TKQ1.221114.001	V14.0.14.0.TMTMIXM	Redmi/tapas_global/tapas:13/TKQ1.221114.001/V14.0.14.0.TMTMIXM:user/release-keys	2023-09-01		
Redmi	Redmi	Sico Topaz	23021RAA2Y	topaz	topaz_eea	13	TKQ1.221114.001	V14.0.12.0.TMGEUXM	Redmi/topaz_eea/topaz:13/TKQ1.221114.001/V14.0.12.0.TMGEUXM:user/release-keys	2023-11-01	bengal	bengal
Redmi	Android	Sico Topaz	23021RAA2Y	topaz	topaz_global	13	TKQ1.221114.001	OS2.0.8.0.VMGMIXM	Redmi/topaz_global/topaz:13/TKQ1.221114.001/OS2.0.8.0.VMGMIXM:user/release-keys	2024-12-01	bengal	bengal
Xiaomi	Xiaomi	Mi 10 Pro	Mi 10 Pro	cmi	cmi	13	RKQ1.211001.001	V14.0.4.0.TJACNXM	Xiaomi/cmi/cmi:13/RKQ1.211001.001/V14.0.4.0.TJACNXM:user/release-keys	2023-04-01	SM8250	kona
Xiaomi	Xiaomi	Mi 11 Lite	M2101K9AG	courbet	courbet_global	13	RKQ1.210614.002	V14.0.3.0.TKQMIXM	Xiaomi/courbet_global/courbet:13/RKQ1.210614.002/V14.0.3.0.TKQMIXM:user/release-keys	2023-05-01	SM7150	sm6150
Xiaomi	Xiaomi	Xiaomi 12X	2112123AC	psyche	psyche	13	RKQ1.211001.001	V816.0.10.0.TLDCNXM	Xiaomi/psyche/psyche:13/RKQ1.211001.001/V816.0.10.0.TLDCNXM:user/release-keys	2024-10-01	SM8250	kona
Xiaomi	Xiaomi	Xiaomi 12X	2112123AG	psyche	psyche_global	13	RKQ1.211001.001	V14.0.4.0.TLDMIXM	Xiaomi/psyche_global/psyche:13/RKQ1.211001.001/V14.0.4.0.TLDMIXM:user/release-keys	2023-04-01	SM8250	kona
Xiaomi	Xiaomi	Xiaomi 12 Lite	2203129C	taoyao	taoyao	13	RKQ1.211001.001	V13.2.2.0.TLIEUXM	Xiaomi/taoyao/taoyao:13/RKQ1.211001.001/V13.2.2.0.TLIEUXM:user/release-keys	2022-11-01	lahaina	lahaina
Xiaomi	Xiaomi	POCO X3 Pro	SM8150	vayu	vayu_global	13	RKQ1.200826.002	V14.0.1.0.TJUMIXM	Xiaomi/vayu_global/vayu:13/RKQ1.200826.002/V14.0.1.0.TJUMIXM:user/release-keys	2023-01-01	SM8150	msmnile
google	google	Pixel 4 XL	Pixel 4 XL	coral	coral	13	TP1A.220624.014	8819323	google/coral/coral:13/TP1A.220624.014/8819323:user/release-keys	2022-08-05		
google	google	Pixel Watch 2	Google Pixel Watch 2	eos	eos	13	TWD9.231005.005.B1	10852837	google/eos/eos:13/TWD9.231005.005.B1/10852837:user/release-keys	2023-10-05		
google	google	Pixel 4	Pixel 4	flame	flame	13	TP1A.220624.014	8819323	google/flame/flame:13/TP1A.220624.014/8819323:user/release-keys	2022-08-05		
google	google	Pixel 4a	Pixel 4a	sunfish	sunfish	13	T1B3.221003.008	9245559	google/sunfish/sunfish:13/T1B3.221003.008/9245559:user/release-keys	2022-11-05		
iQOO	iQOO	I2017	I2017	2017	2017i	13	TP1A.220624.003	compiler10142157	iQOO/2017i/2017:13/TP1A.220624.003/compiler10142157:user/release-keys	2022-10-01		
motorola	motorola	moto g 5G (2022)	moto g 5G (2022)	austin	austin_g	13	T1SA33M.73-40-2	412c2	motorola/austin_g/austin:13/T1SA33M.73-40-2/412c2:user/release-keys	2023-04-01		
motorola	motorola	motorola edge (2021)	motorola edge (2021)	berlna	berlna_global	13	T1RM33M.1-110-13	939ba9	motorola/berlna_global/berlna:13/T1RM33M.1-110-13/939ba9:user/release-keys	2023-09-01		
motorola	motorola	moto g14	moto g14	cancun	cancun_g	13	TLB33.40	04230303	motorola/cancun_g/cancun:13/TLB33.40/04230303:user/release-keys	2023-05-05	ums9230	ums9230
motorola	motorola	moto g54 5G	XT2343-3	cancunf	cancunf_cn_sys	13	T3TDC33M.16-15	bfa10	motorola/cancunf_cn_sys/cancunf:13/T3TDC33M.16-15/bfa10:user/release-keys	2023-08-01		
motorola	motorola	moto g32	moto g32	devon	devon_g	13	T2SN33M.73-22-3	b531e	motorola/devon_g/devon:13/T2SN33M.73-22-3/b531e:user/release-keys	2023-10-01		
motorola	motorola	motorola edge 30	motorola edge 30	dubai	dubai_g	13	T1RD33M.116-33-3	f829db	motorola/dubai_g/dubai:13/T1RD33M.116-33-3/f829db:user/release-keys	2023-04-01		
motorola	motorola	moto g stylus (2023)	moto g stylus (2023)	gnevan	gnevan_g	13	T1TH33M.75-12-6	21b292	motorola/gnevan_g/gnevan:13/T1TH33M.75-12-6/21b292:user/release-keys	2023-03-01		
motorola	motorola	moto g42	moto g42	hawao	hawao_g	13	T2SE33M.73-23-2	b531e	motorola/hawao_g/hawao:13/T2SE33M.73-23-2/b531e:user/release-keys	2023-10-01		
motorola	motorola	motorola edge 40	motorola edge 40	lyriq	lyriq_g	13	T2TL33M.3-22-5	3c37c	motorola/lyriq_g/lyriq:13/T2TL33M.3-22-5/3c37c:user/release-keys	2023-04-01		
motorola	motorola	moto e13	SabahLite	m170	m170	13	TLA33.105-26-2	3	motorola/m170/m170:13/TLA33.105-26-2/3:user/release-keys	2022-12-05		
motorola	motorola	motorola edge 40 neo	motorola edge 40 neo	manaus	manaus_g_sys	13	T3TM33M.23-21-6	2bcc18	motorola/manaus_g_sys/manaus:13/T3TM33M.23-21-6/2bcc18:user/release-keys	2023-08-01		
motorola	motorola	moto g34 5G	moto g53 5G	penang	penang_g	13	T1TP33M.1-47-2	4b9ed	motorola/penang_g/penang:13/T1TP33M.1-47-2/4b9ed:user/release-keys	2023-01-01		
motorola	motorola	moto g 5G - 2023	moto g 5G - 2023	pnangn	pnangn_g	13	T1TPN33M.58-42	bce09	motorola/pnangn_g/pnangn:13/T1TPN33M.58-42/bce09:user/release-keys	2023-04-01		
motorola	motorola	motorola edge s pro	XT2153-1	pstar	pstar_cmcc	13	T1RAA33M.39-11-2	1008e	motorola/pstar_cmcc/pstar:13/T1RAA33M.39-11-2/1008e:user/release-keys	2023-06-01		
motorola	motorola	moto g200 5G	motorola edge 20 pro	pstar	pstar_retail	13	T1RA33M.55-15-10	aac78	motorola/pstar_retail/pstar:13/T1RA33M.55-15-10/aac78:user/release-keys	2023-03-01		
motorola	motorola	moto g52	moto g52	rhode	rhode_g	13	T2SR33M.72-22-4	70d224	motorola/rhode_g/rhode:13/T2SR33M.72-22-4/70d224:user/release-keys	2023-10-01		
motorola	motorola	moto g62 5G	moto g62 5G	rhodei	rhodei_g	13	T1SSIS33M.1-75-7-1	50fdd	motorola/rhodei_g/rhodei:13/T1SSIS33M.1-75-7-1/50fdd:user/release-keys	2023-09-01		
motorola	motorola	motorola edge (2022)	motorola edge (2022)	tesla	tesla_g_sys	13	T2ST33M.105-51-5-2	d5d7ea	motorola/tesla_g_sys/tesla:13/T2ST33M.105-51-5-2/d5d7ea:user/release-keys	2023-09-01		
motorola	motorola	moto S30	XT2243-2	tundra	tundra_cn	13	T1SJC33M.51-11-2	794553	motorola/tundra_cn/tundra:13/T1SJC33M.51-11-2/794553:user/release-keys	2023-04-01		
motorola	motorola	motorola edge 30 fusion	motorola edge 30 fusion	tundra	tundra_g	13	T1SJ33M.117-30-3	f829db	motorola/tundra_g/tundra:13/T1SJ33M.117-30-3/f829db:user/release-keys	2023-04-01		
motorola	motorola	moto g72	moto g72	vicky	vicky_g_sys	13	T2SVS33M.68-21-6-3	e8924	motorola/vicky_g_sys/vicky:13/T2SVS33M.68-21-6-3/e8924:user/release-keys	2024-02-01		
realme	realme	realme  GT 5G	RMX2202	RMX2202CN	RMX2202	13	TP1A.220905.001	R.163adda-7-4d911	realme/RMX2202/RMX2202CN:13/TP1A.220905.001/R.163adda-7-4d911:user/release-keys	2024-02-05		
realme	realme	realme  X7 Max	RMX3031	RMX3031L1	RMX3031	13	TP1A.220905.001	R.c255a4-1	realme/RMX3031/RMX3031L1:13/TP1A.220905.001/R.c255a4-1:user/release-keys	2022-11-05		
realme	realme	realme 8Pro	RMX3081	RMX3081L1	RMX3081	13	RKQ1.211119.001	R.13ce7dc_1-80d98	realme/RMX3081/RMX3081L1:13/RKQ1.211119.001/R.13ce7dc_1-80d98:user/release-keys	2023-10-05		
realme	realme	realme  8	RMX3085	RMX3085L1	RMX3085	13	SP1A.210812.016	R.1092c8f+549c8	realme/RMX3085/RMX3085L1:13/SP1A.210812.016/R.1092c8f+549c8:user/release-keys	2023-05-05		
realme	realme	realme 8 5G	RMX3241	RE513CL1	RMX3241	13	TP1A.220905.001	R.106b986-64733	realme/RMX3241/RE513CL1:13/TP1A.220905.001/R.106b986-64733:user/release-keys	2023-05-05		
realme	realme	realme narzo 30 5G	RMX3242	RE513CL1	RMX3242	13	TP1A.220905.001	R.119482e-657d	realme/RMX3242/RE513CL1:13/TP1A.220905.001/R.119482e-657d:user/release-keys	2023-07-05		
realme	realme	realme GT 2	RMX3312	RE58B2L1	RMX3312	13	TP1A.220905.001	S.202209060841	realme/RMX3312/RE58B2L1:13/TP1A.220905.001/S.202209060841:user/release-keys	2022-09-05		
realme	realme	realme GT Master Edition	RMX3360	RE54ABL1	RMX3360	13	TP1A.220905.001	R.1749c1c_1-3b8e7	realme/RMX3360/RE54ABL1:13/TP1A.220905.001/R.1749c1c_1-3b8e7:user/release-keys	2024-04-05		
realme	realme	realme GT Neo 2	RMX3370	RE5473	RMX3370	13	TP1A.220905.001	R.e949ad-52448-52449	realme/RMX3370/RE5473:13/TP1A.220905.001/R.e949ad-52448-52449:user/release-keys	2023-02-05		
realme	realme	realme GT Neo 2	RMX3370	RE879AL1	RMX3370	13	TP1A.220905.001	R.12f334c-1-2	realme/RMX3370/RE879AL1:13/TP1A.220905.001/R.12f334c-1-2:user/release-keys	2023-09-05		
realme	realme	realme 8s 5G	RMX3381	RE58A0L1	RMX3381	13	TP1A.220905.001	R.c77423_6e976	realme/RMX3381/RE58A0L1:13/TP1A.220905.001/R.c77423_6e976:user/release-keys	2022-12-05		
realme	realme	realme 9 Pro+	RMX3392	RE879EL1	RMX3392	13	TP1A.220905.001	S.135dacf_5a6	realme/RMX3392/RE879EL1:13/TP1A.220905.001/S.135dacf_5a6:user/release-keys	2023-09-05		
realme	realme	narzo 50 Pro 5G	RMX3395	RE879EL1	RMX3395	13	TP1A.220905.001	S.15d84a6_1	realme/RMX3395/RE879EL1:13/TP1A.220905.001/S.15d84a6_1:user/release-keys	2024-01-05		
realme	realme	realme 9 5G Speed Edition	RMX3461	RE54BFL1	RMX3461	13	TP1A.220905.001	R.13fda9e-1-34e8f	realme/RMX3461/RE54BFL1:13/TP1A.220905.001/R.13fda9e-1-34e8f:user/release-keys	2023-10-05		
realme	realme	realme Q5	RMX3478	RE547D	RMX3478	13	TP1A.220905.001	S.136e0bf-52e2-14b9da	realme/RMX3478/RE547D:13/TP1A.220905.001/S.136e0bf-52e2-14b9da:user/release-keys	2023-08-05		
realme	realme	realme  9i	RMX3491	RED8C1L1	RMX3491	13	RKQ1.211119.001	R.ef1453_2_1	realme/RMX3491/RED8C1L1:13/RKQ1.211119.001/R.ef1453_2_1:user/release-keys	2023-03-05		
realme	realme	realme C35	ums9230_nico_Natv_vf	RE87BAL1	RMX3511	13	TP1A.220624.014	R.202308310143	realme/RMX3511/RE87BAL1:13/TP1A.220624.014/R.202308310143:user/release-keys	2023-08-05	T612	ums9230
realme	realme	RMX3612	RMX3612	RE588DL1	RMX3612	13	TP1A.220905.001	S.b0a00e-1	realme/RMX3612/RE588DL1:13/TP1A.220905.001/S.b0a00e-1:user/release-keys	2022-10-05		
realme	realme	realme 11	RMX3636	RE5C7CL1	RMX3636	13	TP1A.220905.001	T.R4T2.14e3847-1	realme/RMX3636/RE5C7CL1:13/TP1A.220905.001/T.R4T2.14e3847-1:user/release-keys	2023-11-05		
realme	realme	真我GT Neo5 SE	RMX3700	RE585F	RMX3700	13	SKQ1.221119.001	T.f6ef2e_5af-18a79	realme/RMX3700/RE585F:13/SKQ1.221119.001/T.f6ef2e_5af-18a79:user/release-keys	2023-03-05		
realme	realme	realme 11 Pro+	RMX3740	RE5865	RMX3740	13	SP1A.210812.016	T.106afb5_737f	realme/RMX3740/RE5865:13/SP1A.210812.016/T.106afb5_737f:user/release-keys	2023-04-05		
realme	realme	realme narzo N53	ums9230_hulk_Natv	RE58C6	RMX3761	13	TP1A.220624.014	T.R4T2.1691917416	realme/RMX3761/RE58C6:13/TP1A.220624.014/T.R4T2.1691917416:user/release-keys	2023-07-05	T616	ums9230
realme	realme	真我11 Pro	RMX3770	RE5869	RMX3770	13	SP1A.210812.016	T.106afb5_737f	realme/RMX3770/RE5869:13/SP1A.210812.016/T.106afb5_737f:user/release-keys	2023-04-05		
realme	realme	realme 11 5G	RMX3780	RE5C6CL1	RMX3780	13	TP1A.220905.001	T.R4T2.127ba4e_5a97-141ed	realme/RMX3780/RE5C6CL1:13/TP1A.220905.001/T.R4T2.127ba4e_5a97-141ed:user/release-keys	2023-07-05		
realme	realme	realme GT5 240W	RMX3823	RE5C33	RMX3823	13	TP1A.220905.001	T.130792f_1-1	realme/RMX3823/RE5C33:13/TP1A.220905.001/T.130792f_1-1:user/release-keys	2023-08-05		
samsung	samsung	Galaxy A03	SM-A035F	a03	a03nnxx	13	TP1A.220624.014	A035FXXS5CWK1	samsung/a03nnxx/a03:13/TP1A.220624.014/A035FXXS5CWK1:user/release-keys	2023-12-01		
samsung	samsung	Galaxy A05s	SM-A057F	a05s	a05snsdxx	13	TP1A.220624.014	A057FXXU1AWIE	samsung/a05snsdxx/a05s:13/TP1A.220624.014/A057FXXU1AWIE:user/release-keys	2023-08-01		
samsung	samsung	Galaxy A14	SM-A145P	a14m	a14mnnxx	13	TP1A.220624.014	A145PXXU1AWA3	samsung/a14mnnxx/a14m:13/TP1A.220624.014/A145PXXU1AWA3:user/release-keys	2023-01-01		
samsung	samsung	Galaxy A14 5G	SM-A146P	a14xm	a14xmxx	13	TP1A.220624.014	A146PXXU2BWD1	samsung/a14xmxx/a14xm:13/TP1A.220624.014/A146PXXU2BWD1:user/release-keys	2023-04-01		
samsung	samsung	Galaxy A22 5G	SM-A226B	a22x	a22xnsxx	13	TP1A.220624.014	A226BXXU6DWF3	samsung/a22xnsxx/a22x:13/TP1A.220624.014/A226BXXU6DWF3:user/release-keys	2023-06-01		
samsung	samsung	Galaxy A22 5G	SM-A226BR	a22x	a22xub	13	TP1A.220624.014	A226BRUBU8DWK2	samsung/a22xub/a22x:13/TP1A.220624.014/A226BRUBU8DWK2:user/release-keys	2023-10-01		
samsung	samsung	Galaxy M32 5G	SM-M326B	a32x	a32xins	13	TP1A.220624.014	M326BDDU5CWD8	samsung/a32xins/a32x:13/TP1A.220624.014/M326BDDU5CWD8:user/release-keys	2023-04-01		
samsung	samsung	Galaxy A03 Core	SM-A032F	a3core	a3corexx	13	TP1A.220624.014	A032FXXU4CWI8	samsung/a3corexx/a3core:13/TP1A.220624.014/A032FXXU4CWI8:user/release-keys	2023-09-01		
samsung	samsung	Galaxy A51	SM-A515F	a51	a51nsxx	13	TP1A.220624.014	A515FXXU7HWF1	samsung/a51nsxx/a51:13/TP1A.220624.014/A515FXXU7HWF1:user/release-keys	2023-06-01		
samsung	samsung	Galaxy A51 5G	SM-A5160	a51x	a51xzc	13	TP1A.220624.014	A5160ZCU6FWH2	samsung/a51xzc/a51x:13/TP1A.220624.014/A5160ZCU6FWH2:user/release-keys	2023-07-01		
samsung	samsung	Galaxy F22	SM-E225F	f22	f22ins	13	TP1A.220624.014	E225FXXSADXE1	samsung/f22ins/f22:13/TP1A.220624.014/E225FXXSADXE1:user/release-keys	2024-05-01		
samsung	samsung	Galaxy Watch4	SM-R875F	freshul	freshulgbl	13	TWR5.230621.001	R875FXXU1HWI1	samsung/freshulgbl/freshul:13/TWR5.230621.001/R875FXXU1HWI1:user/release-keys	2023-07-01		
samsung	samsung	Galaxy Tab A7 Lite	SM-T220	gta7litewifi	gta7litewifizc	13	TP1A.220624.014	T220ZCU3CWD2	samsung/gta7litewifizc/gta7litewifi:13/TP1A.220624.014/T220ZCU3CWD2:user/release-keys	2023-02-01		
samsung	samsung	Galaxy Tab A8	SM-X200	gta8wifi	gta8wifixx	13	TP1A.220624.014	X200XXS1CWA3	samsung/gta8wifixx/gta8wifi:13/TP1A.220624.014/X200XXS1CWA3:user/release-keys	2023-01-01		
samsung	samsung	Galaxy Tab S9+ 5G	SM-X818U	gts9p	gts9psqw	13	TP1A.220624.014	X818USQU1AWG1	samsung/gts9psqw/gts9p:13/TP1A.220624.014/X818USQU1AWG1:user/release-keys	2023-07-01		
samsung	samsung	Galaxy F14 5G	SM-E146B	m14x	m14xins	13	TP1A.220624.014	E146BXXU1AWC5	samsung/m14xins/m14x:13/TP1A.220624.014/E146BXXU1AWC5:user/release-keys	2023-03-01		
samsung	samsung	Galaxy M14 5G	SM-M146B	m14x	m14xnsxx	13	TP1A.220624.014	M146BXXS2AWH1	samsung/m14xnsxx/m14x:13/TP1A.220624.014/M146BXXS2AWH1:user/release-keys	2023-08-01		
samsung	samsung	Galaxy M62	SM-M625F	m62	m62xx	13	TP1A.220624.014	M625FXXS6CXE3	samsung/m62xx/m62:13/TP1A.220624.014/M625FXXS6CXE3:user/release-keys	2024-05-01		
samsung	samsung	Galaxy Note10 Lite	SM-N770F	r7	r7naxx	13	TP1A.220624.014	N770FXXS9HXA3	samsung/r7naxx/r7:13/TP1A.220624.014/N770FXXS9HXA3:user/release-keys	2024-02-01		
vivo	vivo	V2025	V2025	2025	2025N	13	TP1A.220624.014	compiler09201511	vivo/2025N/2025:13/TP1A.220624.014/compiler09201511:user/release-keys	2023-09-01		
vivo	vivo	vivo Pad2	PA2373	DPD2221	DPD2221	13	TP1A.220624.014	compiler03062109	vivo/DPD2221/DPD2221:13/TP1A.220624.014/compiler03062109:user/release-keys	2024-03-01		
vivo	vivo	V2141A	V2141A	PD2141	PD2141	13	TP1A.220624.014	compiler05231145	vivo/PD2141/PD2141:13/TP1A.220624.014/compiler05231145:user/release-keys	2023-04-01		
vivo	vivo	vivo X Note	V2170A	PD2170	PD2170	13	TP1A.220624.014	compiler09212031	vivo/PD2170/PD2170:13/TP1A.220624.014/compiler09212031:user/release-keys	2023-07-01		
vivo	vivo	vivo X90 Pro+	V2227A	PD2227	PD2227	13	TP1A.220624.014	compiler07311829	vivo/PD2227/PD2227:13/TP1A.220624.014/compiler07311829:user/release-keys	2023-06-01		
vivo	vivo	Y35	V2230A	PD2230	PD2230	13	TP1A.220624.014	compiler01101854	vivo/PD2230/PD2230:13/TP1A.220624.014/compiler01101854:user/release-keys	2023-01-01		
vivo	vivo	iQOO Neo7	V2231A	PD2231	PD2231	13	TP1A.220624.014	compiler10190249	vivo/PD2231/PD2231:13/TP1A.220624.014/compiler10190249:user/release-keys	2022-09-01		
vivo	vivo	vivo S16	V2244A	PD2244	PD2244	13	TP1A.220624.014	compiler01042331	vivo/PD2244/PD2244:13/TP1A.220624.014/compiler01042331:user/release-keys	2022-12-01		
vivo	vivo	iQOO 11 Pro	V2254A	PD2254	PD2254	13	TP1A.220624.014	compiler01132055	vivo/PD2254/PD2254:13/TP1A.220624.014/compiler01132055:user/release-keys	2022-12-01		
vivo	vivo	iQOO Z7x	V2272A	PD2272	PD2272	13	TP1A.220624.014	compiler03141306	vivo/PD2272/PD2272:13/TP1A.220624.014/compiler03141306:user/release-keys	2023-02-01		
vivo	vivo	X80 Pro	V2145	V2145	V2145	13	TP1A.220513.002	compiler06301319	vivo/V2145/V2145:13/TP1A.220513.002/compiler06301319:user/release-keys	2022-06-05		
vivo	vivo	X90	V2218	V2218	V2218	13	TP1A.220624.014	compiler12212057	vivo/V2218/V2218:13/TP1A.220624.014/compiler12212057:user/release-keys	2022-12-01		
vivo	vivo	V29	V2250_EEA	V2250	V2250_EEA	13	TP1A.220624.014	compiler12141712	vivo/V2250_EEA/V2250:13/TP1A.220624.014/compiler12141712:user/release-keys	2023-12-01		
vivo	vivo	Y02t	V2254	V2254	V2254	13	TP1A.220624.014	compiler11061656	vivo/V2254/V2254:13/TP1A.220624.014/compiler11061656:user/release-keys	2023-11-01		
xiaomi	xiaomi	Xiaomi Watch 2 Pro	Xiaomi Watch 2 Pro	axolotl	axolotl	13	TWR7.231031.001.XM055S	TWR7.231031.001.XM055S	xiaomi/axolotl/axolotl:13/TWR7.231031.001.XM055S/TWR7.231031.001.XM055S:user/release-keys	2024-09-01		
xiaomi	xiaomi	Xiaomi Watch 2	Xiaomi Watch 2	axolotlaxie	axolotlaxie	13	TWR7.231031.001.XM055S	TWR7.231031.001.XM055S	xiaomi/axolotlaxie/axolotlaxie:13/TWR7.231031.001.XM055S/TWR7.231031.001.XM055S:user/release-keys	2024-09-01		
xiaomi	xiaomi	Xiaomi Watch 2 Pro	Xiaomi Watch 2 Pro	axolotlte	axolotlte	13	TWR7.231031.001.XM055S	TWR7.231031.001.XM055S	xiaomi/axolotlte/axolotlte:13/TWR7.231031.001.XM055S/TWR7.231031.001.XM055S:user/release-keys	2024-09-01		
Nokia	Nokia	Nokia X20	Nokia X20	QKS_sprout	Quicksilver_00WW	13	TKQ1.220807.001	00WW_3_360	Nokia/Quicksilver_00WW/QKS_sprout:13/TKQ1.220807.001/00WW_3_360:user/release-keys			
Nokia	Nokia	Nokia XR21	Sentry_00WW	SNT_sprout	Sentry_00WW	13	TKQ1.220807.001	00WW_2_210	Nokia/Sentry_00WW/SNT_sprout:13/TKQ1.220807.001/00WW_2_210:user/release-keys	2023-07-05		
POCO	POCO	POCO X3 Pro	M2102J20SI	bhima	bhima_global	13	RKQ1.200826.002	V14.0.1.0.TJUMIXM	POCO/bhima_global/bhima:13/RKQ1.200826.002/V14.0.1.0.TJUMIXM:user/release-keys			
POCO	POCO	POCO F5	23049PCD8I	marblein	marblein	13	SKQ1.221022.001	V14.0.1.0.TMRINXM	POCO/marblein/marblein:13/SKQ1.221022.001/V14.0.1.0.TMRINXM:user/release-keys			
POCO	POCO	POCO X5 Pro 5G	22101320I	redwoodin	redwoodin	13	RKQ1.211001.001	V14.0.7.0.TMSMIXM	POCO/redwoodin/redwoodin:13/RKQ1.211001.001/V14.0.7.0.TMSMIXM:user/release-keys			
POCO	POCO	POCO X3 Pro	M2102J20SG	vayu	vayu_global	13	RKQ1.200826.002	V14.0.1.0.TJUMIXM	POCO/vayu_global/vayu:13/RKQ1.200826.002/V14.0.1.0.TJUMIXM:user/release-keys			
Redmi	Redmi	Redmi K40 Pro	M2012K11C	haydn	haydn	13	RKQ1.211001.001	V14.0.22.12.5.DEV	Redmi/haydn/haydn:13/RKQ1.211001.001/V14.0.22.12.5.DEV:user/release-keys			
Redmi	Redmi	Redmi K50G	21121210C	ingres	ingres	13	SKQ1.220303.001	V13.1.22.8.25.DEV	Redmi/ingres/ingres:13/SKQ1.220303.001/V13.1.22.8.25.DEV:user/release-keys			
Redmi	Redmi	Light	22041219G	light	light	13	TP1A.220624.014	V14.0.1.0.TLSCNXM	Redmi/light/light:13/TP1A.220624.014/V14.0.1.0.TLSCNXM:user/release-keys	2023-01-01		
Xiaomi	Xiaomi	Mi 10 Pro	Mi 10 Pro	cmi	cmi_eea	13	RKQ1.211001.001	V14.0.3.0.TJAEUXM	Xiaomi/cmi_eea/cmi:13/RKQ1.211001.001/V14.0.3.0.TJAEUXM:user/release-keys			
Xiaomi	Xiaomi	Mi 11 Lite	M2101K9AG	courbet	courbet_id	13	RKQ1.210614.002	V14.0.3.0.TKQIDXM	Xiaomi/courbet_id/courbet:13/RKQ1.210614.002/V14.0.3.0.TKQIDXM:user/release-keys	2023-04-01		
Xiaomi	Xiaomi	mgvi_64_armv82		mgvi_64_armv82	hal_mgvi_64_armv82_mt6835_cn	13	TP1A.220624.014	V14.0.4.0.TGQCNXM	Xiaomi/hal_mgvi_64_armv82_mt6835_cn/mgvi_64_armv82:13/TP1A.220624.014/V14.0.4.0.TGQCNXM:user/release-keys			
Xiaomi	Xiaomi	Mi 11i	M2012K11C	haydn	haydn	13	RKQ1.211001.001	V14.0.22.12.5.DEV	Xiaomi/haydn/haydn:13/RKQ1.211001.001/V14.0.22.12.5.DEV:user/release-keys			
Xiaomi	Xiaomi	Mi 11i	M2012K11G	haydn	haydn_global	13	RKQ1.211001.001	V14.0.6.0.TKKMIXM	Xiaomi/haydn_global/haydn:13/RKQ1.211001.001/V14.0.6.0.TKKMIXM:user/release-keys			
Xiaomi	Xiaomi	Mi 11X Pro	M2012K11I	haydnin	haydn_in	13	RKQ1.211001.001	V14.0.22.12.5.DEV	Xiaomi/haydn_in/haydnin:13/RKQ1.211001.001/V14.0.22.12.5.DEV:user/release-keys			
Xiaomi	Xiaomi	Mi 11 LE	2107119DC	lisa	lisa	13	RKQ1.211001.001	V14.0.4.0.TKOCNXM	Xiaomi/lisa/lisa:13/RKQ1.211001.001/V14.0.4.0.TKOCNXM:user/release-keys			
Xiaomi	Xiaomi	Mi 11 LE	2107119DC	lisa	lisa_eea	13	RKQ1.211001.001	V14.0.4.0.TKOEUXM	Xiaomi/lisa_eea/lisa:13/RKQ1.211001.001/V14.0.4.0.TKOEUXM:user/release-keys			
Xiaomi	Xiaomi	Mi 11 LE	2107119DC	lisa	lisa_global	13	RKQ1.211001.001	V14.0.2.0.TKOMIXM	Xiaomi/lisa_global/lisa:13/RKQ1.211001.001/V14.0.2.0.TKOMIXM:user/release-keys			
Xiaomi	Xiaomi	Mi 11 LE	2107119DC	lisa	lisa_in	13	RKQ1.211001.001	V14.0.7.0.TKOINXM	Xiaomi/lisa_in/lisa:13/RKQ1.211001.001/V14.0.7.0.TKOINXM:user/release-keys			
Xiaomi	Xiaomi	2203121AC	2203121AC	loki	loki	13	SKQ1.220303.001	V14.0.22.12.5.DEV	Xiaomi/loki/loki:13/SKQ1.220303.001/V14.0.22.12.5.DEV:user/release-keys			
Xiaomi	Xiaomi	Xiaomi 12 Lite	2203129G	taoyao	taoyao_eea	13	RKQ1.211001.001	V13.2.2.0.TLIEUXM	Xiaomi/taoyao_eea/taoyao:13/RKQ1.211001.001/V13.2.2.0.TLIEUXM:user/release-keys			
Xiaomi	Xiaomi	POCO X3 Pro	M2102J20SG	vayu	vayu_id	13	RKQ1.200826.002	V14.0.3.0.TJUIDXM	Xiaomi/vayu_id/vayu:13/RKQ1.200826.002/V14.0.3.0.TJUIDXM:user/release-keys	2023-02-01		
Xiaomi	Xiaomi	Xiaomi 11T Pro	2107113SC	vili	vili	13	RKQ1.211001.001	V14.0.4.0.TKDMIXM	Xiaomi/vili/vili:13/RKQ1.211001.001/V14.0.4.0.TKDMIXM:user/release-keys			
Xiaomi	Xiaomi	Xiaomi 11T Pro	2107113SG	vili	vili_eea	13	RKQ1.211001.001	V816.0.1.0.UKDEUXM	Xiaomi/vili_eea/vili:13/RKQ1.211001.001/V816.0.1.0.UKDEUXM:user/release-keys			
Xiaomi	Xiaomi	Xiaomi 11T Pro	2107113SI	vili	vili_in	13	RKQ1.211001.001	V14.0.4.0.TKDMIXM	Xiaomi/vili_in/vili:13/RKQ1.211001.001/V14.0.4.0.TKDMIXM:user/release-keys			
motorola	motorola	moto g84 5G	moto g84 5G	bangkk	bangkk_g	13	T3TC33M.18-12-3	674a8	motorola/bangkk_g/bangkk:13/T3TC33M.18-12-3/674a8:user/release-keys	2023-08-01		
motorola	motorola	moto g64 5G	XT2343-3	cancunf	cancunf_g_sys	13	T3TD33M.16-13-5	6cef3	motorola/cancunf_g_sys/cancunf:13/T3TD33M.16-13-5/6cef3:user/release-keys	2023-08-01		
motorola	motorola	moto g73 5G	moto g73 5G	devonf	devonf_g_sys	13	T1TN33M.14-63-2	adb969	motorola/devonf_g_sys/devonf:13/T1TN33M.14-63-2/adb969:user/release-keys	2023-05-01		
motorola	motorola	motorola edge 50 pro	motorola edge 50 pro	eqe	eqe_ap	13	U2UM34.27-35	410ad	motorola/eqe_ap/eqe:13/U2UM34.27-35/410ad:user/release-keys			
motorola	motorola	moto g53j 5G	XT2335-3	penang	penang_cn	13	T1TPC33M.1-37-8	a13ee	motorola/penang_cn/penang:13/T1TPC33M.1-37-8/a13ee:user/release-keys	2022-12-01		
motorola	motorola	motorola edge plus 2023	motorola edge 30 pro	rtwo	rtwo	13	T1TR33.4-15-15	b3dea	motorola/rtwo/rtwo:13/T1TR33.4-15-15/b3dea:user/release-keys			
samsung	samsung	A24	SM-A245F	a24	a24nsxx	13	TP1A.220624.014	A245FXXU2AWE6	samsung/a24nsxx/a24:13/TP1A.220624.014/A245FXXU2AWE6:user/release-keys	2023-06-01		
samsung	samsung	Galaxy A35 5G	SM-A356E	a35x	a35xjvxx	13	TP1A.220624.014	A356EXXU1AXD4	samsung/a35xjvxx/a35x:13/TP1A.220624.014/A356EXXU1AXD4:user/release-keys			
samsung	samsung	Galaxy A35 5G	SM-A356B	a35x	a35xxx	13	TP1A.220624.014	A356BXXU1AXBB	samsung/a35xxx/a35x:13/TP1A.220624.014/A356BXXU1AXBB:user/release-keys			
samsung	samsung	Galaxy Tab S9 FE+ 5G	SM-X616B	gts9fep	gts9fepxx	13	TP1A.220624.014	X616BXXS2BXA7	samsung/gts9fepxx/gts9fep:13/TP1A.220624.014/X616BXXS2BXA7:user/release-keys			
samsung	samsung	Galaxy Tab S9 Ultra 5G	SM-X916B	gts9u	gts9uxxx	13	TP1A.220624.014	X916BXXU1BWL1	samsung/gts9uxxx/gts9u:13/TP1A.220624.014/X916BXXU1BWL1:user/release-keys			
Lenovo	qti	小新Pad Pro 2021	TB-J716F_S_ST	J716F	LenovoTB-J716F_PRC	13	TKQ1.221013.002	15.0.216_231212	Lenovo/LenovoTB-J716F_PRC/J716F:13/TKQ1.221013.002/15.0.216_231212:user/release-keys	2023-11-01		
Lenovo	Lenovo	Lenovo Tab M10 Plus 3rd Gen	Lenovo TB128FU	TB128FU	P89990JA1	13	TKQ1.221013.002	15.0.1_230911	Lenovo/P89990JA1/TB128FU:13/TKQ1.221013.002/15.0.1_230911:user/release-keys	2023-08-01		
Lenovo	Lenovo	Lenovo TB-9707F	Lenovo TB-9707F	TB-9707F	TB-9707F_PRC	13	TKQ1.221013.002	15.0.342_231018	Lenovo/TB-9707F_PRC/TB-9707F:13/TKQ1.221013.002/15.0.342_231018:user/release-keys	2023-08-01		
Lenovo	Lenovo	Lenovo Tab M8 (4th Gen) 2024	Lenovo-TB301XU_ROW	TB301XU	TB301XU	13	TP1A.220624.014	S000083_230830_ROW	Lenovo/TB301XU/TB301XU:13/TP1A.220624.014/S000083_230830_ROW:user/release-keys	2023-08-05		
Lenovo	alps	Lenovo Tab M9	TB310FU	TB310FU	TB310FU	13	TP1A.220624.014	S000880_240506_ROW	Lenovo/TB310FU/TB310FU:13/TP1A.220624.014/S000880_240506_ROW:user/release-keys	2024-05-05		
Lenovo	LENOVO	联想平板电脑 启天K10c	LenovoTB330FU_ROW	TB330FU	TB330FU	13	TQ1A.230105.002	S2001144_241015_ROW	Lenovo/TB330FU/TB330FU:13/TQ1A.230105.002/S2001144_241015_ROW:user/release-keys	2024-09-05		
Lenovo	LENOVO	Lenovo Tab M11	LenovoTB330XU_ROW	TB330XU	TB330XU	13	TQ1A.230105.002	S2000196_231207_ROW	Lenovo/TB330XU/TB330XU:13/TQ1A.230105.002/S2000196_231207_ROW:user/release-keys	2023-10-05		
Lenovo	LENOVO	Lenovo Tab P12	TB370FU	TB370FU	TB370FU	13	TP1A.220624.014	S2000151_230508_PRC	Lenovo/TB370FU/TB370FU:13/TP1A.220624.014/S2000151_230508_PRC:user/release-keys	2023-05-05		
Lenovo	Lenovo	xiaoxin pad Pro 12.7	TB371FC_PRC	TB371FC	TB371FC_PRC	13	TKQ1.221013.002	ZUI_15.0.154_230507_PRC	Lenovo/TB371FC_PRC/TB371FC:13/TKQ1.221013.002/ZUI_15.0.154_230507_PRC:user/release-keys	2023-03-01		
asus	asus	ROG Phone 6D Ultimate	ASUS_AI2203_D	ASUS_AI2203	WW_AI2203	13	TP1A.220624.014	33.0404.1203.63	asus/WW_AI2203/ASUS_AI2203:13/TP1A.220624.014/33.0404.1203.63:user/release-keys	2023-01-05		
asus	asus	Zenfone 8 Flip	ZS672KS	ASUS_I004D	WW_I004D	13	TKQ1.220807.001	33.0210.0210.210	asus/WW_I004D/ASUS_I004D:13/TKQ1.220807.001/33.0210.0210.210:user/release-keys	2023-01-05		
asus	asus	ROG Phone 5 series	ASUS_I005D	ASUS_I005_1	WW_I005D	13	TKQ1.220807.001	33.0210.0210.200-0	asus/WW_I005D/ASUS_I005_1:13/TKQ1.220807.001/33.0210.0210.200-0:user/release-keys	2023-04-05		
asus	asus	Zenfone 8	ZS590KS	ASUS_I006D	WW_I006D	13	TKQ1.220807.001	33.0210.0210.210	asus/WW_I006D/ASUS_I006D:13/TKQ1.220807.001/33.0210.0210.210:user/release-keys	2023-01-05		
meizu	meizu	meizu 17 Pro	M2091	meizu17Pro	meizu_17Pro_N_CN	13	TKQ1.221114.001	1686084544	meizu/meizu_17Pro_N_CN/meizu17Pro:13/TKQ1.221114.001/1686084544:user/release-keys	2023-06-01		
meizu	meizu	MEIZU 18X	M2172	meizu18X	meizu_18X_CN	13	TKQ1.221114.001	1686512123	meizu/meizu_18X_CN/meizu18X:13/TKQ1.221114.001/1686512123:user/release-keys	2023-06-01		
meizu	meizu	MEIZU 20 Inf	meizu_20Inf_CN	meizu20Inf	meizu_20Inf_CN	13	TKQ1.221114.001	1686019958	meizu/meizu_20Inf_CN/meizu20Inf:13/TKQ1.221114.001/1686019958:user/release-keys	2023-09-01		
meizu	meizu	meizu 20	M2381	meizu20	meizu_20_CN	13	TKQ1.221114.001	1673212581	meizu/meizu_20_CN/meizu20:13/TKQ1.221114.001/1673212581:user/release-keys	2023-06-01		
nubia	nubia	NP01J	NP01J	P898P02	CN_P898P02	13	TKQ1.221220.001	20230704.225441	nubia/CN_P898P02/P898P02:13/TKQ1.221220.001/20230704.225441:user/release-keys	2023-05-01		
nubia	nubia	NX711J	NX711J	PQ82A01	CN_PQ82A01	13	TKQ1.221013.002	20221229.001819	nubia/CN_PQ82A01/PQ82A01:13/TKQ1.221013.002/20221229.001819:user/release-keys	2022-11-01		
nubia	nubia	nubia Z50S Pro	NX713J	PQ82A02	CN_PQ82A02	13	TKQ1.221220.001	20230831.123123	nubia/CN_PQ82A02/PQ82A02:13/TKQ1.221220.001/20230831.123123:user/release-keys	2023-07-01		
nubia	nubia	nubia Flip 5G	NX724J	P745F01	EEA_P745F01	13	TKQ1.221220.001	20240424.093655	nubia/EEA_P745F01/P745F01:13/TKQ1.221220.001/20240424.093655:user/release-keys	2024-04-01		
Fairphone	Fairphone	Fairphone4	FP4eea	FP4	FP4eea	13	TKQ1.230127.002	TP1V	Fairphone/FP4eea/FP4:13/TKQ1.230127.002/TP1V:user/release-keys	2023-08-05		
Fairphone	Fairphone	Fairphone 5 5G	FP5	FP5	FP5	13	TKQ1.230127.002	TT3G	Fairphone/FP5/FP5:13/TKQ1.230127.002/TT3G:user/release-keys	2023-08-05		
Infinix	Infinix	Infinix HOT 40i	X6528	Infinix-X6528	X6528-OP	13	TP1A.220624.014	240724V1775	Infinix/X6528-OP/Infinix-X6528:13/TP1A.220624.014/240724V1775:user/release-keys	2024-07-05		
Infinix	Infinix	NOTE 12	X670-GL	Infinix-X670	X670-GL	13	TP1A.220624.014	230606V251	Infinix/X670-GL/Infinix-X670:13/TP1A.220624.014/230606V251:user/release-keys	2023-05-05		
Infinix	Infinix	NOTE 30 VIP	X6710-GL	Infinix-X6710	X6710-GL	13	TP1A.220624.014	230111V338	Infinix/X6710-GL/Infinix-X6710:13/TP1A.220624.014/230111V338:user/release-keys	2023-01-05		
Infinix	Infinix	GT 10 Pro	X6739-GL	Infinix-X6739	X6739-GL	13	TP1A.220624.014	240204V3069	Infinix/X6739-GL/Infinix-X6739:13/TP1A.220624.014/240204V3069:user/release-keys	2024-02-05		
Infinix	Infinix	ZERO 5G 2023	X6815D-GL	Infinix-X6815D	X6815D-GL	13	TP1A.220624.014	230714V199	Infinix/X6815D-GL/Infinix-X6815D:13/TP1A.220624.014/230714V199:user/release-keys	2023-06-05		
Infinix	Infinix	ZERO ULTRA	X6820-GL	Infinix-X6820	X6820-GL	13	TP1A.220624.014	230804V536	Infinix/X6820-GL/Infinix-X6820:13/TP1A.220624.014/230804V536:user/release-keys	2023-07-05		
Itel	Itel	itel RS4	S666LN-OP	itel-S666LN	S666LN-OP	13	TP1A.220624.014	240322V1248	Itel/S666LN-OP/itel-S666LN:13/TP1A.220624.014/240322V1248:user/release-keys	2024-02-05		
TECNO	TECNO	CAMON 20 Pro	CK7n-GL	TECNO-CK7n	CK7n-GL	13	TP1A.220624.014	230621V1247	TECNO/CK7n-GL/TECNO-CK7n:13/TP1A.220624.014/230621V1247:user/release-keys	2023-06-05		
TECNO	TECNO	CAMON 20 Pro 5G	CK8n-GL	TECNO-CK8n	CK8n-GL	13	TP1A.220624.014	230817V2112	TECNO/CK8n-GL/TECNO-CK8n:13/TP1A.220624.014/230817V2112:user/release-keys	2023-07-05		
TECNO	TECNO	POVA 5	LH7n-GL	TECNO-LH7n	LH7n-GL	13	TP1A.220624.014	231007V1411	TECNO/LH7n-GL/TECNO-LH7n:13/TP1A.220624.014/231007V1411:user/release-keys	2023-09-05		
lge	lge	VELVET	LM-G900N	caymanlm	caymanlm	13	TKQ1.220829.002	231811419f557	lge/caymanlm/caymanlm:13/TKQ1.220829.002/231811419f557:user/release-keys	2023-07-01		
lge	lge	VELVET	LM-G910N	caymanlm	caymanlm_fg	13	TKQ1.220829.002	2305813374ac7	lge/caymanlm_fg/caymanlm:13/TKQ1.220829.002/2305813374ac7:user/release-keys	2023-03-01		
lge	lge	LG V60 ThinQ	LM-V600	timelm	timelm	13	TKQ1.220829.002	2326319175c92	lge/timelm/timelm:13/TKQ1.220829.002/2326319175c92:user/release-keys	2023-07-01		
8849	OBLUE	TANK X	TANK3_EEA	TANK3	TANK3_EEA	13	TP1A.220624.014	root.20231110.135415	8849/TANK3_EEA/TANK3:13/TP1A.220624.014/root.20231110.135415:user/release-keys	2023-10-05		
8849	OBLUE	TANK MINI 1	TANK_MINI_1	TANK_MINI_1	TANK_MINI_1	13	TP1A.220624.014	root.20231213.125627	8849/TANK_MINI_1/TANK_MINI_1:13/TP1A.220624.014/root.20231213.125627:user/release-keys	2023-12-05		
ADT-3	ADT-3	ADT-3	ADT-3	adt3	adt3_gtv	13	TRB4.220715.005	8857013	ADT-3/adt3_gtv/adt3:13/TRB4.220715.005/8857013:user/release-keys	2022-07-05		
Alldocube	Alldocube	iPlay50_mini_Pro	iPlay 50 mini Pro	iPlay_50_mini_Pro	iPlay_50_mini_Pro	13	TP1A.220624.014	1687767699	Alldocube/iPlay_50_mini_Pro/iPlay_50_mini_Pro:13/TP1A.220624.014/1687767699:user/release-keys	2023-07-05		
Blackview	Blackview	A200 Pro	A200 Pro	A200Pro	A200Pro_NEU	13	TP1A.220624.014	65533	Blackview/A200Pro_NEU/A200Pro:13/TP1A.220624.014/65533:user/release-keys	2023-09-05		
Blackview	Blackview	BV8900	BV8900_EEA	BV8900	BV8900_EEA	13	TP1A.220624.014	1732528354	Blackview/BV8900_EEA/BV8900:13/TP1A.220624.014/1732528354:user/release-keys	2024-09-05		
CUBOT	CUBOT	P80_EEA	P80_EEA	P80	P80_EEA	13	TP1A.220624.014	2024311	CUBOT/P80_EEA/P80:13/TP1A.220624.014/2024311:user/release-keys	2024-08-05		
DOOGEE	DOOGEE	V30Pro	V30Pro	M23U	M23U_EEA	13	TP1A.220624.014	1709723751	DOOGEE/M23U_EEA/M23U:13/TP1A.220624.014/1709723751:user/release-keys	2024-01-05		
Gigaset	Gigaset	GS5	E940-2796-00	GS5	GS5_EEA	13	TP1A.220624.014	1693462027	Gigaset/GS5_EEA/GS5:13/TP1A.220624.014/1693462027:user/release-keys	2023-08-05		
Gigaset	Gigaset	Gigaset GX4 PRO	E940-2797-01	GX4_PRO	GX4_PRO_EEA	13	TP1A.220624.014	1720781188	Gigaset/GX4_PRO_EEA/GX4_PRO:13/TP1A.220624.014/1720781188:user/release-keys	2024-07-05		
HMD	HMD	HMD Pulse	HMD Pulse	LGD	Legend_00EEA	13	TP1A.220624.014	00WW_2_370	HMD/Legend_00EEA/LGD:13/TP1A.220624.014/00WW_2_370:user/release-keys	2024-12-05	ums9230	ums9230
IIIF150	ANT DAO TECHNOLOGY LIMITED	Raptor LTD	Raptor	Raptor	Raptor_EEA	13	TP1A.220624.014	1688699822	IIIF150/Raptor_EEA/Raptor:13/TP1A.220624.014/1688699822:user/release-keys	2023-06-05		
LAVA	LAVA	LAVA LXX505	LAVA LXX505	LXX505	LXX505	13	TP1A.220624.014	1706944967	LAVA/LXX505/LXX505:13/TP1A.220624.014/1706944967:user/release-keys	2024-02-05		
LAVA	LAVA	LAVA LZX407	LAVA LZX407	LZX407	LZX407	13	TP1A.220624.014	1703566435	LAVA/LZX407/LZX407:13/TP1A.220624.014/1703566435:user/release-keys	2023-12-01		
MOONDROP	MOONDROP	mssi_64_cn_armv82	MD-PH-001	MD_PH_001	MD_PH_001	13	TP1A.220624.014	1711682717	MOONDROP/MD_PH_001/MD_PH_001:13/TP1A.220624.014/1711682717:user/release-keys	2023-11-05		
Mobvoi	Mobvoi	TicWatch Atlas;TicWatch Pro 5;TicWatch Pro 5 Enduro	TicWatch Pro 5	dace	dace	13	TMDB.240809.001	432	Mobvoi/dace/dace:13/TMDB.240809.001/432:user/release-keys	2024-09-05		
ONYX	Onyx	TabBoox	Go7	TabBoox	TabBoox	13	TKQ1.230615.001	GV2.015.SQ83A	ONYX/TabBoox/TabBoox:13/TKQ1.230615.001/GV2.015.SQ83A:user/release-keys	2025-03-01	lito	lito
ONYX	Onyx	TabBoox	Palma2_Pro_C	TabBoox	TabBoox	13	TKQ1.230615.001	GV2.021.SQ83A	ONYX/TabBoox/TabBoox:13/TKQ1.230615.001/GV2.021.SQ83A:user/release-keys	2025-08-01	lito	lito
OUKITEL	OUKITEL	RT6_NFC_EEA	RT6_EEA	RT6	RT6_EEA	13	TP1A.220624.014	1687711625	OUKITEL/RT6_EEA/RT6:13/TP1A.220624.014/1687711625:user/release-keys	2023-06-05		
SHIFT	SHIFT	SHIFT6mq	SHIFT6mq	axolotl	axolotl	13	TQ3A.230901.001	20240820	SHIFT/axolotl/axolotl:13/TQ3A.230901.001/20240820:user/release-keys	2024-07-05		
Sonim	Sonim	XP10	XP9904	XP9900	XP9904	13	10.0.0-10-13.0.0-11.12.10	1699269364	Sonim/XP9904/XP9900:13/10.0.0-10-13.0.0-11.12.10/1699269364:user/release-keys	2023-10-05		
Teracube	Teracube	Teracube 2e	Teracube_2e	Teracube_2e	Teracube_2e	13	TQ3A.230805.001.B1	t0pr4emerniabsp	Teracube/Teracube_2e/Teracube_2e:13/TQ3A.230805.001.B1/t0pr4emerniabsp:user/release-keys	2024-03-05		
UNISOC	UNISOC	uis7870sc_2h10_nosec		uis7870sc_2h10	uis7870sc_2h10_nosec	13	TP1A.220624.014	ls11261723	UNISOC/uis7870sc_2h10_nosec/uis7870sc_2h10:13/TP1A.220624.014/ls11261723:user/release-keys	2023-03-05		
Unihertz	Unihertz	Jelly Star	Jelly_Star	Jelly_Star	Jelly_Star	13	TP1A.220624.014	root.20230626.190119	Unihertz/Jelly_Star/Jelly_Star:13/TP1A.220624.014/root.20230626.190119:user/release-keys	2023-06-05		
Unihertz	Unihertz	Jelly Star	Jelly_Star_EEA	Jelly_Star	Jelly_Star_EEA	13	TP1A.220624.014	root.20230627.201104	Unihertz/Jelly_Star_EEA/Jelly_Star:13/TP1A.220624.014/root.20230627.201104:user/release-keys	2023-06-05		
Vocal	Vocal	v1	VOCAL V1	v1	v1	13	TP1A.220624.014	1727688204	Vocal/v1/v1:13/TP1A.220624.014/1727688204:user/release-keys	2024-08-05	T616	ums9230
Windows	Android	windows_x86_64	Subsystem for Android(TM)	windows_x86_64	windows_x86_64	13	TQ1A.230105.002.A1	2301.40000.4.0	Windows/windows_x86_64/windows_x86_64:13/TQ1A.230105.002.A1/2301.40000.4.0:user/release-keys	2023-01-05		
volla	volla	Volla Phone 22	Volla Phone 22	mimameid	mimameid	13	TQ3A.230901.001	81	volla/mimameid/mimameid:13/TQ3A.230901.001/81:user/release-keys	2024-05-05		
volla	volla	Volla Phone X23	Volla Phone X23	vidofnir	vidofnir	13	TQ3A.230901.001	129	volla/vidofnir/vidofnir:13/TQ3A.230901.001/129:user/release-keys	2024-05-05		
LAVA	LAVA	LAVA LXX504	LXX504	LXX504	LXX504	13	TP1A.220624.014	1681138265	LAVA/LXX504/LXX504:13/TP1A.220624.014/1681138265:user/release-keys			
Mi	Mi	Mi 11 X	M2012K11AI	aliothin	aliothin	13	RKQ1.211001.001	V14.0.2.0.TKHINXM	Mi/aliothin/aliothin:13/RKQ1.211001.001/V14.0.2.0.TKHINXM:user/release-keys			
OSOM	OSOM	ingot	Saga	ingot	ingot	13	TKQ1.221220.425	550	OSOM/ingot/ingot:13/TKQ1.221220.425/550:user/release-keys	2023-05-05		
UNISOC	UNISOC	mivendor_s9863a		mivendor_s9863a	mivendor_s9863a	13	TP1A.220624.014	V816.0.3.0.UGSMIXM	UNISOC/mivendor_s9863a/mivendor_s9863a:13/TP1A.220624.014/V816.0.3.0.UGSMIXM:user/release-keys			
Honor	Honor	Magic		system_ext_mtk	system_ext_mtk	12	SP1A.210812.016	root12011620	Honor/system_ext_mtk/system_ext_mtk:12/SP1A.210812.016/root12011620:user/release-keys	2022-11-01		
Motorola	Lenovo	Moto Tab g70	moto tab g70	mototabg70	mototabg70	12	SP1A.210812.016	g70_S200116_221111_ROW	Motorola/mototabg70/mototabg70:12/SP1A.210812.016/g70_S200116_221111_ROW:user/release-keys	2022-10-05		
Motorola	Lenovo	Moto Tab g70	moto tab g70 LTE	mototabg70LTE	mototabg70LTE	12	SP1A.210812.016	g70_LTE_S200116_221111_ROW	Motorola/mototabg70LTE/mototabg70LTE:12/SP1A.210812.016/g70_LTE_S200116_221111_ROW:user/release-keys	2022-10-05		
Nokia	Nokia	Nokia T21	AgentWifi_00WW	AGTA	AgentWifi_00WW	12	SP1A.210812.016	00WW_1_320	Nokia/AgentWifi_00WW/AGTA:12/SP1A.210812.016/00WW_1_320:user/release-keys	2023-06-05		
Nokia	Nokia	Nokia T21	Agent_00WW	AGT	Agent_00WW	12	SP1A.210812.016	00WW_1_320	Nokia/Agent_00WW/AGT:12/SP1A.210812.016/00WW_1_320:user/release-keys	2023-06-05		
Nokia	BOSCH	Nokia 8.3 5G	Nokia 8.3 5G	BGT_sprout	BabyGroot_00WW	12	SKQ1.210821.001	00WW_3_380	Nokia/BabyGroot_00WW/BGT_sprout:12/SKQ1.210821.001/00WW_3_380:user/release-keys	2022-04-01	SM7250	
Nokia	Nokia	Nokia 5.3	Nokia 5.3	CAP_sprout	CaptainAmerica_00WW	12	SKQ1.211230.001	00WW_3_400	Nokia/CaptainAmerica_00WW/CAP_sprout:12/SKQ1.211230.001/00WW_3_400:user/release-keys	2022-09-01		
Nokia	Nokia	Nokia C02	Cypher_00EEA	CYR	Cypher_00EEA	12	SP1A.210812.016	00WW_1_080	Nokia/Cypher_00EEA/CYR:12/SP1A.210812.016/00WW_1_080:user/release-keys	2023-02-05		
Nokia	Nokia	Nokia C02	Cypher_00FD	CYR	Cypher_00FD	12	SP1A.210812.016	00WW_1_080	Nokia/Cypher_00FD/CYR:12/SP1A.210812.016/00WW_1_080:user/release-keys	2023-02-05		
Nokia	Nokia	Nokia C02	Cypher_00M0	CYR	Cypher_00M0	12	SP1A.210812.016	00WW_1_080	Nokia/Cypher_00M0/CYR:12/SP1A.210812.016/00WW_1_080:user/release-keys	2023-02-05		
Nokia	Nokia	Nokia C02	Nokia C02	CYR	Cypher_00WW	12	SP1A.210812.016	00WW_1_080	Nokia/Cypher_00WW/CYR:12/SP1A.210812.016/00WW_1_080:user/release-keys	2023-02-05		
Nokia	Nokia	Nokia C02	Cypher_0GWW	CYR	Cypher_0GWW	12	SP1A.210812.016	00WW_1_080	Nokia/Cypher_0GWW/CYR:12/SP1A.210812.016/00WW_1_080:user/release-keys	2023-02-05		
Nokia	Nokia	Nokia 5.4	Nokia 5.4	DRD_sprout	DoctorDoom_00WW	12	SKQ1.220119.001	00WW_3_310	Nokia/DoctorDoom_00WW/DRD_sprout:12/SKQ1.220119.001/00WW_3_310:user/release-keys	2022-07-01		
Nokia	Nokia	Nokia 3.4	Nokia 3.4	DRS_sprout	DoctorStrange_00WW	12	SKQ1.220119.001	00WW_3_280	Nokia/DoctorStrange_00WW/DRS_sprout:12/SKQ1.220119.001/00WW_3_280:user/release-keys	2022-06-01		
Nokia	Nokia	Nokia G400 5G	Nokia G400 5G	STM	Styles_04US	12	SKQ1.220201.001	04US_1_22D	Nokia/Styles_04US/STM:12/SKQ1.220201.001/04US_1_22D:user/release-keys	2023-01-05		
Nokia	Nokia	Nokia C31	Nokia C31	VSI	Vision_00CN	12	SP1A.210812.016	52132	Nokia/Vision_00CN/VSI:12/SP1A.210812.016/52132:user/release-keys	2022-10-05		
OPPO	OPPO	A17	CPH2477	OP56F5	CPH2477EEA	12	SP1A.210812.016	S.GDPR.202211021549	OPPO/CPH2477EEA/OP56F5:12/SP1A.210812.016/S.GDPR.202211021549:user/release-keys	2022-10-05		
OPPO	OPPO	OPPO Pad Air	OPD2102	OP5225	OPD2102	12	RKQ1.211119.001	S.202205141919	OPPO/OPD2102/OP5225:12/RKQ1.211119.001/S.202205141919:user/release-keys	2022-05-05		
OPPO	OPPO	PGAM10	PGAM10	OP5285	PGAM10	12	SKQ1.220303.001	S.202211092137	OPPO/PGAM10/OP5285:12/SKQ1.220303.001/S.202211092137:user/release-keys	2022-11-05		
OPPO	OPPO	A96 5G	PHA120	OP5267	PHA120	12	SKQ1.211209.001	R.1307aa6-5235-39916	OPPO/PHA120/OP5267:12/SKQ1.211209.001/R.1307aa6-5235-39916:user/release-keys	2023-09-05		
OnePlus	OnePlus	OnePlus Nord N20 5G	CPH2459	OP5159L1	CPH2459	12	RKQ1.211119.001	1a6adcc_57e-2aa7a0	OnePlus/CPH2459/OP5159L1:12/RKQ1.211119.001/1a6adcc_57e-2aa7a0:user/release-keys	2024-10-05		
OnePlus	OnePlus	OnePlus Nord N20 5G	GN2200	OP515AL1	GN2200	12	RKQ1.211119.001	c150d4_16c64_3c542	OnePlus/GN2200/OP515AL1:12/RKQ1.211119.001/c150d4_16c64_3c542:user/release-keys	2022-11-05		
OnePlus	OnePlus	OnePlus Nord	AC2003	Nord	Nord	12	RKQ1.211119.001	Q.202204221830	OnePlus/Nord/Nord:12/RKQ1.211119.001/Q.202204221830:user/release-keys	2022-04-05		
OnePlus	OnePlus	OnePlus Nord	AC2001	Nord	Nord_IND	12	RKQ1.211119.001	Q.202203301330	OnePlus/Nord_IND/Nord:12/RKQ1.211119.001/Q.202203301330:user/release-keys	2022-03-05		
OnePlus	OnePlus	OnePlus 7T Pro 5G	HD1925	OnePlus7TProNR	OnePlus7TProNR	12	SKQ1.220303.001	Q.202302251721	OnePlus/OnePlus7TProNR/OnePlus7TProNR:12/SKQ1.220303.001/Q.202302251721:user/release-keys	2022-12-05		
OnePlus	OnePlus	OnePlus 7T	HD1907	OnePlus7TTMO	OnePlus7TTMO	12	SKQ1.220303.001	Q.202301140009	OnePlus/OnePlus7TTMO/OnePlus7TTMO:12/SKQ1.220303.001/Q.202301140009:user/release-keys	2022-12-05		
OnePlus	OnePlus	OnePlus Nord N200 5G	DE2117	OnePlusN200	OnePlusN200	12	SKQ1.210216.001	R.202205192251	OnePlus/OnePlusN200/OnePlusN200:12/SKQ1.210216.001/R.202205192251:user/release-keys	2022-05-05		
OnePlus	OnePlus	OnePlus Nord N200 5G	DE2118	OnePlusN200TMO	OnePlusN200TMO	12	SKQ1.210216.001	R.202205192247	OnePlus/OnePlusN200TMO/OnePlusN200TMO:12/SKQ1.210216.001/R.202205192247:user/release-keys	2022-05-05		
POCO	POCO	POCO F3 GT	M2104K10I	aresin	aresin	12	SP1A.210812.016	21.11.8	POCO/aresin/aresin:12/SP1A.210812.016/21.11.8:user/release-keys	2021-11-01		
POCO	POCO	Redmi Note 10S	2207117BPG	rosemary	rosemary_p_ru	12	SP1A.210812.016	V13.0.2.0.SFFRUXM	POCO/rosemary_p_ru/rosemary:12/SP1A.210812.016/V13.0.2.0.SFFRUXM:user/release-keys	2022-08-01		
POCO	POCO	Ares	MT6893	ares	vnd_ares	12	SP1A.210812.016	V13.0.0.10.SKJINXM	POCO/vnd_ares/ares:12/SP1A.210812.016/V13.0.0.10.SKJINXM:user/release-keys	2022-01-01	MT6893	mt6893
POCO	POCO	POCO X4 GT	SN110T	xaga	xaga_eea	12	SP1A.210812.016	V13.0.1.0.SLOEUXM	POCO/xaga_eea/xaga:12/SP1A.210812.016/V13.0.1.0.SLOEUXM:user/release-keys	2022-06-01	mt6895	mt6895
POCO	POCO	POCO X4 GT	22041216C	xaga	xaga_global	12	SP1A.210812.016	V13.0.5.0.SLOMIXM	POCO/xaga_global/xaga:12/SP1A.210812.016/V13.0.5.0.SLOMIXM:user/release-keys	2022-09-01		
POCO	POCO	Redmi Note 11T Pro +	22041216UG	xagapro	xagapro_eea	12	SP1A.210812.016	V13.0.1.0.SLOEUXM	POCO/xagapro_eea/xagapro:12/SP1A.210812.016/V13.0.1.0.SLOEUXM:user/release-keys	2022-06-01		
Redmi	Redmi	myAvro A1	M2104K11TC	agate	agate	12	SP1A.210812.016	V13.0.2.0.SKWMIXM	Redmi/agate/agate:12/SP1A.210812.016/V13.0.2.0.SKWMIXM:user/release-keys	2022-01-01		
Redmi	Redmi	Redmi K40 Gaming	M2012K10C	ares	ares	12	SP1A.210812.016	21.11.8	Redmi/ares/ares:12/SP1A.210812.016/21.11.8:user/release-keys	2021-11-01		
Redmi	Redmi	Redmi 10X	M2004J7AC	atom	atom	12	SP1A.210812.016	22.3.29	Redmi/atom/atom:12/SP1A.210812.016/22.3.29:user/release-keys	2022-03-01		
Redmi	Redmi	Redmi Note 8	M1908C3JGG	biloba	biloba_global	12	SP1A.210812.016	V14.0.6.0.TCUMIXM	Redmi/biloba_global/biloba:12/SP1A.210812.016/V14.0.6.0.TCUMIXM:user/release-keys	2023-09-01	mt6768	mt6768
Redmi	Redmi	POCO C61	2312BPC51H	blue	blue_global	12	SP1A.210812.016	V816.0.4.0.UGRMIXM	Redmi/blue_global/blue:12/SP1A.210812.016/V816.0.4.0.UGRMIXM:user/release-keys	2024-03-01	mt6765	mt6765
Redmi	Redmi	POCO C61	2312BPC51H	blue	blue_id	12	SP1A.210812.016	V816.0.3.0.UGRIDXM	Redmi/blue_id/blue:12/SP1A.210812.016/V816.0.3.0.UGRIDXM:user/release-keys	2024-01-01	mt6765	mt6765
Redmi	Redmi	Redmi 10X Pro	M2004J7BC	bomb	bomb	12	SP1A.210812.016	22.3.29	Redmi/bomb/bomb:12/SP1A.210812.016/22.3.29:user/release-keys	2022-03-01		
Redmi	Android	Redmi Note 13R	2406ERN9CC	breeze	breeze	12	SKQ1.231127.001	V816.0.3.0.UNUCNXM	Redmi/breeze/breeze:12/SKQ1.231127.001/V816.0.3.0.UNUCNXM:user/release-keys	2024-05-01	parrot	parrot
Redmi	Redmi	Redmi Note 10	M2103K19C	camellia	camellia	12	SP1A.210812.016	V13.0.2.0.SKSINXM	Redmi/camellia/camellia:12/SP1A.210812.016/V13.0.2.0.SKSINXM:user/release-keys	2022-05-01		
Redmi	Redmi	Redmi Note 9T	M2007J22G	cannong	cannong_eea	12	SP1A.210812.016	V13.0.3.0.SJEEUXM	Redmi/cannong_eea/cannong:12/SP1A.210812.016/V13.0.3.0.SJEEUXM:user/release-keys	2022-09-01		
Redmi	Redmi	Redmi K30 Ultra	M2006J10C	cezanne	cezanne	12	SP1A.210812.016	22.3.29	Redmi/cezanne/cezanne:12/SP1A.210812.016/22.3.29:user/release-keys	2022-03-01		
Redmi	Redmi	Redmi Note 10 pro	M2104K10AC	chopin	chopin	12	SP1A.210812.016	V13.0.11.0.SKPCNXM	Redmi/chopin/chopin:12/SP1A.210812.016/V13.0.11.0.SKPCNXM:user/release-keys	2022-10-01		
Redmi	Redmi	21041110AI	21041110AI	chopinin	chopinin	12	SP1A.210812.016	V13.0.11.0.SKPCNXM	Redmi/chopinin/chopinin:12/SP1A.210812.016/V13.0.11.0.SKPCNXM:user/release-keys	2022-10-01		
Redmi	Android	Emerald	2312FPCA6G	emerald	emerald	12	SP1A.210812.016	OS2.0.2.0.VNFMIXM	Redmi/emerald/emerald:12/SP1A.210812.016/OS2.0.2.0.VNFMIXM:user/release-keys	2024-12-01	mt6789	mt6789
Redmi	Redmi	Redmi Note 11T 5G	21091116AC	evergo	evergo	12	SP1A.210812.016	22.6.20	Redmi/evergo/evergo:12/SP1A.210812.016/22.6.20:user/release-keys	2022-06-01		
Redmi	Redmi	Redmi Note 9 Pro Max	Redmi Note 9 Pro Max	excalibur	excalibur_in	12	RKQ1.211019.001	V14.0.2.0.SJXINXM	Redmi/excalibur_in/excalibur:12/RKQ1.211019.001/V14.0.2.0.SJXINXM:user/release-keys	2023-04-01	SM7125	atoll
Redmi	Android	Flame	24108PCE2I	flame	flame	12	SKQ1.231214.001	V816.0.6.0.UGUCNXM	Redmi/flame/flame:12/SKQ1.231214.001/V816.0.6.0.UGUCNXM:user/release-keys	2024-08-01	parrot	parrot
Redmi	Redmi	Redmi A1	220733SG	ice	ice_global	12	SP1A.210812.016	V13.0.11.0.SGMMIXM	Redmi/ice_global/ice:12/SP1A.210812.016/V13.0.11.0.SGMMIXM:user/release-keys	2022-10-01	mt6761	mt6761
Redmi	Redmi	Redmi 9 Prime	M2004J19I	lancelot	lancelot	12	SP1A.210812.016	V13.0.1.0.SJCIDXM	Redmi/lancelot/lancelot:12/SP1A.210812.016/V13.0.1.0.SJCIDXM:user/release-keys	2022-10-01		
Redmi	Redmi	POCO F2 Pro	SM8250	lmi	lmi	12	RKQ1.211001.001	V13.0.3.0.SJKMIXM	Redmi/lmi/lmi:12/RKQ1.211001.001/V13.0.3.0.SJKMIXM:user/release-keys	2022-06-01	SM8250	kona
Redmi	Redmi	Redmi Note 10S	M2101K7BL	maltose	maltose_global	12	SP1A.210812.016	V13.0.13.0.SKLMIXM	Redmi/maltose_global/maltose:12/SP1A.210812.016/V13.0.13.0.SKLMIXM:user/release-keys	2023-02-01		
Redmi	Redmi	Redmi Note 10S	M2101K7BL	maltose	maltose_ru	12	SP1A.210812.016	V13.0.2.0.SFFRUXM	Redmi/maltose_ru/maltose:12/SP1A.210812.016/V13.0.2.0.SFFRUXM:user/release-keys	2022-08-01		
Redmi	Redmi	Redmi K50 Pro	22011211C	matisse	matisse	12	SP1A.210812.016	V13.0.12.0.SLKCNXM	Redmi/matisse/matisse:12/SP1A.210812.016/V13.0.12.0.SLKCNXM:user/release-keys	2022-03-01	MT6983	mt6983
Redmi	Redmi	mojito	Redmi Note 10	mojito	mojito	12	RKQ1.210614.002	V13.0.10.0.SKGMIXM	Redmi/mojito/mojito:12/RKQ1.210614.002/V13.0.10.0.SKGMIXM:user/release-keys	2022-09-01	sm6150	sm6150
Redmi	Redmi	Redmi Note 11S 5G	22031116BG	opal	opal_global	12	SP1A.210812.016	V13.0.1.0.SGLMIXM	Redmi/opal_global/opal:12/SP1A.210812.016/V13.0.1.0.SGLMIXM:user/release-keys	2022-08-01		
Redmi	Android	Redmi Note 12T Pro	23054RA19C	pearl	pearl	12	SP1A.210812.016	OS2.0.1.0.VLHCNXM	Redmi/pearl/pearl:12/SP1A.210812.016/OS2.0.1.0.VLHCNXM:user/release-keys	2025-01-01	mt6895	mt6895
Redmi	Redmi	Redmi K30	Redmi K30	phoenix	phoenix	12	RKQ1.210614.002	V13.0.6.0.SGHCNXM	Redmi/phoenix/phoenix:12/RKQ1.210614.002/V13.0.6.0.SGHCNXM:user/release-keys	2022-09-01	SM7150	sm6150
Redmi	Redmi	Redmi Note 11 Pro+	21091116UC	pissarropro	pissarropro	12	SP1A.210812.016	22.1.14	Redmi/pissarropro/pissarropro:12/SP1A.210812.016/22.1.14:user/release-keys	2022-01-01		
Redmi	Android	Redmi K60E	22122RK93C	rembrandt	rembrandt	12	SP1A.210812.016	OS2.0.3.0.UMMCNXM	Redmi/rembrandt/rembrandt:12/SP1A.210812.016/OS2.0.3.0.UMMCNXM:user/release-keys	2025-01-01	mt6895	mt6895
Redmi	Redmi	Redmi 11 Prime	22071219AI	rock	rock	12	SP1A.210812.016	V13.0.12.0.SLUINXM	Redmi/rock/rock:12/SP1A.210812.016/V13.0.12.0.SLUINXM:user/release-keys	2023-04-01	mt6789	mt6789
Redmi	Redmi	Redmi Note 10S	2207117BPG	rosemary	rosemary	12	SP1A.210812.016	V13.0.13.0.SKLMIXM	Redmi/rosemary/rosemary:12/SP1A.210812.016/V13.0.13.0.SKLMIXM:user/release-keys	2023-02-01		
Redmi	Redmi	Redmi Note 10S	2207117BPG	rosemary	rosemary_global	12	SP1A.210812.016	V13.0.13.0.SKLMIXM	Redmi/rosemary_global/rosemary:12/SP1A.210812.016/V13.0.13.0.SKLMIXM:user/release-keys	2023-02-01		
Redmi	Redmi	Redmi Note 10S	2207117BPG	rosemary	rosemary_ru	12	SP1A.210812.016	V13.0.2.0.SFFRUXM	Redmi/rosemary_ru/rosemary:12/SP1A.210812.016/V13.0.2.0.SFFRUXM:user/release-keys	2022-08-01		
Redmi	Android	Redmi Pad Pro 5G	24074PCD2I	ruan	ruan	12	SKQ1.231214.001	OS2.0.2.0.VFSEUXM	Redmi/ruan/ruan:12/SKQ1.231214.001/OS2.0.2.0.VFSEUXM:user/release-keys	2024-12-01	parrot	parrot
Redmi	Redmi	Redmi Note 12 DISCOVERY EDITION	22101316UC	rubyplus	rubyplus_in	12	SP1A.210812.016	V13.0.4.0.SMOINXM	Redmi/rubyplus_in/rubyplus:12/SP1A.210812.016/V13.0.4.0.SMOINXM:user/release-keys	2022-12-01		
Redmi	Redmi	Redmi Note 12 Pro + 5G	22101316UP	rubypro	rubypro_in	12	SP1A.210812.016	V13.0.4.0.SMOINXM	Redmi/rubypro_in/rubypro:12/SP1A.210812.016/V13.0.4.0.SMOINXM:user/release-keys	2022-12-01		
Redmi	Redmi	Redmi Note 10S	M2101K7BG	secret	secret_global	12	SP1A.210812.016	V13.0.13.0.SKLMIXM	Redmi/secret_global/secret:12/SP1A.210812.016/V13.0.13.0.SKLMIXM:user/release-keys	2023-02-01		
Redmi	Redmi	Redmi Note 10S	M2101K7BG	secret	secret_global2	12	SP1A.210812.016	V13.0.13.0.SKLMIXM	Redmi/secret_global2/secret:12/SP1A.210812.016/V13.0.13.0.SKLMIXM:user/release-keys	2023-02-01		
Redmi	Redmi	Redmi Note 10S	M2101K7BI	secret	secret_ru	12	SP1A.210812.016	V13.0.2.0.SFFRUXM	Redmi/secret_ru/secret:12/SP1A.210812.016/V13.0.2.0.SFFRUXM:user/release-keys	2022-08-01		
Redmi	Redmi	Redmi 10 2022	21061119AG	selene	selene	12	SP1A.210812.016	V13.0.1.0.SKUMIXM	Redmi/selene/selene:12/SP1A.210812.016/V13.0.1.0.SKUMIXM:user/release-keys	2022-01-01		
Redmi	Android	REDMI Note 15	2510DRA23E	spinel	spinel	12	SP1A.210812.016	OS2.0.207.0.VPGMIXM	Redmi/spinel/spinel:12/SP1A.210812.016/OS2.0.207.0.VPGMIXM:user/release-keys	2025-12-01	mt6789	mt6789
Redmi	Android	Redmi Note 14	24117RN76E	tanzanite	tanzanite	12	SP1A.210812.016	OS2.0.1.0.VOGMIXM	Redmi/tanzanite/tanzanite:12/SP1A.210812.016/OS2.0.1.0.VOGMIXM:user/release-keys	2025-03-01	mt6789	mt6789
Redmi	Redmi	Redmi Note 11 Pro	2201116TI	vida	vida_in	12	SP1A.210812.016	V13.0.6.0.SGDINXM	Redmi/vida_in/vida:12/SP1A.210812.016/V13.0.6.0.SGDINXM:user/release-keys	2023-01-01		
Redmi	Redmi	Redmi Note 11 Pro	2201116TG	viva	viva_eea	12	SP1A.210812.016	V14.0.1.0.TGDEUXM	Redmi/viva_eea/viva:12/SP1A.210812.016/V14.0.1.0.TGDEUXM:user/release-keys	2023-04-01	mt6781	mt6781
Redmi	Redmi	POCO C55	22120RN86C	earth	vnd_earth	12	TP1A.220624.014	V14.0.1.0.TCVCNXM	Redmi/vnd_earth/earth:12/TP1A.220624.014/V14.0.1.0.TCVCNXM:user/release-keys	2023-05-01	mt6768	mt6768
Redmi	Redmi	POCO X4 GT	22041216C	xaga	xaga	12	SP1A.210812.016	V13.0.11.0.SLOCNXM	Redmi/xaga/xaga:12/SP1A.210812.016/V13.0.11.0.SLOCNXM:user/release-keys	2022-07-01		
Redmi	Redmi	Redmi K50i	22041216I	xagain	xagain	12	SP1A.210812.016	V13.0.1.0.SLOEUXM	Redmi/xagain/xagain:12/SP1A.210812.016/V13.0.1.0.SLOEUXM:user/release-keys	2022-06-01		
Redmi	Redmi	Redmi Note 11T Pro +	22041216UC	xagapro	xagapro	12	SP1A.210812.016	V13.0.11.0.SLOCNXM	Redmi/xagapro/xagapro:12/SP1A.210812.016/V13.0.11.0.SLOCNXM:user/release-keys	2022-07-01		
Redmi	Redmi	22041216UI	22041216UI	xagaproin	xagaproin	12	SP1A.210812.016	V13.0.1.0.SLOEUXM	Redmi/xagaproin/xagaproin:12/SP1A.210812.016/V13.0.1.0.SLOEUXM:user/release-keys	2022-06-01		
Redmi	Redmi	Redmi Pad	22081283G	yunluo	yunluo_eea	12	SP1A.210812.016	V13.1.2.0.SLYEUXM	Redmi/yunluo_eea/yunluo:12/SP1A.210812.016/V13.1.2.0.SLYEUXM:user/release-keys	2022-09-01	mt6789	mt6789
Xiaomi	Android	Xiaomi 13T	2306EPN60G	XIG04	XIG04_jp_kdi	12	SP1A.210812.016	V816.0.2.0.UMFJPKD	Xiaomi/XIG04_jp_kdi/XIG04:12/SP1A.210812.016/V816.0.2.0.UMFJPKD:user/release-keys	2024-02-01	mt6895	mt6895
Xiaomi	Xiaomi	21081111TI	21081111TI	agatein	agatein	12	SP1A.210812.016	V13.0.2.0.SKWMIXM	Xiaomi/agatein/agatein:12/SP1A.210812.016/V13.0.2.0.SKWMIXM:user/release-keys	2022-01-01		
Xiaomi	Xiaomi	Xiaomi 11T	21081111RG	amber	amber_global	12	SP1A.210812.016	V13.0.2.0.SKWMIXM	Xiaomi/amber_global/amber:12/SP1A.210812.016/V13.0.2.0.SKWMIXM:user/release-keys	2022-01-01		
Xiaomi	Android	Xiaomi 13T	2306EPN60G	aristotle	aristotle	12	SP1A.210812.016	OS2.0.2.0.VMFMIXM	Xiaomi/aristotle/aristotle:12/SP1A.210812.016/OS2.0.2.0.VMFMIXM:user/release-keys	2024-12-01	mt6895	mt6895
Xiaomi	Xiaomi	Mi 11 LE	2107119DC	lisa	lisa	12	RKQ1.211001.001	22.9.14	Xiaomi/lisa/lisa:12/RKQ1.211001.001/22.9.14:user/release-keys	2022-09-01	lahaina	lahaina
Xiaomi	Xiaomi	Xiaomi 11 Lite 5G NE	2109119DG	lisa	lisa_eea	12	RKQ1.211001.001	V13.0.10.0.SKOEUXM	Xiaomi/lisa_eea/lisa:12/RKQ1.211001.001/V13.0.10.0.SKOEUXM:user/release-keys	2022-09-01	lahaina	lahaina
Xiaomi	Xiaomi	MiBox S	MIBOX4	oneday	oneday	12	STTC.230106.001	4467	Xiaomi/oneday/oneday:12/STTC.230106.001/4467:user/release-keys	2023-05-05		
Xiaomi	Xiaomi	Xiaomi 11i	21091116I	pissarroin	pissarroin	12	SP1A.210812.016	22.10.17	Xiaomi/pissarroin/pissarroin:12/SP1A.210812.016/22.10.17:user/release-keys	2022-10-01		
Xiaomi	Xiaomi	Xiaomi 11i HyperCharge	21091116UI	pissarroinpro	pissarroinpro	12	SP1A.210812.016	22.10.17	Xiaomi/pissarroinpro/pissarroinpro:12/SP1A.210812.016/22.10.17:user/release-keys	2022-10-01		
Xiaomi	Android	Xiaomi 12T	22071212AG	plato	plato_eea	12	SP1A.210812.016	V816.0.5.0.ULQEUXM	Xiaomi/plato_eea/plato:12/SP1A.210812.016/V816.0.5.0.ULQEUXM:user/release-keys	2023-11-01	mt6895	mt6895
Xiaomi	Xiaomi	myAvro A1	M2104K11TC	agate	vnd_agate	12	SP1A.210812.016	V13.0.2.0.SKWMIXM	Xiaomi/vnd_agate/agate:12/SP1A.210812.016/V13.0.2.0.SKWMIXM:user/release-keys	2022-01-01		
google	google	Pixel 3	Pixel 3	blueline	blueline	12	SP1A.210812.015	7679548	google/blueline/blueline:12/SP1A.210812.015/7679548:user/release-keys	2021-10-05		
google	google	Pixel 3a XL	Pixel 3a XL	bonito	bonito	12	SP1A.210812.015	7679548	google/bonito/bonito:12/SP1A.210812.015/7679548:user/release-keys	2021-10-05		
google	google	Chromecast Google TV (HD)	Chromecast HD	boreal	boreal	12	STTE.230915.005.T1	11052325	google/boreal/boreal:12/STTE.230915.005.T1/11052325:user/release-keys	2023-10-01		
google	google	Chromecast Google TV	Chromecast	sabrina	sabrina_prod_stable	12	STTE.220621.019.A2	9082754	google/sabrina_prod_stable/sabrina:12/STTE.220621.019.A2/9082754:user/release-keys	2022-07-01		
iQOO	iQOO	I2009	iQOO 2009i	2009	2009i	12	SP1A.210331.003	compiler05181426	iQOO/2009i/2009:12/SP1A.210331.003/compiler05181426:user/release-keys	2021-05-05		
iQOO	iQOO	iQOO 9T	I2201i	I2201	I2201i	12	SP2A.220305.013	compiler08311145	iQOO/I2201i/I2201:12/SP2A.220305.013/compiler08311145:user/release-keys	2022-08-01		
motorola	motorola	motorola edge 轻奢版	XT2143-1	berlin	berlin_ctcn	12	S3RG32M.86-13-3	82b27	motorola/berlin_ctcn/berlin:12/S3RG32M.86-13-3/82b27:user/release-keys	2022-10-01		
motorola	motorola	motorola edge 20	motorola edge 20	berlin	berlin_global	12	S1RG32M.53-18-11	102793	motorola/berlin_global/berlin:12/S1RG32M.53-18-11/102793:user/release-keys	2022-03-01		
motorola	motorola	moto e22	moto e22	borag	borag_retail	12	SOVS32.121-40-2	30355	motorola/borag_retail/borag:12/SOVS32.121-40-2/30355:user/release-keys	2023-05-05		
motorola	motorola	moto e22i	moto e22i	borago	borago_retail	12	SOWS32.121-40-2	30355	motorola/borago_retail/borago:12/SOWS32.121-40-2/30355:user/release-keys	2023-05-05		
motorola	motorola	motorola edge (2021)	motorola edge plus	burton	burton_retail	12	S1PBS32M.41-10-19-2	e81a4a	motorola/burton_retail/burton:12/S1PBS32M.41-10-19-2/e81a4a:user/release-keys	2022-05-01		
motorola	motorola	moto g(30)	moto g(30)	caprip	caprip_retail	12	S0RCS32M.41-10-19-10	c0934a	motorola/caprip_retail/caprip:12/S0RCS32M.41-10-19-10/c0934a:user/release-keys	2022-11-01		
motorola	motorola	moto g31	moto g31(w)	cofud	cofud_g	12	S3RWDS32.123-29-8-1	06a8f5	motorola/cofud_g/cofud:12/S3RWDS32.123-29-8-1/06a8f5:user/release-keys	2023-04-01		
motorola	motorola	moto g31	moto g31	coful	coful_g	12	S3RWB32.125-29-2	be967	motorola/coful_g/coful:12/S3RWB32.125-29-2/be967:user/release-keys	2022-12-01		
motorola	motorola	moto g41	moto g41	corfu	corfu_g	12	S3RWS32.138-29-5-1	dbc77	motorola/corfu_g/corfu:12/S3RWS32.138-29-5-1/dbc77:user/release-keys	2023-04-01		
motorola	motorola	moto g62 5G	moto g71 5G	corfur	corfur_g	12	S2RUB32M.51-15-3	78259	motorola/corfur_g/corfur:12/S2RUB32M.51-15-3/78259:user/release-keys	2022-07-01		
motorola	motorola	moto g51 5G	moto g51 5G	cypfq	cypfq_g	12	S2RYA32M.58-13-12	4bdf44	motorola/cypfq_g/cypfq:12/S2RYA32M.58-13-12/4bdf44:user/release-keys	2022-11-01		
motorola	motorola	moto g52j 5G	moto g52j 5G	cypfr	cypfr_g	12	S3RYBS32M.168-19-5-3	5e11d	motorola/cypfr_g/cypfr:12/S3RYBS32M.168-19-5-3/5e11d:user/release-keys	2023-04-01		
motorola	motorola	moto g stylus 5G	moto g stylus 5G	denver	denver_global	12	S2RE32M.29-16-1	5f3f83	motorola/denver_global/denver:12/S2RE32M.29-16-1/5f3f83:user/release-keys	2022-04-01		
motorola	motorola	moto g 5G (2022)	moto g pure	ellis	ellis_retail	12	S3RH32.20-42-10	1c2540	motorola/ellis_retail/ellis:12/S3RH32.20-42-10/1c2540:user/release-keys	2022-08-01		
motorola	motorola	moto g(60)	moto g(60)	hanoip	hanoip_retail	12	S2RI32M.32-20-7	70dcd	motorola/hanoip_retail/hanoip:12/S2RI32M.32-20-7/70dcd:user/release-keys	2022-05-01		
motorola	motorola	moto g22	moto g22	hawaiip	hawaiip_g	12	STAS32.79-77-28-50-4	77-28-50-4	motorola/hawaiip_g/hawaiip:12/STAS32.79-77-28-50-4/77-28-50-4:user/release-keys	2023-04-05		
motorola	motorola	moto e32(s)	moto e32(s)	hawaiipl	hawaiipl_g	12	STB32.36-99	99	motorola/hawaiipl_g/hawaiipl:12/STB32.36-99/99:user/release-keys	2022-09-01		
motorola	motorola	moto g stylus 5G (2022)	moto g(50)	ibiza	ibiza_retail	12	S1RFS32M.27-25-1	7e335	motorola/ibiza_retail/ibiza:12/S1RFS32M.27-25-1/7e335:user/release-keys	2022-05-01		
motorola	motorola	motorola one 5G UW ace	motorola one 5G UW ace	kievv	kievv_vzw	12	S3RVS32M.128-36-4-1	cae4b2	motorola/kievv_vzw/kievv:12/S3RVS32M.128-36-4-1/cae4b2:user/release-keys	2023-04-01		
motorola	motorola	motorola edge 20 lite	motorola edge 20 lite	kyoto	kyoto_retail	12	S2RKS32.92-11-21-3	aea72a	motorola/kyoto_retail/kyoto:12/S2RKS32.92-11-21-3/aea72a:user/release-keys	2022-10-01		
motorola	motorola	moto g(60)s	moto g(60)s	lisbon	lisbon_retail	12	S3RLS32.114-25-7	4a7b6	motorola/lisbon_retail/lisbon:12/S3RLS32.114-25-7/4a7b6:user/release-keys	2023-03-01		
motorola	motorola	moto g play - 2023	moto g play - 2023	maui	maui_retail	12	S3SG32.39-181	3d497e	motorola/maui_retail/maui:12/S3SG32.39-181/3d497e:user/release-keys	2023-04-01		
motorola	motorola	moto g stylus (2022)	moto g stylus (2022)	milan	milan_g	12	S3RDES32.123-37-2-1	76a4a1	motorola/milan_g/milan:12/S3RDES32.123-37-2-1/76a4a1:user/release-keys	2023-05-01		
motorola	motorola	moto g 5G - 2023	moto g stylus 5G (2022)	milanf	milanf_g	12	S1SD32M.56-69	a3f4d	motorola/milanf_g/milanf:12/S1SD32M.56-69/a3f4d:user/release-keys	2022-05-01		
motorola	motorola	moto g(100)	moto g(100)	nio	nio_retail	12	S1RTS32M.41-20-16-1-2	fa698	motorola/nio_retail/nio:12/S1RTS32M.41-20-16-1-2/fa698:user/release-keys	2022-05-01		
motorola	motorola	moto g62 5G	moto g62 5G	rhodec	rhodec_g	12	S1SS32M.53-50	636421	motorola/rhodec_g/rhodec:12/S1SS32M.53-50/636421:user/release-keys	2022-06-01		
motorola	motorola	moto g82 5G	XT2225-2	rhodep	rhodep_cn	12	S1SU32M.73-34-7	a8ad5	motorola/rhodep_cn/rhodep:12/S1SU32M.73-34-7/a8ad5:user/release-keys	2022-04-01		
motorola	motorola	moto g82 5G	moto g82 5G	rhodep	rhodep_g	12	S1SU32M.73-112-22	63cbc	motorola/rhodep_g/rhodep:12/S1SU32M.73-112-22/63cbc:user/release-keys	2022-10-01		
motorola	motorola	moto g power 5G - 2023	moto g(50) 5G	saipan	saipan_retail	12	S1RSS32.38-20-7-11	21aa2	motorola/saipan_retail/saipan:12/S1RSS32.38-20-7-11/21aa2:user/release-keys	2023-02-01		
motorola	motorola	motorola razr (2020)	motorola razr (2020)	smith	smith_retail	12	S2PS32M.57-23-21	50dbcb	motorola/smith_retail/smith:12/S2PS32M.57-23-21/50dbcb:user/release-keys	2022-08-01		
motorola	motorola	moto g200 5G	moto g200 5G	xpeng	xpeng_g	12	S1RX32M.50-13	83b460	motorola/xpeng_g/xpeng:12/S1RX32M.50-13/83b460:user/release-keys	2022-03-01		
realme	realme	realme Pad X	RMP2107	RE54F2L1	RMP2107T2	12	RKQ1.211119.001	S.202207261908	realme/RMP2107T2/RE54F2L1:12/RKQ1.211119.001/S.202207261908:user/release-keys	2022-07-05		
realme	realme	realme C35	T612	RE87BAL1	RMX3511	12	SP1A.210812.016	S.R.202308310143	realme/RMX3511/RE87BAL1:12/SP1A.210812.016/S.R.202308310143:user/release-keys	2023-08-05	T612	ums9230
realme	realme	realme GT NEO 3	RMX3561	RED8BEL1	RMX3561	12	SP1A.210812.016	S.202206022022	realme/RMX3561/RED8BEL1:12/SP1A.210812.016/S.202206022022:user/release-keys	2022-05-05		
realme	realme	真我 V20	RMX3610	RE584B	RMX3610	12	SP1A.210812.016	S.202404031108	realme/RMX3610/RE584B:12/SP1A.210812.016/S.202404031108:user/release-keys	2024-04-05		
redmi	Xiaomi	Redmi Note 10 pro	MT6891	chopin	vnd_chopin	12	SP1A.210812.016	V13.0.11.0.SKPCNXM	redmi/vnd_chopin/chopin:12/SP1A.210812.016/V13.0.11.0.SKPCNXM:user/release-keys	2022-10-01	MT6891	mt6893
samsung	samsung	Galaxy A01	SM-A015F	a01q	a01qxx	12	SP1A.210812.016	A015FXXS6CWG1	samsung/a01qxx/a01q:12/SP1A.210812.016/A015FXXS6CWG1:user/release-keys	2023-08-01		
samsung	samsung	Galaxy A02s	SM-A025V	a02q	a02qsq	12	SP1A.210812.016	A025VSQS6CXF3	samsung/a02qsq/a02q:12/SP1A.210812.016/A025VSQS6CXF3:user/release-keys	2024-05-01		
samsung	samsung	Galaxy A21s	SM-A217F	a21s	a21snsxx	12	SP1A.210812.016	A217FXXSCDXE2	samsung/a21snsxx/a21s:12/SP1A.210812.016/A217FXXSCDXE2:user/release-keys	2024-05-01		
samsung	samsung	Galaxy S10e	SM-G970F	beyond0	beyond0ltexx	12	SP1A.210812.016	G970FXXSGHWC1	samsung/beyond0ltexx/beyond0:12/SP1A.210812.016/G970FXXSGHWC1:user/release-keys	2023-03-01		
samsung	samsung	Galaxy S10 5G	SM-G977N	beyondx	beyondxks	12	SP1A.210812.016	G977NKSU6ZUKI	samsung/beyondxks/beyondx:12/SP1A.210812.016/G977NKSU6ZUKI:user/release-keys	2021-12-01		
samsung	samsung	Galaxy Note10+ 5G	SM-N976B	d2x	d2xxx	12	SP1A.210812.016	N976BXXS9HWHB	samsung/d2xxx/d2x:12/SP1A.210812.016/N976BXXS9HWHB:user/release-keys	2023-08-01		
samsung	samsung	Galaxy M11	SM-M115F	m11q	m11qnsxx	12	SP1A.210812.016	M115FXXU5CWE3	samsung/m11qnsxx/m11q:12/SP1A.210812.016/M115FXXU5CWE3:user/release-keys	2023-05-01		
samsung	samsung	Galaxy M21	SM-M215F	m21	m21nsxx	12	SP1A.210812.016	M215FXXS3CWK1	samsung/m21nsxx/m21:12/SP1A.210812.016/M215FXXS3CWK1:user/release-keys	2023-12-01		
samsung	samsung	Galaxy M31	SM-M315F	m31	m31nsxx	12	SP1A.210812.016	M315FXXS4CXB1	samsung/m31nsxx/m31:12/SP1A.210812.016/M315FXXS4CXB1:user/release-keys	2024-02-01		
samsung	samsung	Galaxy XCover 5	SM-G525F	xcover5	xcover5xx	12	SP1A.210812.016	G525FXXS5BVI1	samsung/xcover5xx/xcover5:12/SP1A.210812.016/G525FXXS5BVI1:user/release-keys	2022-10-01		
vivo	vivo	X50 Pro	vivo 2006	2006	2006NG	12	SP1A.210812.003	compiler04131815	vivo/2006NG/2006:12/SP1A.210812.003/compiler04131815:user/release-keys	2022-04-01		
vivo	vivo	V2030	V2030	2030	2030i	12	SP1A.210812.003	compiler05152322	vivo/2030i/2030:12/SP1A.210812.003/compiler05152322:user/release-keys	2022-05-01		
vivo	vivo	V2046	V2046	2046	2046i	12	SP1A.210812.003	compiler09221914	vivo/2046i/2046:12/SP1A.210812.003/compiler09221914:user/release-keys	2022-09-01		
vivo	vivo	vivo X70 Pro+	V2114	2114	2114i	12	SP1A.210812.003	compiler01181536	vivo/2114i/2114:12/SP1A.210812.003/compiler01181536:user/release-keys	2022-01-01		
vivo	vivo	V2130	V2130	2130	2130_EEA	12	SP1A.210812.003	compiler03032308	vivo/2130_EEA/2130:12/SP1A.210812.003/compiler03032308:user/release-keys	2022-02-01		
vivo	vivo	V2132	V2132	2132	2132i	12	SP1A.210812.003	compiler03112122	vivo/2132i/2132:12/SP1A.210812.003/compiler03112122:user/release-keys	2022-03-01		
vivo	vivo	V2141	V2141	2141	2141i	12	SP1A.210812.003	compiler02081846	vivo/2141i/2141:12/SP1A.210812.003/compiler02081846:user/release-keys	2022-01-01		
vivo	vivo	V2024A	V2024A	PD2024	PD2024	12	SP1A.210812.003	compiler12201136	vivo/PD2024/PD2024:12/SP1A.210812.003/compiler12201136:user/release-keys	2022-12-01		
vivo	vivo	V2073A	V2073A	PD2073	PD2073	12	SP1A.210812.003	compiler12221037	vivo/PD2073/PD2073:12/SP1A.210812.003/compiler12221037:user/release-keys	2022-11-01		
vivo	vivo	V2165A	V2165A	PD2165	PD2165B	12	SP1A.210812.003	compiler03091246	vivo/PD2165B/PD2165:12/SP1A.210812.003/compiler03091246:user/release-keys	2022-02-01		
vivo	vivo	V2166A	V2166A	PD2166	PD2166B	12	SP1A.210812.003	compiler03102050	vivo/PD2166B/PD2166:12/SP1A.210812.003/compiler03102050:user/release-keys	2022-02-01		
vivo	vivo	vivo X Fold	V2178A	PD2178	PD2178	12	SP1A.210812.003	compiler04200551	vivo/PD2178/PD2178:12/SP1A.210812.003/compiler04200551:user/release-keys	2022-03-01		
vivo	vivo	vivo X80 Pro	V2185A	PD2185	PD2185	12	SP1A.210812.003	compiler04170222	vivo/PD2185/PD2185:12/SP1A.210812.003/compiler04170222:user/release-keys	2022-04-01		
vivo	vivo	vivo X80 Pro 天玑9000版	V2186A	PD2186	PD2186	12	SP1A.210812.003	compiler05070706	vivo/PD2186/PD2186:12/SP1A.210812.003/compiler05070706:user/release-keys	2022-04-01		
vivo	vivo	iQOO Neo6	V2196A	PD2196	PD2196	12	SP1A.210812.003	compiler04052335	vivo/PD2196/PD2196:12/SP1A.210812.003/compiler04052335:user/release-keys	2022-03-01		
vivo	vivo	iQOO Neo6 SE	V2199A	PD2199	PD2199	12	SP1A.210812.003	compiler04252311	vivo/PD2199/PD2199:12/SP1A.210812.003/compiler04252311:user/release-keys	2022-04-01		
vivo	vivo	iQOO 10	V2217A	PD2217	PD2217	12	SP2A.220305.013	compiler09211652	vivo/PD2217/PD2217:12/SP2A.220305.013/compiler09211652:user/release-keys	2022-07-01		
vivo	vivo	vivo X Fold+	V2229A	PD2229	PD2229	12	SP2A.220305.013	compiler10182148	vivo/PD2229/PD2229:12/SP2A.220305.013/compiler10182148:user/release-keys	2022-08-01		
vivo	vivo	X80	V2144	V2144	V2144	12	SP1A.210812.003	compiler05111007	vivo/V2144/V2144:12/SP1A.210812.003/compiler05111007:user/release-keys	2022-04-01		
vivo	vivo	X80	MT6983	V2144	V2144	12	SP1A.210812.003	compiler05111008	vivo/V2144/V2144:12/SP1A.210812.003/compiler05111008:user/release-keys	2022-04-01	MT6983	mt6983
vivo	vivo	X80	V2144i	V2144	V2144i	12	SP1A.210812.003	compiler05111040	vivo/V2144i/V2144:12/SP1A.210812.003/compiler05111040:user/release-keys	2022-04-01		
vivo	vivo	X80 Pro	V2145_EEA	V2145	V2145_EEA	12	SP1A.210812.003	compiler10180059	vivo/V2145_EEA/V2145:12/SP1A.210812.003/compiler10180059:user/release-keys	2022-10-01		
vivo	vivo	V25 Pro	V2158	V2158	V2158	12	SP1A.210812.003	compiler11141847	vivo/V2158/V2158:12/SP1A.210812.003/compiler11141847:user/release-keys	2022-11-01		
vivo	vivo	Y16	V2204	V2204	V2204	12	SP1A.210812.003	compiler02171720	vivo/V2204/V2204:12/SP1A.210812.003/compiler02171720:user/release-keys	2023-02-01		
Motorola	Motorola	Moto Tab g70	mototabg70LTE_EEA	mototabg70LTE	mototabg70LTE_EEA	12	SP1A.210812.016	g70_LTE_S200116_221111_ROW	Motorola/mototabg70LTE_EEA/mototabg70LTE:12/SP1A.210812.016/g70_LTE_S200116_221111_ROW:user/release-keys			
Motorola	Motorola	Moto Tab g70	mototabg70LTE_PRC_REL	mototabg70LTE	mototabg70LTE_PRC_REL	12	SP1A.210812.016	g70_LTE_S200116_221111_ROW	Motorola/mototabg70LTE_PRC_REL/mototabg70LTE:12/SP1A.210812.016/g70_LTE_S200116_221111_ROW:user/release-keys			
Motorola	Motorola	Moto Tab g70	mototabg70LTE_RU	mototabg70LTE	mototabg70LTE_RU	12	SP1A.210812.016	g70_LTE_S200116_221111_ROW	Motorola/mototabg70LTE_RU/mototabg70LTE:12/SP1A.210812.016/g70_LTE_S200116_221111_ROW:user/release-keys			
Motorola	Motorola	Moto Tab g70	mototabg70LTE_TR	mototabg70LTE	mototabg70LTE_TR	12	SP1A.210812.016	g70_LTE_S200116_221111_ROW	Motorola/mototabg70LTE_TR/mototabg70LTE:12/SP1A.210812.016/g70_LTE_S200116_221111_ROW:user/release-keys			
Motorola	Motorola	Moto Tab g70	mototabg70_EEA	mototabg70	mototabg70_EEA	12	SP1A.210812.016	g70_S200116_221111_ROW	Motorola/mototabg70_EEA/mototabg70:12/SP1A.210812.016/g70_S200116_221111_ROW:user/release-keys			
Motorola	Motorola	Moto Tab g70	mototabg70_PRC_REL	mototabg70	mototabg70_PRC_REL	12	SP1A.210812.016	g70_S200116_221111_ROW	Motorola/mototabg70_PRC_REL/mototabg70:12/SP1A.210812.016/g70_S200116_221111_ROW:user/release-keys			
Motorola	Motorola	Moto Tab g70	mototabg70_RU	mototabg70	mototabg70_RU	12	SP1A.210812.016	g70_S200116_221111_ROW	Motorola/mototabg70_RU/mototabg70:12/SP1A.210812.016/g70_S200116_221111_ROW:user/release-keys			
Motorola	Motorola	Moto Tab g70	mototabg70_TR	mototabg70	mototabg70_TR	12	SP1A.210812.016	g70_S200116_221111_ROW	Motorola/mototabg70_TR/mototabg70:12/SP1A.210812.016/g70_S200116_221111_ROW:user/release-keys			
Nokia	Nokia	Nokia 5.4	DoctorDoom_00WW	DRD	DoctorDoom_00WW	12	SKQ1.220119.001	00WW_3_310	Nokia/DoctorDoom_00WW/DRD:12/SKQ1.220119.001/00WW_3_310:user/release-keys			
Nokia	Nokia	Nokia 5.4	DoctorDoom_00WW	DRDA_sprout	DoctorDoom_00WW	12	SKQ1.220119.001	00WW_3_310	Nokia/DoctorDoom_00WW/DRDA_sprout:12/SKQ1.220119.001/00WW_3_310:user/release-keys			
Nokia	Nokia	Nokia 3.4	DoctorStrange_00RU	DRS	DoctorStrange_00RU	12	SKQ1.220119.001	00WW_3_280	Nokia/DoctorStrange_00RU/DRS:12/SKQ1.220119.001/00WW_3_280:user/release-keys			
Nokia	Nokia	Nokia 3.4	DoctorStrange_00WW	DRS	DoctorStrange_00WW	12	SKQ1.220119.001	00WW_3_280	Nokia/DoctorStrange_00WW/DRS:12/SKQ1.220119.001/00WW_3_280:user/release-keys			
Nokia	Nokia	Nokia 3.4	DoctorStrange_00WW	DRSA_sprout	DoctorStrange_00WW	12	SKQ1.220119.001	00WW_3_280	Nokia/DoctorStrange_00WW/DRSA_sprout:12/SKQ1.220119.001/00WW_3_280:user/release-keys			
Nokia	Nokia	Nokia G20	Ronin_00WW	RNN_sprout	Ronin_00WW	12	SP1A.210812.016	00WW_2_230	Nokia/Ronin_00WW/RNN_sprout:12/SP1A.210812.016/00WW_2_230:user/release-keys	2022-05-05		
Nokia	Nokia	Nokia G400 5G	Styles_04US	STM	Styles_04US	12	SKQ1.220201.001	04US_1_220	Nokia/Styles_04US/STM:12/SKQ1.220201.001/04US_1_220:user/release-keys			
Nokia	Nokia	Nokia G22	Sunfire_00WW	SFI	Sunfire_00WW	12	SP1A.210812.016	00WW_1_160	Nokia/Sunfire_00WW/SFI:12/SP1A.210812.016/00WW_1_160:user/release-keys	2023-04-05		
Nokia	Nokia	Nokia C31	Vision_00WW	VSI	Vision_00WW	12	SP1A.210812.016	00WW_1_140	Nokia/Vision_00WW/VSI:12/SP1A.210812.016/00WW_1_140:user/release-keys	2022-10-05		
OnePlus	OnePlus	OnePlus 8T+ 5G	OnePlus8TTMO	OnePlus8TTMO	OnePlus8TTMO	12	RKQ1.211119.001	R.202206041617	OnePlus/OnePlus8TTMO/OnePlus8TTMO:12/RKQ1.211119.001/R.202206041617:user/release-keys			
OnePlus	OnePlus	OnePlus 9 5G	OnePlus9	OnePlus9	OnePlus9	12	SKQ1.210216.001	R.202109102211	OnePlus/OnePlus9/OnePlus9:12/SKQ1.210216.001/R.202109102211:user/release-keys			
OnePlus	OnePlus	OnePlus 9 5G	OnePlus9_IND	OnePlus9	OnePlus9_IND	12	SKQ1.210216.001	R.202109102211	OnePlus/OnePlus9_IND/OnePlus9:12/SKQ1.210216.001/R.202109102211:user/release-keys			
POCO	POCO	Redmi Note 10 Pro	21061110AG	chopin	chopin_tr	12	SP1A.210812.016	V14.0.3.0.TKPTRXM	POCO/chopin_tr/chopin:12/SP1A.210812.016/V14.0.3.0.TKPTRXM:user/release-keys			
POCO	POCO	POCO M3	M2010J19CG	citrus	citrus_global	12	RKQ1.211130.001	V13.0.3.0.SJFMIXM	POCO/citrus_global/citrus:12/RKQ1.211130.001/V13.0.3.0.SJFMIXM:user/release-keys			
POCO	POCO	POCO M3	M2010J19CG	citrus	citrus_global	12	RKQ1.211130.001	V14.0.2.0.SJFMIXM	POCO/citrus_global/citrus:12/RKQ1.211130.001/V14.0.2.0.SJFMIXM:user/release-keys		bengal	bengal
POCO	POCO	POCO M3	M2010J19CG	citrus	citrus_id	12	RKQ1.211130.001	V13.0.1.0.SJFIDXM	POCO/citrus_id/citrus:12/RKQ1.211130.001/V13.0.1.0.SJFIDXM:user/release-keys			
POCO	POCO	POCO M2 Pro	POCO M2 Pro	gram	gram_in	12	RKQ1.211019.001	V13.0.1.0.SJPINXM	POCO/gram_in/gram:12/RKQ1.211019.001/V13.0.1.0.SJPINXM:user/release-keys		SM7125	atoll
POCO	POCO	POCO F2 Pro	POCO F2 Pro	lmi	lmi_global	12	RKQ1.211001.001	V13.0.1.0.SJKMIXM	POCO/lmi_global/lmi:12/RKQ1.211001.001/V13.0.1.0.SJKMIXM:user/release-keys			
POCO	POCO	Redmi Note 10S	2207117BPG	rosemary	rosemary_p_eea	12	SP1A.210812.016	V14.0.5.0.TKLEUXM	POCO/rosemary_p_eea/rosemary:12/SP1A.210812.016/V14.0.5.0.TKLEUXM:user/release-keys			
POCO	POCO	Redmi Note 10S	2207117BPG	rosemary	rosemary_p_global	12	SP1A.210812.016	V14.0.2.0.TKLMIXM	POCO/rosemary_p_global/rosemary:12/SP1A.210812.016/V14.0.2.0.TKLMIXM:user/release-keys			
POCO	POCO	Redmi Note 10S	2207117BPG	rosemary	rosemary_p_in	12	SP1A.210812.016	V14.0.3.0.TKLINXM	POCO/rosemary_p_in/rosemary:12/SP1A.210812.016/V14.0.3.0.TKLINXM:user/release-keys			
POCO	POCO	POCO X3 NFC	M2007J20CG	surya	surya_eea	12	RKQ1.211019.001	V13.0.1.0.SJGEUXM	POCO/surya_eea/surya:12/RKQ1.211019.001/V13.0.1.0.SJGEUXM:user/release-keys		SM7150	sm6150
POCO	POCO	POCO X3 NFC	M2007J20CG	surya	surya_global	12	RKQ1.211019.001	V13.0.1.0.SJGMIXM	POCO/surya_global/surya:12/RKQ1.211019.001/V13.0.1.0.SJGMIXM:user/release-keys			
POCO	POCO	POCO X3 NFC	M2007J20CG	surya	surya_id	12	RKQ1.211019.001	V13.0.1.0.SJGIDXM	POCO/surya_id/surya:12/RKQ1.211019.001/V13.0.1.0.SJGIDXM:user/release-keys			
POCO	POCO	POCO X3 NFC	M2007J20CG	surya	surya_in	12	RKQ1.211019.001	V13.0.1.0.SJGINXM	POCO/surya_in/surya:12/RKQ1.211019.001/V13.0.1.0.SJGINXM:user/release-keys			
POCO	POCO	POCO X3 NFC	M2007J20CG	surya	surya_ru	12	RKQ1.211019.001	V14.0.2.0.SJGRUXM	POCO/surya_ru/surya:12/RKQ1.211019.001/V14.0.2.0.SJGRUXM:user/release-keys			
Redmi	Redmi	Redmi Note 13 Pro 5G	XIG05_jp_kdi	XIG05	XIG05_jp_kdi	12	SKQ1.230401.001	V816.0.1.0.UNRCNXM	Redmi/XIG05_jp_kdi/XIG05:12/SKQ1.230401.001/V816.0.1.0.UNRCNXM:user/release-keys			
Redmi	Redmi	Redmi Note 9T	M2007J22G	cannong	cannong_global	12	SP1A.210812.016	V13.0.1.0.SJEMIXM	Redmi/cannong_global/cannong:12/SP1A.210812.016/V13.0.1.0.SJEMIXM:user/release-keys	2022-05-01		
Redmi	Redmi	Redmi Note 9 Pro	Redmi Note 9 Pro	curtana	curtana	12	RKQ1.211019.001	V13.0.2.0.SJWINXM	Redmi/curtana/curtana:12/RKQ1.211019.001/V13.0.2.0.SJWINXM:user/release-keys		SM7125	atoll
Redmi	Redmi	Redmi Note 9S	Redmi Note 9S	curtana	curtana_global	12	RKQ1.211019.001	V13.0.2.0.SJWMIXM	Redmi/curtana_global/curtana:12/RKQ1.211019.001/V13.0.2.0.SJWMIXM:user/release-keys		SM7125	atoll
Redmi	Redmi	Mi 10T Lite	M2007J17C	gauguin	gauguin	12	RKQ1.200826.002	21.12.27	Redmi/gauguin/gauguin:12/RKQ1.200826.002/21.12.27:user/release-keys			
Redmi	Redmi	Mi 10T Lite	Gauguin	gauguin	gauguinin	12	RKQ1.200826.002	V13.0.6.0.SJSINXM	Redmi/gauguinin/gauguin:12/RKQ1.200826.002/V13.0.6.0.SJSINXM:user/release-keys			
Redmi	Redmi	Redmi Note 9 pro	M2007J17C	gauguinpro	gauguinpro	12	RKQ1.200826.002	21.12.27	Redmi/gauguinpro/gauguinpro:12/RKQ1.200826.002/21.12.27:user/release-keys			
Redmi	Redmi	IRIS		iris	iris	12	RKQ1.210825.002	V13.0.10.0.SKRJPKD	Redmi/iris/iris:12/RKQ1.210825.002/V13.0.10.0.SKRJPKD:user/release-keys			
Redmi	Redmi	Redmi Note 9 Pro	Redmi Note 9 Pro	joyeuse	joyeuse_eea	12	RKQ1.211019.001	V13.0.1.0.SJZEUXM	Redmi/joyeuse_eea/joyeuse:12/RKQ1.211019.001/V13.0.1.0.SJZEUXM:user/release-keys		SM7125	atoll
Redmi	Redmi	Redmi Note 9 Pro	Redmi Note 9 Pro	joyeuse	joyeuse_global	12	RKQ1.211019.001	V13.0.2.0.SJZMIXM	Redmi/joyeuse_global/joyeuse:12/RKQ1.211019.001/V13.0.2.0.SJZMIXM:user/release-keys			
Redmi	Redmi	lilac	Redmi Note 10T (Japan)	lilac	lilac	12	RKQ1.211119.001	V13.0.2.0.SKNJPXM	Redmi/lilac/lilac:12/RKQ1.211119.001/V13.0.2.0.SKNJPXM:user/release-keys			
Redmi	Redmi	Redmi Note 9 4G	M2010J19SI	lime	lime	12	RKQ1.211130.001	22.6.15	Redmi/lime/lime:12/RKQ1.211130.001/22.6.15:user/release-keys		bengal	bengal
Redmi	Redmi	K30 PRO	POCO F2 Pro	lmi	lmi	12	RKQ1.211001.001	21.11.30	Redmi/lmi/lmi:12/RKQ1.211001.001/21.11.30:user/release-keys			
Redmi	Redmi	Redmi K30 Pro Zoom Edition	Redmi K30 Pro Zoom Edition	lmipro	lmipro	12	RKQ1.211001.001	21.11.30	Redmi/lmipro/lmipro:12/RKQ1.211001.001/21.11.30:user/release-keys			
Redmi	Redmi	Redmi Note 10S	M2101K7BL	maltose	maltose_eea	12	SP1A.210812.016	V14.0.5.0.TKLEUXM	Redmi/maltose_eea/maltose:12/SP1A.210812.016/V14.0.5.0.TKLEUXM:user/release-keys			
Redmi	Redmi	Redmi Note 10S	M2101K7BL	maltose	maltose_in	12	SP1A.210812.016	V14.0.3.0.TKLINXM	Redmi/maltose_in/maltose:12/SP1A.210812.016/V14.0.3.0.TKLINXM:user/release-keys			
Redmi	Redmi	Redmi K50 Pro	22011211C	matisse	matisse	12	SP1A.210812.016	2.04.28.native.user.dpp	Redmi/matisse/matisse:12/SP1A.210812.016/2.04.28.native.user.dpp:user/release-keys			
Redmi	Redmi	Pearl	23054RA19C	pearl	pearl	12	SP1A.210812.016	V14.0.2.0.TLHCNXM	Redmi/pearl/pearl:12/SP1A.210812.016/V14.0.2.0.TLHCNXM:user/release-keys	2023-05-01		
Redmi	Redmi	Phoenix	Redmi K30	phoenix	phoenix	12	RKQ1.210614.002	21.12.27	Redmi/phoenix/phoenix:12/RKQ1.210614.002/21.12.27:user/release-keys			
Redmi	Redmi	Redmi K60E	22122RK93C	rembrandt	rembrandt	12	SP1A.210812.016	V13.0.3.0.SMMCNXM	Redmi/rembrandt/rembrandt:12/SP1A.210812.016/V13.0.3.0.SMMCNXM:user/release-keys	2022-11-01		
Redmi	Redmi	Redmi Note 10S	2207117BPG	rosemary	rosemary_eea	12	SP1A.210812.016	V14.0.5.0.TKLEUXM	Redmi/rosemary_eea/rosemary:12/SP1A.210812.016/V14.0.5.0.TKLEUXM:user/release-keys			
Redmi	Redmi	Redmi Note 10S	2207117BPG	rosemary	rosemary_in	12	SP1A.210812.016	V14.0.3.0.TKLINXM	Redmi/rosemary_in/rosemary:12/SP1A.210812.016/V14.0.3.0.TKLINXM:user/release-keys			
Redmi	Redmi	Redmi Note 12S	23030RAC7Y	sea	sea_eea	12	SP1A.210812.016	V14.0.2.0.THZEUXM	Redmi/sea_eea/sea:12/SP1A.210812.016/V14.0.2.0.THZEUXM:user/release-keys			
Redmi	Redmi	Redmi Note 12S	23030RAC7Y	sea	sea_ru	12	SP1A.210812.016	V816.0.1.0.UHZRUXM	Redmi/sea_ru/sea:12/SP1A.210812.016/V816.0.1.0.UHZRUXM:user/release-keys			
Redmi	Redmi	Redmi Note 10S	M2101K7BG	secret	secret_eea	12	SP1A.210812.016	V14.0.5.0.TKLEUXM	Redmi/secret_eea/secret:12/SP1A.210812.016/V14.0.5.0.TKLEUXM:user/release-keys			
Redmi	Redmi	Redmi Note 10S	M2101K7BG	secret	secret_eea2	12	SP1A.210812.016	V14.0.5.0.TKLEUXM	Redmi/secret_eea2/secret:12/SP1A.210812.016/V14.0.5.0.TKLEUXM:user/release-keys			
Redmi	Redmi	Redmi Note 10S	M2101K7BI	secret	secret_in	12	SP1A.210812.016	V14.0.3.0.TKLINXM	Redmi/secret_in/secret:12/SP1A.210812.016/V14.0.3.0.TKLINXM:user/release-keys			
Redmi	Redmi	Redmi Note 10S	M2101K7BI	secret	secret_in2	12	SP1A.210812.016	V14.0.3.0.TKLINXM	Redmi/secret_in2/secret:12/SP1A.210812.016/V14.0.3.0.TKLINXM:user/release-keys			
Redmi	Redmi	WATER	23028RNCAG	water	water_eea	12	SP1A.210812.016	V14.0.13.0.TGOEUXM	Redmi/water_eea/water:12/SP1A.210812.016/V14.0.13.0.TGOEUXM:user/release-keys			
Redmi	Redmi	WATER	2302EPCC4H	water	water_in	12	SP1A.210812.016	V14.0.4.0.TGOINXM	Redmi/water_in/water:12/SP1A.210812.016/V14.0.4.0.TGOINXM:user/release-keys			
Redmi	Redmi	WATER	2302EPCC4H	water	water_ru	12	SP1A.210812.016	V14.0.14.0.TGORUXM	Redmi/water_ru/water:12/SP1A.210812.016/V14.0.14.0.TGORUXM:user/release-keys			
Redmi	Redmi	POCO X4 GT	22041216C	xaga	xaga_in	12	SP1A.210812.016	V14.0.3.0.TLOINXM	Redmi/xaga_in/xaga:12/SP1A.210812.016/V14.0.3.0.TLOINXM:user/release-keys			
Redmi	Redmi	Redmi Pad	22081283C	yunluo	yunluo	12	SP1A.210812.016	V14.0.5.0.TLYCNXM	Redmi/yunluo/yunluo:12/SP1A.210812.016/V14.0.5.0.TLYCNXM:user/release-keys			
Xiaomi	Xiaomi	Xiaomi 13T	2306EPN60G	aristotle	aristotle	12	SP1A.210812.016	V14.0.10.0.TMFEUXM	Xiaomi/aristotle/aristotle:12/SP1A.210812.016/V14.0.10.0.TMFEUXM:user/release-keys	2023-09-01		
Xiaomi	Xiaomi	Mi 10T Lite	M2007J17G	gauguin	gauguin_global	12	RKQ1.200826.002	V13.0.8.0.SJSMIXM	Xiaomi/gauguin_global/gauguin:12/RKQ1.200826.002/V13.0.8.0.SJSMIXM:user/release-keys			
Xiaomi	Xiaomi	Mi 10i	M2007J17I	gauguinin	gauguinin	12	RKQ1.200826.002	V13.0.6.0.SJSINXM	Xiaomi/gauguinin/gauguinin:12/RKQ1.200826.002/V13.0.6.0.SJSINXM:user/release-keys			
Xiaomi	Xiaomi	Mi 10i	M2007J17I	gauguininpro	gauguininpro	12	RKQ1.200826.002	V13.0.6.0.SJSINXM	Xiaomi/gauguininpro/gauguininpro:12/RKQ1.200826.002/V13.0.6.0.SJSINXM:user/release-keys			
Xiaomi	Xiaomi	Xiaomi 11 Lite NE	2109119DI	lisa	lisa_in	12	RKQ1.211001.001	V13.0.5.0.SKOINXM	Xiaomi/lisa_in/lisa:12/RKQ1.211001.001/V13.0.5.0.SKOINXM:user/release-keys			
Xiaomi	Xiaomi	mihal		mihal	mihal	12	SP1A.210812.016	2.04.28.native.user.dpp	Xiaomi/mihal/mihal:12/SP1A.210812.016/2.04.28.native.user.dpp:user/release-keys			
Xiaomi	Xiaomi	Xiaomi 11i HyperCharge	21091116UI	pissarroinpro	pissarroinpro	12	SP1A.210812.016	V13.0.2.0.SKTINXM	Xiaomi/pissarroinpro/pissarroinpro:12/SP1A.210812.016/V13.0.2.0.SKTINXM:user/release-keys			
Xiaomi	Xiaomi	Xiaomi 12T	22071212AC	plato	plato_global	12	SP1A.210812.016	V13.0.4.0.SLQMIXM	Xiaomi/plato_global/plato:12/SP1A.210812.016/V13.0.4.0.SLQMIXM:user/release-keys	2022-09-01		
Xiaomi	Xiaomi	Xiaomi 12T	22071212AC	plato	plato_id	12	SP1A.210812.016	V14.0.1.0.TLQIDXM	Xiaomi/plato_id/plato:12/SP1A.210812.016/V14.0.1.0.TLQIDXM:user/release-keys			
Xiaomi	Xiaomi	Xiaomi 12X	2112123AC	psyche	psyche	12	RKQ1.211001.001	22.2.28	Xiaomi/psyche/psyche:12/RKQ1.211001.001/22.2.28:user/release-keys			
Xiaomi	Xiaomi	Mi Note 10 Lite	Mi Note 10 Lite	toco	toco_eea	12	RKQ1.210614.002	V13.0.1.0.SFNEUXM	Xiaomi/toco_eea/toco:12/RKQ1.210614.002/V13.0.1.0.SFNEUXM:user/release-keys			
Xiaomi	Xiaomi	POCO X3 Pro	M2102J20SG	vayu	vayu_eea	12	RKQ1.200826.002	V13.0.2.0.SJUEUXM	Xiaomi/vayu_eea/vayu:12/RKQ1.200826.002/V13.0.2.0.SJUEUXM:user/release-keys			
Xiaomi	Xiaomi	Xiaomi 11T Pro	2107113SC	vili	vili	12	RKQ1.211001.001	V13.0.1.0.SKDMIXM	Xiaomi/vili/vili:12/RKQ1.211001.001/V13.0.1.0.SKDMIXM:user/release-keys	2022-01-01		
motorola	motorola	motorola edge 2024	motorola edge 2024	avatrn	avatrn	12	U2UAN34.72-43-2	f0f51	motorola/avatrn/avatrn:12/U2UAN34.72-43-2/f0f51:user/release-keys		parrot	parrot
motorola	motorola	motorola edge (2021)	motorola edge (2021)	berlna	berlna_global	12	S1RMS32M.48-18-11-2-19	394ae	motorola/berlna_global/berlna:12/S1RMS32M.48-18-11-2-19/394ae:user/release-keys	2023-01-01		
motorola	motorola	moto e22	moto e22	borag	borag_retail	12	SOV32.121-40	2a38b	motorola/borag_retail/borag:12/SOV32.121-40/2a38b:user/release-keys			
motorola	motorola	moto e22i	moto e22i	borago	borago_retail	12	SOW32.121-40	2a38b	motorola/borago_retail/borago:12/SOW32.121-40/2a38b:user/release-keys			
motorola	motorola	moto g stylus 5G - 2024	moto g stylus 5G - 2024	boston	boston	12	U2UB34.44-57	d6785	motorola/boston/boston:12/U2UB34.44-57/d6785:user/release-keys		parrot	parrot
motorola	motorola	moto g stylus 5G - 2024	moto g stylus 5G - 2024	boston	boston	12	UUB34.28	8bbff	motorola/boston/boston:12/UUB34.28/8bbff:user/release-keys		parrot	parrot
motorola	motorola	ThinkPhone by Motorola	ThinkPhone by motorola	bronco	bronco	12	T1TBS33.32-8-9-2	69169	motorola/bronco/bronco:12/T1TBS33.32-8-9-2/69169:user/release-keys		taro	taro
motorola	motorola	moto g64 5G	XT2343-3	cancunf	cancunf_cn_hal	12	T3TDC33.16-15	8446be	motorola/cancunf_cn_hal/cancunf:12/T3TDC33.16-15/8446be:user/release-keys			
motorola	motorola	moto g64 5G	XT2343-3	cancunf	cancunf_cn_vext	12	T3TDC33.16-15	8446be	motorola/cancunf_cn_vext/cancunf:12/T3TDC33.16-15/8446be:user/release-keys			
motorola	motorola	moto g64 5G	XT2343-3	cancunf	cancunf_g_hal	12	SQ1A.220105.002	1449d9	motorola/cancunf_g_hal/cancunf:12/SQ1A.220105.002/1449d9:user/release-keys			
motorola	motorola	moto g64 5G	XT2343-3	cancunf	cancunf_g_vext	12	T3TD33.16-13-5	1449d9	motorola/cancunf_g_vext/cancunf:12/T3TD33.16-13-5/1449d9:user/release-keys			
motorola	motorola	moto g stylus 5G - 2025	motorola edge 50 fusion	cusco	cusco	12	U2UU34.40-24-7	957e2	motorola/cusco/cusco:12/U2UU34.40-24-7/957e2:user/release-keys		parrot	parrot
motorola	motorola	moto g stylus 5G - 2025	motorola edge 50 fusion	cuscoi	cuscoi	12	U2UUI34.40-14-1	23fd1	motorola/cuscoi/cuscoi:12/U2UUI34.40-14-1/23fd1:user/release-keys		parrot	parrot
motorola	motorola	moto g73 5G	moto g73 5G	devonf	devonf_g_hal	12	T1TN33.14-63-2	dc5e1	motorola/devonf_g_hal/devonf:12/T1TN33.14-63-2/dc5e1:user/release-keys			
motorola	motorola	moto g73 5G	moto g73 5G	devonf	devonf_g_vext	12	T1TN33.14-63-2	dc5e1	motorola/devonf_g_vext/devonf:12/T1TN33.14-63-2/dc5e1:user/release-keys			
motorola	motorola	motorola edge 30 ultra	motorola edge	eqs	eqs	12	S3SQ32.16-16-22	395c0	motorola/eqs/eqs:12/S3SQ32.16-16-22/395c0:user/release-keys		taro	taro
motorola	motorola	moto g stylus 5G - 2023	moto g stylus 5g	genevn	genevn	12	T1TGN33.60-55	bbf75	motorola/genevn/genevn:12/T1TGN33.60-55/bbf75:user/release-keys		parrot	parrot
motorola	motorola	moto g stylus (2023)	moto g stylus (2023)	gnevan	gnevan_g	12	T1TH33.75-12-6	1c6f9	motorola/gnevan_g/gnevan:12/T1TH33.75-12-6/1c6f9:user/release-keys		mt6768	mt6768
motorola	motorola	moto g22	moto g22	hawaiip	hawaiip_g	12	STA32.79-77-28-50	77-28-50	motorola/hawaiip_g/hawaiip:12/STA32.79-77-28-50/77-28-50:user/release-keys			
motorola	motorola	ThinkPhone by Motorola	motorola edge 30 pro	hiphi	hiphi	12	S1SH32.55-8-8	f5834	motorola/hiphi/hiphi:12/S1SH32.55-8-8/f5834:user/release-keys		taro	taro
motorola	motorola	moto edge X30	XT2201-2	hiphic	hiphic	12	S0SC32.16-29-12	6839c	motorola/hiphic/hiphic:12/S0SC32.16-29-12/6839c:user/release-keys		taro	taro
motorola	motorola	motorola razr 40s	motorola razr 2022	lynkco	lynkco	12	T2TV33.45-10-17	f5250	motorola/lynkco/lynkco:12/T2TV33.45-10-17/f5250:user/release-keys		taro	taro
motorola	motorola	motorola razr 40s	motorola razr 2022	lynkco	lynkco_cn	12	T2TV33.45-10-9	8afe1b	motorola/lynkco_cn/lynkco:12/T2TV33.45-10-9/8afe1b:user/release-keys		taro	taro
motorola	motorola	motorola edge 40 neo	moto edge (2022)	manaus	manaus_g_hal	12	T3TM33.23-21-6	df123	motorola/manaus_g_hal/manaus:12/T3TM33.23-21-6/df123:user/release-keys			
motorola	motorola	motorola edge 40 neo	moto edge (2022)	manaus	manaus_g_vext	12	T3TM33.23-21-6	df123	motorola/manaus_g_vext/manaus:12/T3TM33.23-21-6/df123:user/release-keys		mt6879	mt6879
motorola	motorola	motorola razr 2022	motorola edge 30 pro	oneli	oneli	12	S3SL32.16-72-11	81aee	motorola/oneli/oneli:12/S3SL32.16-72-11/81aee:user/release-keys		taro	taro
motorola	motorola	motorola edge (2022)	moto edge (2022)	tesla	tesla_g_hal	12	S2ST32.71-118-4	da101	motorola/tesla_g_hal/tesla:12/S2ST32.71-118-4/da101:user/release-keys			
motorola	motorola	motorola edge (2022)	moto edge (2022)	tesla	tesla_g_vext	12	S2ST32.71-118-4	da101	motorola/tesla_g_vext/tesla:12/S2ST32.71-118-4/da101:user/release-keys			
motorola	motorola	moto g72	moto g72	vicky	vicky_g_hal	12	S3SVS32.45-28-1-2	7ab7f9	motorola/vicky_g_hal/vicky:12/S3SVS32.45-28-1-2/7ab7f9:user/release-keys			
motorola	motorola	moto g72	moto g72	vicky	vicky_g_sys	12	S3SVS32.45-28-1-2	7ab7f9	motorola/vicky_g_sys/vicky:12/S3SVS32.45-28-1-2/7ab7f9:user/release-keys	2023-02-01		
motorola	motorola	moto g72	moto g72	vicky	vicky_g_vext	12	S3SVS32.45-28-1-2	7ab7f9	motorola/vicky_g_vext/vicky:12/S3SVS32.45-28-1-2/7ab7f9:user/release-keys			
motorola	motorola	motorola razr plus 2023	motorola razr 2022	zeekr	zeekr	12	T1TZ33.3-43-19	0ad92	motorola/zeekr/zeekr:12/T1TZ33.3-43-19/0ad92:user/release-keys		taro	taro
motorola	motorola	motorola razr plus 2023	motorola razr 2022	zeekr	zeekr_cn	12	T2TZ33.18-16-19	2a2b6	motorola/zeekr_cn/zeekr:12/T2TZ33.18-16-19/2a2b6:user/release-keys		taro	taro
samsung	samsung	Galaxy Tab A7 Lite	SM-T220	gta7litewifi	gta7litewifixx	12	SP1A.210812.016	T220XXU1BVGB	samsung/gta7litewifixx/gta7litewifi:12/SP1A.210812.016/T220XXU1BVGB:user/release-keys	2022-07-01		
samsung	samsung	S41	SM-M215F	m21	m21nsxx	12	SP1A.210812.016	M215FXXU3CVH1	samsung/m21nsxx/m21:12/SP1A.210812.016/M215FXXU3CVH1:user/release-keys	2022-08-01		
samsung	samsung	Galaxy M34 5G	SM-M346B	m34x	m34xnsxx	12	SP1A.210812.016	M346BXXS3BWL4	samsung/m34xnsxx/m34x:12/SP1A.210812.016/M346BXXS3BWL4:user/release-keys			
samsung	samsung	Galaxy M34 5G	SM-M346B	m34x	m34xnsxx	12	SP1A.210812.016	M346BXXU1AWG1	samsung/m34xnsxx/m34x:12/SP1A.210812.016/M346BXXU1AWG1:user/release-keys			
samsung	samsung	Galaxy M34 5G	SM-M346B2	m34x	m34xzh	12	SP1A.210812.016	M346B2ZHS3BXB1	samsung/m34xzh/m34x:12/SP1A.210812.016/M346B2ZHS3BXB1:user/release-keys			
samsung	samsung	Galaxy S23 FE	SM-S711U1	r11q	r11quew	12	SP1A.210812.016	S711U1UES3CXD2	samsung/r11quew/r11q:12/SP1A.210812.016/S711U1UES3CXD2:user/release-keys			
samsung	samsung	Galaxy S23 FE	SM-S711B	r11s	r11sxxx	12	SP1A.210812.016	S711BXXS2BXA1	samsung/r11sxxx/r11s:12/SP1A.210812.016/S711BXXS2BXA1:user/release-keys			
samsung	samsung	Galaxy S10 Lite	SM-G770F	r5q	r5qnaxx	12	SP1A.210812.016	G770FXXU6FUL8	samsung/r5qnaxx/r5q:12/SP1A.210812.016/G770FXXU6FUL8:user/release-keys			
samsung	samsung	Galaxy S20 FE	SM-G780G	r8q	r8qxx	12	SP1A.210812.016	G780GXXU3CVE7	samsung/r8qxx/r8q:12/SP1A.210812.016/G780GXXU3CVE7:user/release-keys			
samsung	samsung	Galaxy S21+ 5G	SM-G996B	t2s	t2sxxx	12	SP1A.210812.016	G996BXXU3BUKG	samsung/t2sxxx/t2s:12/SP1A.210812.016/G996BXXU3BUKG:user/release-keys			
samsung	samsung	心系天下 三星 W23	SM-W9023	v4q	v4qzc	12	SP2A.220305.013	W9023ZCU3DWH5	samsung/v4qzc/v4q:12/SP2A.220305.013/W9023ZCU3DWH5:user/release-keys			
Lenovo	qti	Lenovo Tab P11 Pro	TB-J706F_S_ST	J706F	LenovoTB-J706F_PRC	12	SKQ1.220213.001	14.0.193_230403	Lenovo/LenovoTB-J706F_PRC/J706F:12/SKQ1.220213.001/14.0.193_230403:user/release-keys	2023-02-01		
Lenovo	LENOVO	Lenovo Tab K10	LenovoTB-X6C6L_ROW	X6C6L	LenovoTB-X6C6L	12	SP1A.210812.016	S022_231109_ROW	Lenovo/LenovoTB-X6C6L/X6C6L:12/SP1A.210812.016/S022_231109_ROW:user/release-keys	2023-11-05		
Lenovo	qti	Lenovo Tab M10 Plus 3rd Gen	TB128FU_S_ST	TB128FU	P89990JA1	12	SKQ1.220119.001	13.5.365_220526	Lenovo/P89990JA1/TB128FU:12/SKQ1.220119.001/13.5.365_220526:user/release-keys	2022-05-01		
Lenovo	Lenovo	Lenovo Tab M10 Plus 3rd Gen	Lenovo TB125FU	TB125FU	TB125FU	12	SP1A.210812.016	S000070_220608_ROW	Lenovo/TB125FU/TB125FU:12/SP1A.210812.016/S000070_220608_ROW:user/release-keys	2022-05-05		
Lenovo	LENOVO	Lenovo Tab M9	LenovoTB310FU_ROW	TB310FU	TB310FU	12	SP1A.210812.016	S000510_221208_ROW	Lenovo/TB310FU/TB310FU:12/SP1A.210812.016/S000510_221208_ROW:user/release-keys	2022-11-01		
Lenovo	Lenovo	Lenovo Tab M10 (3rd Gen)	LenovoTB328XU_ROW	TB328XU	TB328XU	12	SP1A.210812.016	TB328XU_S200175_241104_ROW	Lenovo/TB328XU/TB328XU:12/SP1A.210812.016/TB328XU_S200175_241104_ROW:user/release-keys	2024-11-05		
Lenovo	Lenovo	Lenovo K14 Note	Lenovo K14 Note	cofud	cofud_l	12	S3RWDS32.123-29-8-1	06a8f5	Lenovo/cofud_l/cofud:12/S3RWDS32.123-29-8-1/06a8f5:user/release-keys	2023-04-01		
Lenovo	Lenovo	拯救者电竞手机2 Pro	Lenovo L70081	doom	doom	12	SKQ1.211019.001	13.5.332_220407	Lenovo/doom/doom:12/SKQ1.211019.001/13.5.332_220407:user/release-keys	2022-02-01		
Lenovo	qti	Legion Y70	Lenovo71091_S_ST	halo	halo	12	SKQ1.220519.001	14.0.530_220815	Lenovo/halo/halo:12/SKQ1.220519.001/14.0.530_220815:user/release-keys	2022-07-01		
Sony	Sony	pdx223		pdx223	pdx223	12	SKQ1.220714.001	1	Sony/pdx223/pdx223:12/SKQ1.220714.001/1:user/release-keys	2022-10-01	taro	taro
ZTE	ZTE	ZTE A2023P	ZTE A2023P	P898A01	CN_P898A01	12	SKQ1.220213.001	20220705.225255	ZTE/CN_P898A01/P898A01:12/SKQ1.220213.001/20220705.225255:user/release-keys	2022-06-01		
ZTE	ZTE	ZTE A2322G	ZTE A2322G	P870A02	EEA_P870A02	12	SKQ1.220213.001	20221126.160139	ZTE/EEA_P870A02/P870A02:12/SKQ1.220213.001/20221126.160139:user/release-keys	2022-11-01		
ZTE	ZTE	ZTE A2023PG	ZTE A2023PG	P898F01	EEA_P898F01	12	SKQ1.220213.001	20220714.011432	ZTE/EEA_P898F01/P898F01:12/SKQ1.220213.001/20220714.011432:user/release-keys	2022-07-01		
asus	asus	ZenFone 7 / 7 Pro (ZS670KS/ZS671KS)	WW_I002D	ASUS_I002D	WW_I002D	12	SKQ1.210821.001	31.0210.0210.250	asus/WW_I002D/ASUS_I002D:12/SKQ1.210821.001/31.0210.0210.250:user/release-keys	2022-05-05		
asus	asus	ROG Phone 3	ASUS_I003DD	ASUS_I003_1	WW_I003D	12	SKQ1.210821.001	31.0210.0210.236-0	asus/WW_I003D/ASUS_I003_1:12/SKQ1.210821.001/31.0210.0210.236-0:user/release-keys	2022-06-05	SM8250	
blackshark	blackshark	SHARK KTUS-A0	SHARK KTUS-A0	katyusha	KTUS-H0	12	KTUS2208100OS00MP2	V11.0.4.0.JOYUI	blackshark/KTUS-H0/katyusha:12/KTUS2208100OS00MP2/V11.0.4.0.JOYUI:user/release-keys	2022-06-01		
nubia	nubia	nubia  Z30 Pro	NX667J	P875N02	CN_P875N02	12	SKQ1.220213.001	20220726.231034	nubia/CN_P875N02/P875N02:12/SKQ1.220213.001/20220726.231034:user/release-keys	2022-06-01		
nubia	nubia	NX679J	NX679J	NX679J-EEA	NX679J-EEA	12	SKQ1.211113.001	eng.nubia.20220409.053640	nubia/NX679J-EEA/NX679J-EEA:12/SKQ1.211113.001/eng.nubia.20220409.053640:user/release-keys	2022-03-01	taro	taro
nubia	nubia	NX679J	NX679J	NX679J-UN	NX679J-UN	12	SKQ1.211113.001	eng.nubia.20220409.151114	nubia/NX679J-UN/NX679J-UN:12/SKQ1.211113.001/eng.nubia.20220409.151114:user/release-keys	2022-03-01	taro	taro
nubia	nubia	NX679J	NX679J	NX679J	NX679J	12	SKQ1.211019.001	eng.nubia.20220203.191346	nubia/NX679J/NX679J:12/SKQ1.211019.001/eng.nubia.20220203.191346:user/release-keys	2022-01-01	taro	taro
nubia	nubia	NX679S	NX679S	NX679S	NX679S	12	SKQ1.220406.001	eng.nubia.20220623.232444	nubia/NX679S/NX679S:12/SKQ1.220406.001/eng.nubia.20220623.232444:user/release-keys	2022-06-01	taro	taro
nubia	nubia	NX709J	NX709J	NX709J-EEA	NX709J-EEA	12	SKQ1.211113.001	eng.nubia.20220803.224745	nubia/NX709J-EEA/NX709J-EEA:12/SKQ1.211113.001/eng.nubia.20220803.224745:user/release-keys	2022-07-01	taro	taro
nubia	nubia	NX709J	NX709J	NX709J-UN	NX709J-UN	12	SKQ1.211113.001	eng.nubia.20220415.052425	nubia/NX709J-UN/NX709J-UN:12/SKQ1.211113.001/eng.nubia.20220415.052425:user/release-keys	2022-03-01	taro	taro
nubia	nubia	NX709J	NX709J	NX709J	NX709J	12	SKQ1.211019.001	eng.nubia.20220111.205659	nubia/NX709J/NX709J:12/SKQ1.211019.001/eng.nubia.20220111.205659:user/release-keys	2022-01-01	taro	taro
nubia	nubia	NX709S	NX709S	NX709S	NX709S	12	SKQ1.220406.001	eng.nubia.20220628.204636	nubia/NX709S/NX709S:12/SKQ1.220406.001/eng.nubia.20220628.204636:user/release-keys	2022-06-01	taro	taro
Infinix	Infinix	Infinix SMART 7	Infinix X6515	Infinix-X6515	X6515-OP	12	SP1A.210812.016	221220V476	Infinix/X6515-OP/Infinix-X6515:12/SP1A.210812.016/221220V476:user/release-keys	2022-11-01	mt6761	mt6761
Infinix	Infinix	SMRAT 8 PRO	Infinix X6525B	Infinix-X6525B	X6525B-OP	12	SP1A.210812.016	240322V850	Infinix/X6525B-OP/Infinix-X6525B:12/SP1A.210812.016/240322V850:user/release-keys	2024-03-05	mt6765	mt6765
Infinix	Infinix	Infinix HOT 50i	Infinix X6531B	Infinix-X6531B	X6531B-OP	12	SP1A.210812.016	240904V384	Infinix/X6531B-OP/Infinix-X6531B:12/SP1A.210812.016/240904V384:user/release-keys	2024-07-05	mt6768	mt6768
Infinix	Infinix	SMART 9	Infinix X6532	Infinix-X6532	X6532-OP	12	SP1A.210812.016	240820V1902	Infinix/X6532-OP/Infinix-X6532:12/SP1A.210812.016/240820V1902:user/release-keys	2024-07-05	mt6768	mt6768
Infinix	Infinix	Infinix NOTE 12	Infinix X663C	Infinix-X663C	X663C-AS	12	SP1A.210812.016	221202V254	Infinix/X663C-AS/Infinix-X663C:12/SP1A.210812.016/221202V254:user/release-keys	2022-11-05	mt6768	mt6768
Infinix	Infinix	Infinix NOTE 12	X663C-AS	Infinix-X663C	X663C-AS	12	SP1A.210812.016	230401V328	Infinix/X663C-AS/Infinix-X663C:12/SP1A.210812.016/230401V328:user/release-keys	2023-03-05		
Infinix	Infinix	HOT 20 5G	Infinix X666	Infinix-X666	X666-GL	12	SP1A.210812.016	230508V1046	Infinix/X666-GL/Infinix-X666:12/SP1A.210812.016/230508V1046:user/release-keys	2023-05-05	mt6833	mt6833
Infinix	Infinix	X666B-EU	X666B-EU	Infinix-X666B	X666B-EU	12	SP1A.210812.016	220908V566	Infinix/X666B-EU/Infinix-X666B:12/SP1A.210812.016/220908V566:user/release-keys	2022-08-01		
Infinix	Infinix	Infinix HOT 30i	X669D	Infinix-X669D	X669D-RU	12	SP1A.210812.016	RU-20230407V152	Infinix/X669D-RU/Infinix-X669D:12/SP1A.210812.016/RU-20230407V152:user/release-keys	2023-02-05		
Infinix	Infinix	NOTE 30 VIP	Infinix X6710	Infinix-X6710	X6710-GL	12	SP1A.210812.016	230111V331	Infinix/X6710-GL/Infinix-X6710:12/SP1A.210812.016/230111V331:user/release-keys	2023-01-05	mt6893	mt6893
Infinix	Infinix	Infinix NOTE 30 5G	Infinix X6711	Infinix-X6711	X6711-EU	12	SP1A.210812.016	240830V2510	Infinix/X6711-EU/Infinix-X6711:12/SP1A.210812.016/240830V2510:user/release-keys	2024-08-05	mt6833	mt6833
Infinix	Infinix	Infinix ZERO 30	Infinix X6731B	Infinix-X6731B	X6731B-OP	12	SP1A.210812.016	240827V238	Infinix/X6731B-OP/Infinix-X6731B:12/SP1A.210812.016/240827V238:user/release-keys	2024-08-05	mt6789	mt6789
Infinix	Infinix	Infinix HOT 20	X6826-OP	Infinix-X6826	X6826-OP	12	SP1A.210812.016	230314V1309	Infinix/X6826-OP/Infinix-X6826:12/SP1A.210812.016/230314V1309:user/release-keys	2023-03-05		
Infinix	Infinix	HOT 20S	X6827-OP	Infinix-X6827	X6827-OP	12	SP1A.210812.016	230403V1200	Infinix/X6827-OP/Infinix-X6827:12/SP1A.210812.016/230403V1200:user/release-keys	2023-03-05		
Itel	Itel	itel P55 5G	itel P661N	itel-P661N	P661N-GL	12	SP1A.210812.016	240910V135	Itel/P661N-GL/itel-P661N:12/SP1A.210812.016/240910V135:user/release-keys	2024-09-05	mt6833	mt6833
Itel	Itel	itel S23	S665L	itel-S665L	S665L-GL	12	SP1A.210812.016	GL-20230605V352	Itel/S665L-GL/itel-S665L:12/SP1A.210812.016/GL-20230605V352:user/release-keys	2023-05-05		
Itel	ITEL	itel A60	SU370	itel-A662L	SU370	12	SP1A.210812.016	GL-20230312V369	Itel/SU370/itel-A662L:12/SP1A.210812.016/GL-20230312V369:user/release-keys	2023-03-05		
TECNO	TECNO	TECNO	TECNO BF7n	TECNO-BF7n	BF7n-OP	12	SP1A.210812.016	230417V775	TECNO/BF7n-OP/TECNO-BF7n:12/SP1A.210812.016/230417V775:user/release-keys	2023-04-05	mt6761	mt6761
TECNO	TECNO	CAMON 19 Pro 5G	TECNO CI7n	TECNO-CI7n	CI7n-GL	12	SP1A.210812.016	220505V36	TECNO/CI7n-GL/TECNO-CI7n:12/SP1A.210812.016/220505V36:user/release-keys	2022-04-05	mt6833	mt6833
TECNO	TECNO	TECNO CAMON 20s Pro 5G	TECNO CK8nB	TECNO-CK8nB	CK8nB-GL	12	SP1A.210812.016	240521V290	TECNO/CK8nB-GL/TECNO-CK8nB:12/SP1A.210812.016/240521V290:user/release-keys	2024-04-05	mt6893	mt6893
TECNO	TECNO	TECNO SPARK 10	TECNO KI5n	TECNO-KI5n	KI5n-GL	12	SP1A.210812.016	230107V472	TECNO/KI5n-GL/TECNO-KI5n:12/SP1A.210812.016/230107V472:user/release-keys	2022-12-05	mt6765	mt6765
TECNO	TECNO	TECNO SPARK 10 Pro	TECNO KI7	TECNO-KI7	KI7-GL	12	SP1A.210812.016	240814V3288	TECNO/KI7-GL/TECNO-KI7:12/SP1A.210812.016/240814V3288:user/release-keys	2024-08-05	mt6768	mt6768
TECNO	TECNO	TECNO SPARK 20	TECNO KJ5	TECNO-KJ5	KJ5-OP	12	SP1A.210812.016	240607V1280	TECNO/KJ5-OP/TECNO-KJ5:12/SP1A.210812.016/240607V1280:user/release-keys	2024-05-05	mt6768	mt6768
TECNO	TECNO	TECNO POVA 4	LG7n-GL	TECNO-LG7n	LG7n-GL	12	SP1A.210812.016	230320V1182	TECNO/LG7n-GL/TECNO-LG7n:12/SP1A.210812.016/230320V1182:user/release-keys	2023-03-05		
TECNO	TECNO	TECNO POVA 4 Pro	LG8n-GL	TECNO-LG8n	LG8n-GL	12	SP1A.210812.016	230525V1802	TECNO/LG8n-GL/TECNO-LG8n:12/SP1A.210812.016/230525V1802:user/release-keys	2023-04-05		
TECNO	TECNO	TECNO POVA 4 Pro	LG8n-TR	TECNO-LG8n	LG8n-TR	12	SP1A.210812.016	240314V2672	TECNO/LG8n-TR/TECNO-LG8n:12/SP1A.210812.016/240314V2672:user/release-keys	2024-03-05		
TECNO	TECNO	POVA 5 Pro 5G	TECNO LH8n	TECNO-LH8n	LH8n-GL	12	SP1A.210812.016	240703V513	TECNO/LH8n-GL/TECNO-LH8n:12/SP1A.210812.016/240703V513:user/release-keys	2024-06-05	mt6833	mt6833
lge	lge	LG G8 ThinQ™	LM-G820	alphalm	alphalm_lao_com	12	SKQ1.211103.001	2233316083708	lge/alphalm_lao_com/alphalm:12/SKQ1.211103.001/2233316083708:user/release-keys	2022-12-01		
lge	lge	LG V50 ThinQ	LM-V500N	flashlmdd	flashlmdd_lao_com	12	SKQ1.211103.001	22300122594d9	lge/flashlmdd_lao_com/flashlmdd:12/SKQ1.211103.001/22300122594d9:user/release-keys	2022-08-01		
lge	lge	VELVET	LM-G900TM	mcaymanlm	mcaymanlm	12	SKQ1.211103.001	6885120230801	lge/mcaymanlm/mcaymanlm:12/SKQ1.211103.001/6885120230801:user/release-keys	2023-08-01		
lge	lge	V50S ThinQ	LM-V510N	mh2lm	mh2lm_5g	12	SKQ1.211103.001	2231911563102	lge/mh2lm_5g/mh2lm:12/SKQ1.211103.001/2231911563102:user/release-keys	2022-09-01		
lge	lge	LG V60 ThinQ 5G	L-51A	L-51A	timelm_dcm_jp	12	SKQ1.211103.001	231641238fda7	lge/timelm_dcm_jp/L-51A:12/SKQ1.211103.001/231641238fda7:user/release-keys	2023-06-01		
ADT-3	ADT-3	ADT-3	ADT-3	adt3	adt3	12	SPB3.210618.014	7541949	ADT-3/adt3/adt3:12/SPB3.210618.014/7541949:user/release-keys	2021-07-05		
ADT-3	ADT-3	ADT-3	AMLS905Y2	adt3	adt3	12	STT1.211025.001.Z4	7928920	ADT-3/adt3/adt3:12/STT1.211025.001.Z4/7928920:user/release-keys	2021-11-05	AMLS905Y2	deadpool
Blackview	Blackview	BV9200	BV9200_RU	BV9200	BV9200_RU	12	SP1A.210812.016	1671791443	Blackview/BV9200_RU/BV9200:12/SP1A.210812.016/1671791443:user/release-keys	2022-12-05		
CUBOT	CUBOT	P60	P60_EEA	P60	P60_EEA	12	SP1A.210812.016	23140	CUBOT/P60_EEA/P60:12/SP1A.210812.016/23140:user/release-keys	2023-06-05		
DOOGEE	DOOGEE	V30	V30	M23	M23	12	SP1A.210812.016	1689075026	DOOGEE/M23/M23:12/SP1A.210812.016/1689075026:user/release-keys	2023-06-05		
DUOQIN	DUOQIN	Qin3ultra	QIN3ULTRA	k6789v1_64	vext_k6789v1_64	12	SP1A.210812.016	1677872342	DUOQIN/vext_k6789v1_64/k6789v1_64:12/SP1A.210812.016/1677872342:user/release-keys	2022-09-05		
HMD	HMD	nighthawk		nighthawk	nighthawk	12	SKQ1.240903.001	jenkins03120416	HMD/nighthawk/nighthawk:12/SKQ1.240903.001/jenkins03120416:user/release-keys	2025-02-05	parrot	parrot
Honeywell	Honeywell	SDM660	SDM660	hon660	hon660	12	93.00.05	0054	Honeywell/hon660/hon660:12/93.00.05/0054:user/release-keys	2023-10-05	SDM660	sdm660
IIIF150	ANT DAO TECHNOLOGY LIMITED	Air1 Ultra	Air1 Ultra+	Air1_Ultra_Pro	Air1_Ultra_Pro_EEA	12	SP1A.210812.016	1677338620	IIIF150/Air1_Ultra_Pro_EEA/Air1_Ultra_Pro:12/SP1A.210812.016/1677338620:user/release-keys	2023-01-05		
Koobee	Koobee	Koobee_K100	Koobee_K100	SL004T	Koobee_K100	12	SP1A.210812.016	1669984765	Koobee/Koobee_K100/SL004T:12/SP1A.210812.016/1669984765:user/release-keys	2022-11-01		
OMIX	OMIX	X700	X700	X700	X700	12	SP1A.210812.016	1690427665	OMIX/X700/X700:12/SP1A.210812.016/1690427665:user/release-keys	2023-08-05		
Onn	Onn	onn. 4k TV	onn. 4k TV	sti6140d360	sti6140d360	12	SC	20231117	Onn/sti6140d360/sti6140d360:12/SC/20231117:user/release-keys	2023-11-05		
PAX	Shanling	A6650_PEEA	Shanling M3 Plus	A6650	A6650_PLUS	12	SKQ1.220119.001	androi.20230216.102443	PAX/A6650_PLUS/A6650:12/SKQ1.220119.001/androi.20230216.102443:user/release-keys	2024-03-05	SM6125	trinket
Razer	Razer	Razer Edge	Nicole	Razer-Edge-WiFi	Nicole	12	SKQ1.211103.001	172	Razer/Nicole/Razer-Edge-WiFi:12/SKQ1.211103.001/172:user/release-keys	2025-01-01		
Razer	Razer	Razer Edge 5G	Razer Edge 5G	RZ45-0460	VZW-RZ45-0460	12	SKQ1.211103.001	155	Razer/VZW-RZ45-0460/RZ45-0460:12/SKQ1.211103.001/155:user/release-keys	2025-01-01		
Rokid	Rokid	RES102	RES102	Station	RES102	12	STTC.230104.002	HMD14	Rokid/RES102/Station:12/STTC.230104.002/HMD14:user/release-keys	2024-06-05		
SHARP	SHARP	ROUVO V	TTM	STTM21VAPP	VZW_STTM21VAPP	12	SP1A.210812.016	1KN0_0_460	SHARP/VZW_STTM21VAPP/STTM21VAPP:12/SP1A.210812.016/1KN0_0_460:user/release-keys	2022-06-05		
Stream	SDMC	DV8555	DV8555	DV8555-Altice	Stream	12	ST	20230923	Stream/Stream/DV8555-Altice:12/ST/20230923:user/release-keys	2023-08-05		
Symphony	Symphony	Z60 Plus	Z60_plus	Z60_plus	Z60_plus	12	SP1A.210812.016	130	Symphony/Z60_plus/Z60_plus:12/SP1A.210812.016/130:user/release-keys	2023-08-05		
T-Mobile	T-Mobile	REVVL 6	TMAF025G	Bethpage	Bethpage	12	SP1A.210812.016	SW_S98122AA1_V050	T-Mobile/Bethpage/Bethpage:12/SP1A.210812.016/SW_S98122AA1_V050:user/release-keys	2022-07-05		
Teclast	Teclast	P20S_EEA	P20S_EEA	P20S_EEA	P20S_EEA	12	P20S_EEA	20220630.1817	Teclast/P20S_EEA/P20S_EEA:12/P20S_EEA/20220630.1817:user/release-keys	2022-06-05		
Teracube	Teracube	Teracube 2e	Teracube 2e	emerald	full_emerald	12	SP1A.210812.016	p1rck61v164bspP6	Teracube/full_emerald/emerald:12/SP1A.210812.016/p1rck61v164bspP6:user/release-keys	2023-01-05		
Teracube	Teracube	Teracube 2e	Teracube 2e	zirconia	full_zirconia	12	SP1A.210812.016	p1rck61v164bspP6	Teracube/full_zirconia/zirconia:12/SP1A.210812.016/p1rck61v164bspP6:user/release-keys	2022-12-05		
Ulefone	Ulefone	Note 15 EEA	Note_15_EEA	Note_15	Note_15_EEA	12	SP1A.210812.016	2305082113	Ulefone/Note_15_EEA/Note_15:12/SP1A.210812.016/2305082113:user/release-keys	2023-03-05		
Unihertz	Unihertz	Luna	Luna	Luna	Luna	12	SP1A.210812.016	root.20221216.184036	Unihertz/Luna/Luna:12/SP1A.210812.016/root.20221216.184036:user/release-keys	2022-12-05		
Windows	Windows	windows_arm64		windows_arm64	windows_arm64	12	SP2A.220405.004	2204.40000.15.0	Windows/windows_arm64/windows_arm64:12/SP2A.220405.004/2204.40000.15.0:user/release-keys	2022-04-05		
iku	iku	A25	A25	A25	A25	12	SP1A.210812.016	mp1V986	iku/A25/A25:12/SP1A.210812.016/mp1V986:user/release-keys	2024-03-05		
oculus	oculus	Quest 3	Quest 3	eureka	eureka	12	SQ3A.220605.009.A1	49698210068300510	oculus/eureka/eureka:12/SQ3A.220605.009.A1/49698210068300510:user/release-keys	2023-06-05		
oculus	oculus	Quest 2	Quest 2	hollywood	hollywood	12	SQ3A.220605.009.A1	50600670038800150	oculus/hollywood/hollywood:12/SQ3A.220605.009.A1/50600670038800150:user/release-keys	2022-09-05		
oculus	oculus	Quest Pro	Quest Pro	seacliff	seacliff	12	SQ3A.220605.009.A1	50065460038600330	oculus/seacliff/seacliff:12/SQ3A.220605.009.A1/50065460038600330:user/release-keys	2022-09-05		
oculus	oculus	Quest Touch Pro	Quest Touch Pro	starlet	starlet	12	SQ3A.220605.009.A1	50217020038600390	oculus/starlet/starlet:12/SQ3A.220605.009.A1/50217020038600390:user/release-keys	2022-09-05		
surface	surface	Surface Duo	Surface Duo	duo	duo	12	2022.815.152	202208150152	surface/duo/duo:12/2022.815.152/202208150152:user/release-keys	2022-10-01		
surface	surface	Surface Duo 2	Surface Duo 2	duo2	duo2	12	2022.815.179	202208150179	surface/duo2/duo2:12/2022.815.179/202208150179:user/release-keys	2022-10-01		
3	3	ADT-3	ADT-3	adt3	adt3	12	SPB3.210618.014	7541949	3/adt3/adt3:12/SPB3.210618.014/7541949:user/release-keys			
3	3	ADT-3	ADT-3	adt3	adt3_gtv	12	SPB3.210618.014	7541949	3/adt3_gtv/adt3:12/SPB3.210618.014/7541949:user/release-keys			
8849	8849	TANK MINI 1	MT6789	TANK_MINI_1	TANK_MINI_1	12	SP1A.210812.016	root.20231213.125627	8849/TANK_MINI_1/TANK_MINI_1:12/SP1A.210812.016/root.20231213.125627:user/release-keys		MT6789	mt6789
Dynalink	Dynalink	STI6130-D350	Dynalink TV Box	sti6130d350	sti6130d350	12	SC	20230420	Dynalink/sti6130d350/sti6130d350:12/SC/20230420:user/release-keys	2023-03-01		
IIIF150	IIIF150	Air1 Ultra+	Air1_Ultra_Pro_EEA	Air1_Ultra_Pro	Air1_Ultra_Pro_EEA	12	SP1A.210812.016	1670939167	IIIF150/Air1_Ultra_Pro_EEA/Air1_Ultra_Pro:12/SP1A.210812.016/1670939167:user/release-keys			
LAVA	LAVA	LAVA LXX505	LAVA LXX505	LXX505	LXX505	12	SP1A.210812.016	1706944049	LAVA/LXX505/LXX505:12/SP1A.210812.016/1706944049:user/release-keys			
MOONDROP	MOONDROP	k6877v1_64_k419	MD-PH-001	MD_PH_001	MD_PH_001	12	SP1A.210812.016	1711681716	MOONDROP/MD_PH_001/MD_PH_001:12/SP1A.210812.016/1711681716:user/release-keys			
Mobile	Mobile	REVVL 6	Bethpage	Bethpage	Bethpage	12	SP1A.210812.016	SW_S98122AA1_V050	Mobile/Bethpage/Bethpage:12/SP1A.210812.016/SW_S98122AA1_V050:user/release-keys			
Motorola	Motorola	P11	moto tab g70	mototabg70	mototabg70	11	RP1A.200720.011	g70_S000015_220114_ROW	Motorola/mototabg70/mototabg70:11/RP1A.200720.011/g70_S000015_220114_ROW:user/release-keys	2021-12-05		
Motorola	Motorola	Moto Tab g70	moto tab g70 LTE	mototabg70LTE	mototabg70LTE	11	RP1A.200720.011	g70_LTE_S000019_220805_ROW	Motorola/mototabg70LTE/mototabg70LTE:11/RP1A.200720.011/g70_LTE_S000019_220805_ROW:user/release-keys	2022-08-05		
Nokia	Nokia	Nokia 1 Plus	Nokia 1 Plus	ANT	Antman_00WW	11	RP1A.200720.011	00WW_3_020	Nokia/Antman_00WW/ANT:11/RP1A.200720.011/00WW_3_020:user/release-keys	2020-12-05		
Nokia	Nokia	Nokia C20	Nokia C20	COS	Cosmo_00WW	11	RP1A.201005.001	00WW_1_800	Nokia/Cosmo_00WW/COS:11/RP1A.201005.001/00WW_1_800:user/release-keys	2022-05-05		
Nokia	HMD Global	Nokia 3.2	Nokia 3.2	DPL_sprout	Deadpool_00WW	11	RKQ1.200928.002	00WW_3_140	Nokia/Deadpool_00WW/DPL_sprout:11/RKQ1.200928.002/00WW_3_140:user/release-keys	2021-03-05		
Nokia	Nokia	Nokia 1.3	Nokia 1.3	DRX	Drax_00WW	11	RKQ1.200928.002	00WW_2_280	Nokia/Drax_00WW/DRX:11/RKQ1.200928.002/00WW_2_280:user/release-keys	2021-06-05		
Nokia	Nokia	Nokia C21 Plus	Nokia C21 Plus	HPE	Hope_00WW	11	RP1A.201005.001	00WW_1_200	Nokia/Hope_00WW/HPE:11/RP1A.201005.001/00WW_1_200:user/release-keys	2022-08-05		
Nokia	Nokia	Nokia C01 Plus	Nokia C01 Plus	IRS	Iris_00WW	11	RP1A.201005.001	00WW_1_020	Nokia/Iris_00WW/IRS:11/RP1A.201005.001/00WW_1_020:user/release-keys	2021-05-05		
Nokia	Nokia	Nokia 2.3	Nokia 2.3	IRM_sprout	Ironman_00WW	11	RP1A.200720.011	00WW_3_220	Nokia/Ironman_00WW/IRM_sprout:11/RP1A.200720.011/00WW_3_220:user/release-keys	2021-03-05		
Nokia	Nokia	Nokia 8.1	Nokia 8.1	PNX_sprout	Phoenix_00WW	11	RKQ1.200906.002	00WW_6_190	Nokia/Phoenix_00WW/PNX_sprout:11/RKQ1.200906.002/00WW_6_190:user/release-keys	2021-03-01		
Nokia	Nokia	Nokia G50	Nokia G50	PHR	Punisher_00CN	11	RKQ1.210303.002	00CN_1_190	Nokia/Punisher_00CN/PHR:11/RKQ1.210303.002/00CN_1_190:user/release-keys	2021-11-05		
Nokia	Nokia	Nokia G21	Nokia G21	SCP_sprout	ShadowcatPlus_00WW	11	RP1A.201005.001	00WW_1_520	Nokia/ShadowcatPlus_00WW/SCP_sprout:11/RP1A.201005.001/00WW_1_520:user/release-keys	2022-07-05		
Nokia	Nokia	Nokia C20 Plus	Nokia C20 Plus	SUS	Sirius_00CN	11	RP1A.201005.001	00CN_1_010	Nokia/Sirius_00CN/SUS:11/RP1A.201005.001/00CN_1_010:user/release-keys	2021-05-05		
Nokia	HMD Global	Nokia 6.2	Nokia 6.2	SLD_sprout	Starlord_00WW	11	RKQ1.210607.001	00WW_3_440	Nokia/Starlord_00WW/SLD_sprout:11/RKQ1.210607.001/00WW_3_440:user/release-keys	2021-10-01		
Nokia	HMD Global	Nokia 2.2	Nokia 2.2	WSP_sprout	Wasp_00WW	11	RP1A.200720.011	00WW_3_270	Nokia/Wasp_00WW/WSP_sprout:11/RP1A.200720.011/00WW_3_270:user/release-keys	2021-03-05		
OnePlus	OnePlus	OnePlus 9RT 5G	MT2111_IND	OP5155L1	MT2111_IND	11	RKQ1.210614.002	1644752796430	OnePlus/MT2111_IND/OP5155L1:11/RKQ1.210614.002/1644752796430:user/release-keys	2021-12-05		
OnePlus	OnePlus	OnePlus Nord	Nord	Nord	Nord	11	RP1A.201005.001	2104202035	OnePlus/Nord/Nord:11/RP1A.201005.001/2104202035:user/release-keys	2021-04-01		
OnePlus	OnePlus	OnePlus Nord	Nord_EEA	Nord	Nord_EEA	11	RP1A.201005.001	2205252126	OnePlus/Nord_EEA/Nord:11/RP1A.201005.001/2205252126:user/release-keys	2022-04-01		
OnePlus	OnePlus	OnePlus Nord	Nord_IND	Nord	Nord_IND	11	RP1A.201005.001	2103100409	OnePlus/Nord_IND/Nord:11/RP1A.201005.001/2103100409:user/release-keys	2021-01-01		
OnePlus	OnePlus	OnePlus 6	OnePlus6	OnePlus6	OnePlus6	11	RKQ1.201217.002	2106301530	OnePlus/OnePlus6/OnePlus6:11/RKQ1.201217.002/2106301530:user/release-keys	2021-07-01		
OnePlus	OnePlus	OnePlus6T	OnePlus6T	OnePlus6T	OnePlus6T	11	RKQ1.201217.002	2106301531	OnePlus/OnePlus6T/OnePlus6T:11/RKQ1.201217.002/2106301531:user/release-keys	2021-07-01	sdm845	sdm845
OnePlus	OnePlus	OnePlus 7T Pro 5G	OnePlus7TProNR	OnePlus7TProNR	OnePlus7TProNR	11	RKQ1.201022.002	2104261451	OnePlus/OnePlus7TProNR/OnePlus7TProNR:11/RKQ1.201022.002/2104261451:user/release-keys	2021-04-01	msmnile	msmnile
OnePlus	OnePlus	OnePlus 7T	OnePlus7TTMO	OnePlus7TTMO	OnePlus7TTMO	11	RKQ1.201022.002	2103161636	OnePlus/OnePlus7TTMO/OnePlus7TTMO:11/RKQ1.201022.002/2103161636:user/release-keys	2021-02-01	msmnile	msmnile
OnePlus	OnePlus	OnePlus 8	OnePlus8	OnePlus8	OnePlus8	11	RP1A.201005.001	2103101817	OnePlus/OnePlus8/OnePlus8:11/RP1A.201005.001/2103101817:user/release-keys	2021-03-01		
OnePlus	OnePlus	OnePlus 8 Pro	OnePlus8Pro	OnePlus8Pro	OnePlus8Pro	11	RP1A.201005.001	2103101817	OnePlus/OnePlus8Pro/OnePlus8Pro:11/RP1A.201005.001/2103101817:user/release-keys	2021-03-01		
OnePlus	OnePlus	OnePlus 8 Pro	OnePlus8Pro_CH	OnePlus8Pro	OnePlus8Pro_CH	11	RP1A.201005.001	2107310147	OnePlus/OnePlus8Pro_CH/OnePlus8Pro:11/RP1A.201005.001/2107310147:user/release-keys	2021-08-01		
OnePlus	OnePlus	OnePlus 8 Pro	OnePlus8Pro_EEA	OnePlus8Pro	OnePlus8Pro_EEA	11	RP1A.201005.001	2111291807	OnePlus/OnePlus8Pro_EEA/OnePlus8Pro:11/RP1A.201005.001/2111291807:user/release-keys	2021-12-01		
OnePlus	OnePlus	OnePlus 8 Pro	OnePlus8Pro_IND	OnePlus8Pro	OnePlus8Pro_IND	11	RP1A.201005.001	2103221755	OnePlus/OnePlus8Pro_IND/OnePlus8Pro:11/RP1A.201005.001/2103221755:user/release-keys	2021-03-01		
OnePlus	OnePlus	OnePlus 8T	OnePlus8T	OnePlus8T	OnePlus8T	11	RP1A.201005.001	2106011631	OnePlus/OnePlus8T/OnePlus8T:11/RP1A.201005.001/2106011631:user/release-keys	2021-06-01		
OnePlus	OnePlus	OnePlus 8 5G	OnePlus8TMO	OnePlus8TMO	OnePlus8TMO	11	RP1A.201005.001	2104021422	OnePlus/OnePlus8TMO/OnePlus8TMO:11/RP1A.201005.001/2104021422:user/release-keys	2021-04-01		
OnePlus	OnePlus	OnePlus 8T	OnePlus8T_BETA	OnePlus8T	OnePlus8T_BETA	11	RP1A.201005.001	2103101817	OnePlus/OnePlus8T_BETA/OnePlus8T:11/RP1A.201005.001/2103101817:user/release-keys	2021-03-01		
OnePlus	OnePlus	OnePlus 8T	OnePlus8T_CH	OnePlus8T	OnePlus8T_CH	11	RP1A.201005.001	2104201530	OnePlus/OnePlus8T_CH/OnePlus8T:11/RP1A.201005.001/2104201530:user/release-keys	2021-04-01		
OnePlus	OnePlus	OnePlus 8T	OnePlus8T_EEA	OnePlus8T	OnePlus8T_EEA	11	RP1A.201005.001	2106020006	OnePlus/OnePlus8T_EEA/OnePlus8T:11/RP1A.201005.001/2106020006:user/release-keys	2021-06-01		
OnePlus	OnePlus	OnePlus 8T	OnePlus8T_IND	OnePlus8T	OnePlus8T_IND	11	RP1A.201005.001	2103221755	OnePlus/OnePlus8T_IND/OnePlus8T:11/RP1A.201005.001/2103221755:user/release-keys	2021-03-01		
OnePlus	OnePlus	OnePlus 8 5G UW	IN2019	OnePlus8Visible	OnePlus8Visible	11	RP1A.201005.001	2103312144	OnePlus/OnePlus8Visible/OnePlus8Visible:11/RP1A.201005.001/2103312144:user/release-keys	2021-03-01	kona	kona
OnePlus	OnePlus	OnePlus 8	OnePlus8_CH	OnePlus8	OnePlus8_CH	11	RP1A.201005.001	2107310102	OnePlus/OnePlus8_CH/OnePlus8:11/RP1A.201005.001/2107310102:user/release-keys	2021-08-01		
OnePlus	OnePlus	OnePlus 8	OnePlus8_EEA	OnePlus8	OnePlus8_EEA	11	RP1A.201005.001	2110091918	OnePlus/OnePlus8_EEA/OnePlus8:11/RP1A.201005.001/2110091918:user/release-keys	2021-10-01		
OnePlus	OnePlus	OnePlus 8	OnePlus8_IND	OnePlus8	OnePlus8_IND	11	RP1A.201005.001	2103221755	OnePlus/OnePlus8_IND/OnePlus8:11/RP1A.201005.001/2103221755:user/release-keys	2021-03-01		
OnePlus	OnePlus	OnePlus 8	OnePlus8_IND_BETA	OnePlus8	OnePlus8_IND_BETA	11	RP1A.201005.001	2107082312	OnePlus/OnePlus8_IND_BETA/OnePlus8:11/RP1A.201005.001/2107082312:user/release-keys	2021-07-01		
OnePlus	OnePlus	OnePlus 9R	OnePlus9R_IND	OnePlus9R	OnePlus9R_IND	11	RKQ1.201112.002	2104090029	OnePlus/OnePlus9R_IND/OnePlus9R:11/RKQ1.201112.002/2104090029:user/release-keys	2021-03-01		
OnePlus	OnePlus	OnePlus 9 5G	OnePlus9_EEA	OnePlus9	OnePlus9_EEA	11	RKQ1.201105.002	2103242236	OnePlus/OnePlus9_EEA/OnePlus9:11/RKQ1.201105.002/2103242236:user/release-keys	2021-03-01		
OnePlus	OnePlus	OnePlus Nord N100	OnePlusN100	OnePlusN100	OnePlusN100	11	RKQ1.201217.002	2107241042	OnePlus/OnePlusN100/OnePlusN100:11/RKQ1.201217.002/2107241042:user/release-keys	2021-06-01		
OnePlus	OnePlus	OnePlus Nord N100	OnePlusN100TMO	OnePlusN100TMO	OnePlusN100TMO	11	RKQ1.201217.002	2109272222	OnePlus/OnePlusN100TMO/OnePlusN100TMO:11/RKQ1.201217.002/2109272222:user/release-keys	2021-10-01	bengal	bengal
OnePlus	OnePlus	OnePlus Nord N100	OnePlusN100_EEA	OnePlusN100	OnePlusN100_EEA	11	RKQ1.201217.002	2106222150	OnePlus/OnePlusN100_EEA/OnePlusN100:11/RKQ1.201217.002/2106222150:user/release-keys	2021-06-01		
OnePlus	OnePlus	OnePlus Nord N10 5G	OnePlusN10TMO	OnePlusN10TMO	OnePlusN10TMO	11	RKQ1.201217.002	2106130023	OnePlus/OnePlusN10TMO/OnePlusN10TMO:11/RKQ1.201217.002/2106130023:user/release-keys	2021-06-01	lito	lito
OnePlus	OnePlus	OnePlus Nord N200 5G	CT0817	OnePlusN200	OnePlusN200	11	RKQ1.201217.002	2107241556	OnePlus/OnePlusN200/OnePlusN200:11/RKQ1.201217.002/2107241556:user/release-keys	2021-07-01		
OnePlus	OnePlus	OnePlus Nord N200 5G	CT0818	OnePlusN200TMO	OnePlusN200TMO	11	RKQ1.201217.002	2107132003	OnePlus/OnePlusN200TMO/OnePlusN200TMO:11/RKQ1.201217.002/2107132003:user/release-keys	2021-07-01		
OnePlus	OnePlus	moto g(9) power	OnePlusTV	Cebu	OnePlusTV	11	RTM8.240401.135	2408080101	OnePlus/OnePlusTV/Cebu:11/RTM8.240401.135/2408080101:user/release-keys	2024-07-01	m7632	m7632
OnePlus	OnePlus	D00	D00	Dubai	OnePlusTV	11	RTM1.210315.027	2206220509	OnePlus/OnePlusTV/Dubai:11/RTM1.210315.027/2206220509:user/release-keys	2022-05-05	mt5867	mt5867
POCO	POCO	Ares	M2012K10C	ares	aresin	11	RP1A.200720.011	V12.5.4.0.RKJINXM	POCO/aresin/ares:11/RP1A.200720.011/V12.5.4.0.RKJINXM:user/release-keys	2021-07-01		
POCO	POCO	POCO M3	M2010J19CI	citrus	citrus_in	11	RKQ1.201004.002	V12.5.6.0.RJFINXM	POCO/citrus_in/citrus:11/RKQ1.201004.002/V12.5.6.0.RJFINXM:user/release-keys	2022-11-01	bengal	bengal
POCO	POCO	POCO M4 Pro 5G	21091116AG	evergreen	evergreen_global	11	RP1A.200720.011	V12.5.2.0.RGBMIXM	POCO/evergreen_global/evergreen:11/RP1A.200720.011/V12.5.2.0.RGBMIXM:user/release-keys	2021-11-05		
POCO	Android	Acer Googlebook 14	22111317PI	moonstone	moonstone	11	UKQ1.231003.002	V816.0.12.0.UMPMIXM	POCO/moonstone/moonstone:11/UKQ1.231003.002/V816.0.12.0.UMPMIXM:user/release-keys	2024-12-01	holi	holi
POCO	POCO	POCO X2	POCO X2	phoenixin	phoenixin	11	RKQ1.200826.002	V12.1.5.0.RGHINXM	POCO/phoenixin/phoenixin:11/RKQ1.200826.002/V12.1.5.0.RGHINXM:user/release-keys	2021-05-01		
Redmi	Redmi	Ares	M2012K10C	ares	ares	11	RP1A.200720.011	V12.5.12.0.RKJCNXM	Redmi/ares/ares:11/RP1A.200720.011/V12.5.12.0.RKJCNXM:user/release-keys	2021-11-01		
Redmi	Redmi	Redmi Note 8 Pro	Redmi Note 8 Pro	begonia	begonia	11	RP1A.200720.011	V12.5.15.0.RGGEUXM	Redmi/begonia/begonia:11/RP1A.200720.011/V12.5.15.0.RGGEUXM:user/release-keys	2022-07-01		
Redmi	Redmi	Redmi Note 8 Pro	Redmi Note 8 Pro	begoniain	begoniain	11	RP1A.200720.011	V12.5.3.0.RGGINXM	Redmi/begoniain/begoniain:11/RP1A.200720.011/V12.5.3.0.RGGINXM:user/release-keys	2021-07-01		
Redmi	Redmi	Redmi Note 8	M1908C3JGG	biloba	biloba_eea	11	RP1A.200720.011	V12.5.2.0.RCUEUXM	Redmi/biloba_eea/biloba:11/RP1A.200720.011/V12.5.2.0.RCUEUXM:user/release-keys	2021-05-01		
Redmi	Redmi	Redmi Note 8	M1908C3JGG	biloba	biloba_global	11	RP1A.200720.011	V12.5.2.0.RCUMIXM	Redmi/biloba_global/biloba:11/RP1A.200720.011/V12.5.2.0.RCUMIXM:user/release-keys	2021-04-01		
Redmi	Redmi	Redmi 9	M2006C3MII	cattail	cattail	11	RP1A.200720.011	V12.5.6.0.RCTINXM	Redmi/cattail/cattail:11/RP1A.200720.011/V12.5.6.0.RCTINXM:user/release-keys	2022-07-01		
Redmi	Redmi	Redmi Note 11T 5G	21091116AI	evergo	evergo_in	11	RP1A.200720.011	V12.5.2.0.RGBINXM	Redmi/evergo_in/evergo:11/RP1A.200720.011/V12.5.2.0.RGBINXM:user/release-keys	2021-12-05		
Redmi	Redmi	Redmi Note 11S	2201117PG	fleur	fleur_eea	11	RP1A.200720.011	V13.0.1.0.RKEEUXM	Redmi/fleur_eea/fleur:11/RP1A.200720.011/V13.0.1.0.RKEEUXM:user/release-keys	2021-12-01		
Redmi	Redmi	Redmi Note 11S	2201117PG	fleur	fleur_ru	11	RP1A.200720.011	V13.0.2.0.RKERUXM	Redmi/fleur_ru/fleur:11/RP1A.200720.011/V13.0.2.0.RKERUXM:user/release-keys	2022-01-01		
Redmi	Redmi	frost	POCO C40	frost	frost	11	RD2A.211001.002	V13.0.7.0.RGFMIXM	Redmi/frost/frost:11/RD2A.211001.002/V13.0.7.0.RGFMIXM:user/release-keys	2022-05-01		
Redmi	Redmi	Mi 10T Lite	Gauguin	gauguin	gauguin_eea	11	RKQ1.200826.002	V12.0.1.0.RJSEUXM	Redmi/gauguin_eea/gauguin:11/RKQ1.200826.002/V12.0.1.0.RJSEUXM:user/release-keys	2021-02-01		
Redmi	Redmi	Redmi 9 Prime	M2004J19G	lancelot	lancelot_global	11	RP1A.200720.011	V12.5.6.0.RJCMIXM	Redmi/lancelot_global/lancelot:11/RP1A.200720.011/V12.5.6.0.RJCMIXM:user/release-keys	2022-06-01		
Redmi	Redmi	Redmi Note 11S 5G	22031116BG	opal	opal_eea	11	RP1A.200720.011	V13.0.4.0.RGLEUXM	Redmi/opal_eea/opal:11/RP1A.200720.011/V13.0.4.0.RGLEUXM:user/release-keys	2022-03-01		
Redmi	Android	Redmi Note 12 5G	22101317C	sunstone	sunstone	11	UKQ1.230917.001	V816.0.2.0.UMQMIXM	Redmi/sunstone/sunstone:11/UKQ1.230917.001/V816.0.2.0.UMQMIXM:user/release-keys	2024-01-01	holi	holi
Redmi	Redmi	Redmi Note 11 Pro	2201116TG	viva	viva_global	11	RP1A.200720.011	V13.0.4.0.RGDMIXM	Redmi/viva_global/viva:11/RP1A.200720.011/V13.0.4.0.RGDMIXM:user/release-keys	2022-02-01		
Redmi	Redmi	POCO M3 Pro 5G	M2103K19C	camellia	vnd_camellia	11	RP1A.200720.011	V12.5.5.0.RKSMIXM	Redmi/vnd_camellia/camellia:11/RP1A.200720.011/V12.5.5.0.RKSMIXM:user/release-keys	2022-03-01		
Xiaomi	Xiaomi	myAvro A1	M2104K11TC	agate	agate	11	RP1A.200720.011	V12.5.2.0.RKWMIXM	Xiaomi/agate/agate:11/RP1A.200720.011/V12.5.2.0.RKWMIXM:user/release-keys	2021-08-01		
Xiaomi	Xiaomi	Mi 11 Lite	M2101K9AI	courbet	courbetin	11	RKQ1.200826.002	V12.0.4.0.RKQINXM	Xiaomi/courbetin/courbet:11/RKQ1.200826.002/V12.0.4.0.RKQINXM:user/release-keys	2021-04-01	sm6150	sm6150
Xiaomi	Xiaomi	Mi9 Pro 5G	Mi9 Pro 5G	crux	crux	11	RKQ1.200826.002	V13.0.1.0.RFXCNXM	Xiaomi/crux/crux:11/RKQ1.200826.002/V13.0.1.0.RFXCNXM:user/release-keys	2021-10-01		
Xiaomi	Xiaomi	MI 9 SE	MI 9 SE	grus	grus	11	RKQ1.200826.002	21.4.28	Xiaomi/grus/grus:11/RKQ1.200826.002/21.4.28:user/release-keys	2021-05-01		
Xiaomi	Android	Xiaomi TV Box S (2nd Gen)	MiTV-AFKR0	jaws	jaws	11	RTT0.211222.001	691	Xiaomi/jaws/jaws:11/RTT0.211222.001/691:user/release-keys	2023-03-05		
Xiaomi	Xiaomi	Xiaomi TV Box S (2nd Gen)	MiTV-AFKR0	jaws	jaws	11	RTT0.211222.001	725	Xiaomi/jaws/jaws:11/RTT0.211222.001/725:user/release-keys	2023-06-05		
Xiaomi	Xiaomi	MI CC 9	MI CC 9	pyxis	pyxis	11	RKQ1.200826.002	V12.5.1.0.RFCCNXM	Xiaomi/pyxis/pyxis:11/RKQ1.200826.002/V12.5.1.0.RFCCNXM:user/release-keys	2021-03-01		
Xiaomi	Xiaomi	MI CC 9	Mi 9 Lite	pyxis	pyxis	11	RKQ1.200826.002	V12.5.2.0.RFCMIXM	Xiaomi/pyxis/pyxis:11/RKQ1.200826.002/V12.5.2.0.RFCMIXM:user/release-keys	2021-06-01		
Xiaomi	Xiaomi	Xiaomi TV stick 4K	MiTV-AYFR0	soul	soul	11	RTT0.211222.001	1407	Xiaomi/soul/soul:11/RTT0.211222.001/1407:user/release-keys	2023-05-05		
Xiaomi	Xiaomi	MI CC9 Pro	MI CC9 Pro	tucana	tucana	11	RKQ1.200826.002	V12.5.4.0.RFDCNXM	Xiaomi/tucana/tucana:11/RKQ1.200826.002/V12.5.4.0.RFDCNXM:user/release-keys	2021-07-01		
Xiaomi	Xiaomi	POCO X3 Pro	M2102J20SG	vayu	vayu_in	11	RKQ1.200826.002	V12.0.4.0.RJUINXM	Xiaomi/vayu_in/vayu:11/RKQ1.200826.002/V12.0.4.0.RJUINXM:user/release-keys	2021-03-01	msmnile	msmnile
Xiaomi	Xiaomi	MiTV	MiTV-MOOR0	venom	venom	11	RTM5.220609.003	430	Xiaomi/venom/venom:11/RTM5.220609.003/430:user/release-keys	2022-07-05		
Xiaomi	Xiaomi	MiTV	MiTV-AXFR2	watchmen	watchmen	11	RTT0.210630.002	441	Xiaomi/watchmen/watchmen:11/RTT0.210630.002/441:user/release-keys	2023-05-05		
google	google	Pixel 2	Pixel 2	walleye	walleye	11	RP1A.200720.009	6720564	google/walleye/walleye:11/RP1A.200720.009/6720564:user/release-keys	2020-09-05		
iQOO	iQOO	I2009	I2009	2009	2009i	11	RP1A.200720.012	compiler0423120356	iQOO/2009i/2009:11/RP1A.200720.012/compiler0423120356:user/release-keys	2021-04-01		
iQOO	iQOO	iQOO Z5	I2018	2018	2018i	11	RP1A.200720.012	compiler0918230111	iQOO/2018i/2018:11/RP1A.200720.012/compiler0918230111:user/release-keys	2021-09-01		
iQOO	iQOO	I1928	iQOO I1928	I1928	I1928	11	RP1A.200709.001	compiler09102241	iQOO/I1928/I1928:11/RP1A.200709.001/compiler09102241:user/release-keys	2020-09-01		
motorola	motorola	Motorola Defy	Motorola Defy	bathena	bathena_retail	11	RZD31.31	bc31c	motorola/bathena_retail/bathena:11/RZD31.31/bc31c:user/release-keys	2023-03-01	bengal	bengal
motorola	motorola	moto g power (2021)	moto g power (2021)	borneo	borneo_retail	11	RZBS31.Q2-143-27-13	b542c	motorola/borneo_retail/borneo:11/RZBS31.Q2-143-27-13/b542c:user/release-keys	2022-06-01		
motorola	motorola	moto g(10)	moto g(10)	capri	capri_retail	11	RRB31.Q1-3-21-3	28493	motorola/capri_retail/capri:11/RRB31.Q1-3-21-3/28493:user/release-keys	2021-01-01	bengal	bengal
motorola	motorola	moto g(9) power	moto g(9) power	cebu	cebu_retail	11	RZCS31.Q2-57-12-1	6e2bd	motorola/cebu_retail/cebu:11/RZCS31.Q2-57-12-1/6e2bd:user/release-keys	2021-07-01	bengal	bengal
motorola	motorola	moto g71 5G	SM4350	corfur	corfur_g	11	RRUB31.Q3-71-68	e3f31	motorola/corfur_g/corfur:11/RRUB31.Q3-71-68/e3f31:user/release-keys	2021-12-01	SM4350	holi
motorola	motorola	moto g51	XT2171-3	cypfq	cypfq_cmcc	11	RRYA31.Q3-56-29	6e0e3	motorola/cypfq_cmcc/cypfq:11/RRYA31.Q3-56-29/6e0e3:user/release-keys	2021-11-01	SM4350	holi
motorola	motorola	moto e30	moto e30	cyprus	cyprus	11	ROP31.166-27	fdb44	motorola/cyprus/cyprus:11/ROP31.166-27/fdb44:user/release-keys	2021-12-05		
motorola	motorola	moto e40	Lenovo K14 Plus	cyprus64	cyprus64	11	ROQ31.166-5	b221d	motorola/cyprus64/cyprus64:11/ROQ31.166-5/b221d:user/release-keys	2021-09-05		
motorola	motorola	motorola one hyper	motorola one hyper	def	def_retail	11	RPF31.Q1-21-20	8a574	motorola/def_retail/def:11/RPF31.Q1-21-20/8a574:user/release-keys	2021-03-01		
motorola	motorola	moto g play (2021)	moto g play (2021)	guamna	guamna_retail	11	RZAS31.Q2-146-14-9-7	d5fcea	motorola/guamna_retail/guamna:11/RZAS31.Q2-146-14-9-7/d5fcea:user/release-keys	2022-10-01	bengal	bengal
motorola	motorola	moto g(9) play	moto g(9) play	guamp	guamp_retail	11	RPXS31.Q2-58-16-2	88b17	motorola/guamp_retail/guamp:11/RPXS31.Q2-58-16-2/88b17:user/release-keys	2021-07-01		
motorola	motorola	moto g(20)	moto g(20)	java	java_retail	11	RTA31.42-5	5	motorola/java_retail/java:11/RTA31.42-5/5:user/release-keys	2021-04-05		
motorola	motorola	motorola one vision	motorola one vision	kane_sprout	kane_retail	11	RSA31.Q1-48-36-11	7365d8c	motorola/kane_retail/kane_sprout:11/RSA31.Q1-48-36-11/7365d8c:user/release-keys	2021-07-01		
motorola	motorola	moto g 5G	moto g 5G	kiev	kiev_retail	11	RZK31.Q3-25-15-11-1	c625b9	motorola/kiev_retail/kiev:11/RZK31.Q3-25-15-11-1/c625b9:user/release-keys	2022-11-01	lito	lito
motorola	motorola	moto g stylus (2021)	moto g stylus (2021)	minsk	minsk_a	11	RPCS31.Q2-109-16-10-10	21ecf	motorola/minsk_a/minsk:11/RPCS31.Q2-109-16-10-10/21ecf:user/release-keys	2022-11-01		
motorola	motorola	moto g 5G plus	moto g 5G plus	nairo	nairo_retail	11	RPN31.Q4U-39-27-5	20ead	motorola/nairo_retail/nairo:11/RPN31.Q4U-39-27-5/20ead:user/release-keys	2021-02-01		
motorola	motorola	motorola edge s	XT2125-4	nio	nio_retcn	11	RRN31.Q2-12-14-7	4c9c4	motorola/nio_retcn/nio:11/RRN31.Q2-12-14-7/4c9c4:user/release-keys	2021-05-01		
motorola	motorola	motorola razr	motorola razr	olson	olson_retail	11	RPV31.Q2-62-7-11	e090e	motorola/olson_retail/olson:11/RPV31.Q2-62-7-11/e090e:user/release-keys	2021-07-01		
motorola	motorola	moto g power	moto g power	sofia	sofia_retail	11	RPM31.Q1-54-13-4-1	84cca	motorola/sofia_retail/sofia:11/RPM31.Q1-54-13-4-1/84cca:user/release-keys	2021-06-01		
motorola	motorola	moto g stylus	moto g stylus	sofiap	sofiap_retail	11	RPRS31.Q1-56-9-15	36628	motorola/sofiap_retail/sofiap:11/RPRS31.Q1-56-9-15/36628:user/release-keys	2022-04-01		
motorola	motorola	moto g(8) power	moto g(8) power	sofiar	sofiar_retail	11	RPES31.Q4U-47-35-5	50a0a	motorola/sofiar_retail/sofiar:11/RPES31.Q4U-47-35-5/50a0a:user/release-keys	2021-06-01		
realme	realme	realme Pad	RMP2102	RE54C1L1	RMP2102	11	RP1A.200720.011	1648541055371	realme/RMP2102/RE54C1L1:11/RP1A.200720.011/1648541055371:user/release-keys	2022-03-05	mt6768	mt6768
realme	realme	realme C25Y	RMX3265	RE54D1	RMX3265	11	RP1A.201005.001	1660601584000	realme/RMX3265/RE54D1:11/RP1A.201005.001/1660601584000:user/release-keys	2022-07-05	ums512	ums512
redmi	Xiaomi	Redmi Note 10 pro	21061110AG	chopin	chopin	11	RP1A.200720.011	21.6.30	redmi/chopin/chopin:11/RP1A.200720.011/21.6.30:user/release-keys	2021-06-01		
samsung	samsung	Galaxy A12	SM-A125F	a12	a12zh	11	RP1A.200720.012	A125FZHU2BVG6	samsung/a12zh/a12:11/RP1A.200720.012/A125FZHU2BVG6:user/release-keys	2022-06-01		
samsung	samsung	Galaxy A30s	SM-A307GN	a30s	a30sdx	11	RP1A.200720.012	A307GNDXS5CWC3	samsung/a30sdx/a30s:11/RP1A.200720.012/A307GNDXS5CWC3:user/release-keys	2023-03-01		
samsung	samsung	Galaxy A31	SM-A315G	a31	a31nsdx	11	RP1A.200720.012	A315GDXS1CVD2	samsung/a31nsdx/a31:11/RP1A.200720.012/A315GDXS1CVD2:user/release-keys	2022-04-01		
samsung	samsung	Galaxy A40	SM-A405S	a40	a40skt	11	RP1A.200720.012	A405SKSS5CWA2	samsung/a40skt/a40:11/RP1A.200720.012/A405SKSS5CWA2:user/release-keys	2023-02-01		
samsung	samsung	Galaxy A50	SM-A505F	a50	a50dd	11	RP1A.200720.012	A505FDDS9CWA2	samsung/a50dd/a50:11/RP1A.200720.012/A505FDDS9CWA2:user/release-keys	2023-01-01		
samsung	samsung	Galaxy A52s 5G	SM-A528B	a52sxq	a52sxqxx	11	RP1A.200720.012	A528BXXS5EWH4	samsung/a52sxqxx/a52sxq:11/RP1A.200720.012/A528BXXS5EWH4:user/release-keys	2023-09-01	lahaina	lahaina
samsung	samsung	Galaxy A70	SM-A705FN	a70q	a70qxx	11	RP1A.200720.012	A705FNXXU5DUI1	samsung/a70qxx/a70q:11/RP1A.200720.012/A705FNXXU5DUI1:user/release-keys	2021-09-01		
samsung	samsung	Galaxy Z Flip3 5G	SM-F711U1	b2q	b2quew	11	RP1A.200720.012	F711U1UEU1AUG7	samsung/b2quew/b2q:11/RP1A.200720.012/F711U1UEU1AUG7:user/release-keys	2021-07-01		
samsung	samsung	Galaxy S10	SM-G973U	beyond1q	beyond1qltesq	11	RP1A.200720.012	G973USQU6GUH4	samsung/beyond1qltesq/beyond1q:11/RP1A.200720.012/G973USQU6GUH4:user/release-keys	2021-08-01		
samsung	samsung	Galaxy S10 5G	SM-G977T	beyondxq	beyondxqtmo	11	RP1A.200720.012	G977TUVU5EUA3	samsung/beyondxqtmo/beyondxq:11/RP1A.200720.012/G977TUVU5EUA3:user/release-keys	2021-01-01		
samsung	samsung	Galaxy Note10 5G	SM-N971N	d1x	d1xks	11	RP1A.200720.012	N971NKSU2FUJ1	samsung/d1xks/d1x:11/RP1A.200720.012/N971NKSU2FUJ1:user/release-keys	2021-11-01		
samsung	samsung	Galaxy Note10+	SM-N975U1	d2q	d2que	11	RP1A.200720.012	N975U1UES7FUK1	samsung/d2que/d2q:11/RP1A.200720.012/N975U1UES7FUK1:user/release-keys	2021-12-01		
samsung	samsung	Galaxy F62	SM-E625F	f62	f62ins	11	RP1A.200720.012	E625FDDU2AUI2	samsung/f62ins/f62:11/RP1A.200720.012/E625FDDU2AUI2:user/release-keys	2021-10-01		
samsung	samsung	Galaxy Watch4	SM-R870	freshbl	freshbl	11	RWR9.211203.001	R870XXU1EVA8	samsung/freshbl/freshbl:11/RWR9.211203.001/R870XXU1EVA8:user/release-keys	2022-01-01		
samsung	samsung	Galaxy Watch4	SM-R860	freshbs	freshbs	11	RWR9.211203.001	R860XXU1EVB4	samsung/freshbs/freshbs:11/RWR9.211203.001/R860XXU1EVB4:user/release-keys	2022-01-01		
samsung	samsung	Galaxy Tab A	SM-T515	gta3xl	gta3xlinu	11	RP1A.200720.012	T515XXU8CUF4	samsung/gta3xlinu/gta3xl:11/RP1A.200720.012/T515XXU8CUF4:user/release-keys	2021-06-01		
samsung	samsung	Galaxy Tab A	SM-T510	gta3xlwifi	gta3xlwifixx	11	RP1A.200720.012	T510XXU5CUF4	samsung/gta3xlwifixx/gta3xlwifi:11/RP1A.200720.012/T510XXU5CUF4:user/release-keys	2021-06-01		
samsung	samsung	Galaxy Tab A (8.4", 2020)	SM-T307U	gta4s	gta4ssq	11	RP1A.200720.012	T307USQSACXA1	samsung/gta4ssq/gta4s:11/RP1A.200720.012/T307USQSACXA1:user/release-keys	2024-02-01		
samsung	samsung	Galaxy Tab A (8.0", 2019)	SM-T290	gtowifi	gtowifixx	11	RP1A.200720.012	T290XXU3CVG3	samsung/gtowifixx/gtowifi:11/RP1A.200720.012/T290XXU3CVG3:user/release-keys	2022-07-01		
samsung	samsung	Galaxy Tab A (8.0", 2019)	SM-T295	gto	gtoxx	11	RP1A.200720.012	T295XXS6CWG6	samsung/gtoxx/gto:11/RP1A.200720.012/T295XXS6CWG6:user/release-keys	2023-05-01		
samsung	samsung	Galaxy M01	SM-M015G	m01q	m01qins	11	RP1A.200720.012	M015GXXU3BUH1	samsung/m01qins/m01q:11/RP1A.200720.012/M015GXXU3BUH1:user/release-keys	2021-07-01		
samsung	samsung	Galaxy M51	SM-M515F	m51	m51nsxx	11	RP1A.200720.012	M515FXXU3CUH2	samsung/m51nsxx/m51:11/RP1A.200720.012/M515FXXU3CUH2:user/release-keys	2021-06-01		
samsung	samsung	Galaxy Watch5 Pro	SM-R925F	projectxul	projectxulxx	11	RWS3.220419.001	R925FXXU1AWDA	samsung/projectxulxx/projectxul:11/RWS3.220419.001/R925FXXU1AWDA:user/release-keys	2023-04-01		
samsung	samsung	Galaxy S10 Lite	SM-G770F	r5q	r5qnaxx	11	RP1A.200720.012	G770FXXS4EUF6	samsung/r5qnaxx/r5q:11/RP1A.200720.012/G770FXXS4EUF6:user/release-keys	2021-07-01		
samsung	samsung	Galaxy S10 Lite	SM-G770U1	r5q	r5que	11	RP1A.200720.012	G770U1UES3CUB1	samsung/r5que/r5q:11/RP1A.200720.012/G770U1UES3CUB1:user/release-keys	2021-02-01		
samsung	samsung	Galaxy S20 FE 5G	SM-G781B	r8q	r8qxxx	11	RP1A.200720.012	G781BXXU2CUB5	samsung/r8qxxx/r8q:11/RP1A.200720.012/G781BXXU2CUB5:user/release-keys	2021-02-01		
samsung	samsung	Galaxy S21 FE 5G	SM-G990E	r9s	r9sxxx	11	RP1A.200720.012	G990EXXU1AUJ4	samsung/r9sxxx/r9s:11/RP1A.200720.012/G990EXXU1AUJ4:user/release-keys	2021-10-01		
samsung	samsung	Galaxy S21+ 5G	SM-G996U	t2q	t2qsqw	11	RP1A.200720.012	G996USQU1ATLF	samsung/t2qsqw/t2q:11/RP1A.200720.012/G996USQU1ATLF:user/release-keys	2020-12-01		
samsung	samsung	Galaxy S20	SM-G980F	x1s	x1sxx	11	RP1A.200720.012	G980FXXSJHXC1	samsung/x1sxx/x1s:11/RP1A.200720.012/G980FXXSJHXC1:user/release-keys	2024-03-01	Exynos 990	universal990
samsung	samsung	Galaxy XCover 4s	SM-G398FN	xcover4s	xcover4sxx	11	RP1A.200720.012	G398FNXXSJCWF1	samsung/xcover4sxx/xcover4s:11/RP1A.200720.012/G398FNXXSJCWF1:user/release-keys	2023-07-01		
vivo	vivo	V2120	V2120	2120	2020_TR	11	RP1A.200720.012	compiler0119174946	vivo/2020_TR/2120:11/RP1A.200720.012/compiler0119174946:user/release-keys	2022-01-01		
vivo	vivo	V2023	V2023	2023	2023_EEA	11	RP1A.200720.012	compiler08202103	vivo/2023_EEA/2023:11/RP1A.200720.012/compiler08202103:user/release-keys	2021-08-01		
vivo	vivo	V2027	V2027	2027	2027N_EEA	11	RP1A.200720.012	compiler07202238	vivo/2027N_EEA/2027:11/RP1A.200720.012/compiler07202238:user/release-keys	2021-07-01		
vivo	vivo	V2036	V2036	2036	2036N	11	RP1A.200720.012	compiler02022222	vivo/2036N/2036:11/RP1A.200720.012/compiler02022222:user/release-keys	2021-01-01		
vivo	vivo	V2037	V2037	2037	2037i	11	RP1A.200720.012	compiler0127205729	vivo/2037i/2037:11/RP1A.200720.012/compiler0127205729:user/release-keys	2020-12-01		
vivo	vivo	V2040	V2040	2040	2040i	11	RP1A.200720.012	compiler01202044	vivo/2040i/2040:11/RP1A.200720.012/compiler01202044:user/release-keys	2021-01-01		
vivo	vivo	V2041	V2041	2041	2041_EEA	11	RP1A.200720.012	compiler0807023744	vivo/2041_EEA/2041:11/RP1A.200720.012/compiler0807023744:user/release-keys	2021-08-01		
vivo	vivo	V2045	V2045	2045	2045i	11	RP1A.200720.012	compiler0514191053	vivo/2045i/2045:11/RP1A.200720.012/compiler0514191053:user/release-keys	2021-05-01		
vivo	vivo	V2046	PD2059F_EX	2046	2046	11	RP1A.200720.012	compiler0913184949	vivo/2046/2046:11/RP1A.200720.012/compiler0913184949:user/release-keys	2021-09-01	kona	kona
vivo	vivo	V2047	V2047	2047	2047i	11	RP1A.200720.012	compiler0331224752	vivo/2047i/2047:11/RP1A.200720.012/compiler0331224752:user/release-keys	2021-03-01		
vivo	vivo	V2050	V2050	2050	2050N	11	RP1A.200720.012	compiler0908181520	vivo/2050N/2050:11/RP1A.200720.012/compiler0908181520:user/release-keys	2021-09-01		
vivo	vivo	V2034	V2034	2034	2054	11	RP1A.200720.012	compiler03311435	vivo/2054/2034:11/RP1A.200720.012/compiler03311435:user/release-keys	2022-04-01		
vivo	vivo	V2105	V2105	2105	2105	11	RP1A.200720.012	compiler0923205622	vivo/2105/2105:11/RP1A.200720.012/compiler0923205622:user/release-keys	2021-08-01		
vivo	vivo	V2124	V2124	2124	2124N	11	RP1A.200720.012	compiler1203122434	vivo/2124N/2124:11/RP1A.200720.012/compiler1203122434:user/release-keys	2021-12-01		
vivo	vivo	V1950A	V1950A	PD1950	PD1950	11	RP1A.200709.001	compiler09101610	vivo/PD1950/PD1950:11/RP1A.200709.001/compiler09101610:user/release-keys	2020-09-01		
vivo	vivo	V2046A	V2046A	PD2046	PD2046	11	RP1A.200720.012	compiler01121836	vivo/PD2046/PD2046:11/RP1A.200720.012/compiler01121836:user/release-keys	2020-11-01		
vivo	vivo	V2047A	V2047A	PD2047	PD2047	11	RP1A.200720.012	compiler01121837	vivo/PD2047/PD2047:11/RP1A.200720.012/compiler01121837:user/release-keys	2020-11-01		
vivo	vivo	V2049A	V2049A	PD2049	PD2049	11	RP1A.200720.012	compiler01122352	vivo/PD2049/PD2049:11/RP1A.200720.012/compiler01122352:user/release-keys	2020-12-01		
vivo	vivo	V2068A	V2068A	PD2068	PD2068	11	RP1A.200720.012	compiler1027003346	vivo/PD2068/PD2068:11/RP1A.200720.012/compiler1027003346:user/release-keys	2021-10-01		
vivo	vivo	V2054A	V2054A	PD2092	PD2092	11	RP1A.200720.012	compiler12291132	vivo/PD2092/PD2092:11/RP1A.200720.012/compiler12291132:user/release-keys	2021-12-01		
vivo	vivo	V2102A	V2102A	PD2102	PD2102	11	RP1A.200720.012	compiler0303205949	vivo/PD2102/PD2102:11/RP1A.200720.012/compiler0303205949:user/release-keys	2022-01-01		
vivo	vivo	V2106A	V2106A	PD2106	PD2106	11	RP1A.200720.012	compiler0530001654	vivo/PD2106/PD2106:11/RP1A.200720.012/compiler0530001654:user/release-keys	2021-04-01		
vivo	vivo	V2111A	V2111A	PD2111	PD2111	11	RP1A.200720.012	compiler0817225555	vivo/PD2111/PD2111:11/RP1A.200720.012/compiler0817225555:user/release-keys	2021-08-01		
vivo	vivo	V2115A	V2115A	PD2115	PD2115	11	RP1A.200720.012	compiler1228205618	vivo/PD2115/PD2115:11/RP1A.200720.012/compiler1228205618:user/release-keys	2021-12-01		
vivo	vivo	V2118A	V2118A	PD2118	PD2118	11	RP1A.200720.012	compiler0913220343	vivo/PD2118/PD2118:11/RP1A.200720.012/compiler0913220343:user/release-keys	2021-08-01		
vivo	vivo	V2121A	V2121A	PD2121	PD2121	11	RP1A.200720.012	compiler0907160731	vivo/PD2121/PD2121:11/RP1A.200720.012/compiler0907160731:user/release-keys	2021-08-01		
vivo	vivo	V2123A	V2123A	PD2123	PD2123	11	RP1A.200720.012	compiler1116181112	vivo/PD2123/PD2123:11/RP1A.200720.012/compiler1116181112:user/release-keys	2021-10-01		
vivo	vivo	V2130A	V2130A	PD2130	PD2130	11	RP1A.200720.012	compiler0303154541	vivo/PD2130/PD2130:11/RP1A.200720.012/compiler0303154541:user/release-keys	2022-01-01		
vivo	vivo	V2131A	V2131A	PD2131	PD2131	11	RP1A.200720.012	compiler1214195706	vivo/PD2131/PD2131:11/RP1A.200720.012/compiler1214195706:user/release-keys	2021-12-01		
vivo	vivo	V2135A	V2135A	PD2133	PD2133	11	RP1A.200720.012	compiler1001160437	vivo/PD2133/PD2133:11/RP1A.200720.012/compiler1001160437:user/release-keys	2021-09-01		
vivo	vivo	V2134A	V2134A	PD2134	PD2134	11	RP1A.200720.012	compiler0124173422	vivo/PD2134/PD2134:11/RP1A.200720.012/compiler0124173422:user/release-keys	2021-12-01		
vivo	vivo	V2140A	V2140A	PD2140	PD2140	11	RP1A.200720.012	compiler0117161912	vivo/PD2140/PD2140:11/RP1A.200720.012/compiler0117161912:user/release-keys	2022-01-01		
vivo	vivo	V2145A	V2145A	PD2145	PD2145	11	RP1A.200720.012	compiler0914003517	vivo/PD2145/PD2145:11/RP1A.200720.012/compiler0914003517:user/release-keys	2021-08-01		
vivo	vivo	V2148A	V2148A	PD2148	PD2148	11	RP1A.200720.012	compiler0927022347	vivo/PD2148/PD2148:11/RP1A.200720.012/compiler0927022347:user/release-keys	2021-09-01		
vivo	vivo	iQOO Neo5S	V2154A	PD2154	PD2154	11	RP1A.200720.012	compiler0218182859	vivo/PD2154/PD2154:11/RP1A.200720.012/compiler0218182859:user/release-keys	2021-12-01		
vivo	vivo	V2156A	V2156A	PD2156	PD2156	11	RP1A.200720.012	compiler1224165003	vivo/PD2156/PD2156:11/RP1A.200720.012/compiler1224165003:user/release-keys	2021-11-01		
vivo	vivo	V2158A	V2158A	PD2158	PD2158	11	RP1A.200720.012	compiler0118233222	vivo/PD2158/PD2158:11/RP1A.200720.012/compiler0118233222:user/release-keys	2021-12-01		
vivo	vivo	V2162A	V2162A	PD2162	PD2162	11	RP1A.200720.012	compiler0127154329	vivo/PD2162/PD2162:11/RP1A.200720.012/compiler0127154329:user/release-keys	2022-01-01		
vivo	vivo	V2163A	V2163A	PD2163	PD2163	11	RP1A.200720.012	compiler1227210455	vivo/PD2163/PD2163:11/RP1A.200720.012/compiler1227210455:user/release-keys	2021-11-01		
vivo	vivo	V2164A	V2164A	PD2164	PD2164	11	RP1A.200720.012	compiler0412170324	vivo/PD2164/PD2164:11/RP1A.200720.012/compiler0412170324:user/release-keys	2022-03-01		
vivo	vivo	V2168A	V2168A	PD2168	PD2168	11	RP1A.200720.012	compiler0126205844	vivo/PD2168/PD2168:11/RP1A.200720.012/compiler0126205844:user/release-keys	2022-01-01		
xiaomi	Xiaomi	Redmi Note 8T	Redmi Note 8T	willow	willow_eea	11	RKQ1.201004.002	V12.5.5.0.RCXEUXM	xiaomi/willow_eea/willow:11/RKQ1.201004.002/V12.5.5.0.RCXEUXM:user/release-keys	2022-05-01		
Nokia	Nokia	Nokia 8.3 5G	BabyGroot_00EEA	BGT_sprout	BabyGroot_00EEA	11	RKQ1.200928.002	00WW_2_180	Nokia/BabyGroot_00EEA/BGT_sprout:11/RKQ1.200928.002/00WW_2_180:user/release-keys			
Nokia	Nokia	Nokia 8.3 5G	BabyGroot_00RU	BGT	BabyGroot_00RU	11	RKQ1.200928.002	00WW_2_180	Nokia/BabyGroot_00RU/BGT:11/RKQ1.200928.002/00WW_2_180:user/release-keys			
Nokia	Nokia	Nokia 5.3	CaptainAmerica_00EEA	CAP_sprout	CaptainAmerica_00EEA	11	RKQ1.201004.002	00WW_2_210	Nokia/CaptainAmerica_00EEA/CAP_sprout:11/RKQ1.201004.002/00WW_2_210:user/release-keys			
Nokia	Nokia	Nokia 5.3	CaptainAmerica_00RU	CAP	CaptainAmerica_00RU	11	RKQ1.201004.002	00WW_2_210	Nokia/CaptainAmerica_00RU/CAP:11/RKQ1.201004.002/00WW_2_210:user/release-keys			
Nokia	Nokia	CaptainAmerica_00WW	CaptainAmerica_00WW	CAPA_sprout	CaptainAmerica_00WW	11	RKQ1.201004.002	00WW_2_210	Nokia/CaptainAmerica_00WW/CAPA_sprout:11/RKQ1.201004.002/00WW_2_210:user/release-keys			
Nokia	Nokia	Nokia 6.2	Daredevil_00EEA	SLD_sprout	Daredevil_00EEA	11	RKQ1.210607.001	00WW_3_440	Nokia/Daredevil_00EEA/SLD_sprout:11/RKQ1.210607.001/00WW_3_440:user/release-keys			
Nokia	Nokia	Nokia 8.1	Phoenix_00WW	PNX_sprout	Phoenix_00WW	11	RKQ1.200906.002	00WW_6_100	Nokia/Phoenix_00WW/PNX_sprout:11/RKQ1.200906.002/00WW_6_100:user/release-keys			
Nokia	Nokia	Nokia 6.2	Starlord_00EEA	SLD_sprout	Starlord_00EEA	11	RKQ1.210607.001	00WW_3_440	Nokia/Starlord_00EEA/SLD_sprout:11/RKQ1.210607.001/00WW_3_440:user/release-keys			
Nokia	Nokia	Nokia 7.2	Starlord_00WW	DDVA_sprout	Starlord_00WW	11	RKQ1.210607.001	00WW_3_440	Nokia/Starlord_00WW/DDVA_sprout:11/RKQ1.210607.001/00WW_3_440:user/release-keys			
Nokia	Nokia	Nokia 6.2	Starlord_00WW	SLDA_sprout	Starlord_00WW	11	RKQ1.210607.001	00WW_3_440	Nokia/Starlord_00WW/SLDA_sprout:11/RKQ1.210607.001/00WW_3_440:user/release-keys			
Nokia	Nokia	Nokia 2.2	Wasp_00EEA	WSP_sprout	Wasp_00EEA	11	RP1A.200720.011	00WW_3_270	Nokia/Wasp_00EEA/WSP_sprout:11/RP1A.200720.011/00WW_3_270:user/release-keys			
OPPO	OPPO	Reno3 Pro	CPH2009EEA	OP4C2DL1	CPH2009EEA	11	RKQ1.200903.002	1622715759798	OPPO/CPH2009EEA/OP4C2DL1:11/RKQ1.200903.002/1622715759798:user/release-keys			
OnePlus	OnePlus	OnePlus Nord2 5G	DN2101IND	OP515BL1	DN2101IND	11	RP1A.200720.011	1632390704634	OnePlus/DN2101IND/OP515BL1:11/RP1A.200720.011/1632390704634:user/release-keys			
OnePlus	OnePlus	OnePlus Nord2 5G	DN2103EEA	OP515BL1	DN2103EEA	11	RP1A.200720.011	1632390704634	OnePlus/DN2103EEA/OP515BL1:11/RP1A.200720.011/1632390704634:user/release-keys			
OnePlus	OnePlus	OnePlus 9RT 5G	MT2110_CH	OP5154L1	MT2110_CH	11	RKQ1.210614.002	1635776772321	OnePlus/MT2110_CH/OP5154L1:11/RKQ1.210614.002/1635776772321:user/release-keys			
OnePlus	OnePlus	OnePlus6T	OnePlus6TSingle	OnePlus6TSingle	OnePlus6TSingle	11	RKQ1.201217.002	2111022307	OnePlus/OnePlus6TSingle/OnePlus6TSingle:11/RKQ1.201217.002/2111022307:user/release-keys			
OnePlus	OnePlus	OnePlus 8T	OnePlus8T_IND_BETA	OnePlus8T	OnePlus8T_IND_BETA	11	RP1A.201005.001	2102262117	OnePlus/OnePlus8T_IND_BETA/OnePlus8T:11/RP1A.201005.001/2102262117:user/release-keys			
OnePlus	OnePlus	OnePlus 8 5G UW	IN2019	OnePlus8VZW	OnePlus8VZW	11	RP1A.201005.001	2101101542	OnePlus/OnePlus8VZW/OnePlus8VZW:11/RP1A.201005.001/2101101542:user/release-keys			
OnePlus	OnePlus	OnePlus 9 Pro 5G	OnePlus9ProTMO	OnePlus9ProTMO	OnePlus9ProTMO	11	RKQ1.201105.002	2104091024	OnePlus/OnePlus9ProTMO/OnePlus9ProTMO:11/RKQ1.201105.002/2104091024:user/release-keys			
OnePlus	OnePlus	OnePlus 9 5G	OnePlus9TMO	OnePlus9TMO	OnePlus9TMO	11	RKQ1.201105.002	2103071836	OnePlus/OnePlus9TMO/OnePlus9TMO:11/RKQ1.201105.002/2103071836:user/release-keys			
POCO	POCO	POCO M3 Pro 5G	M2103K19PG	camellian	camellian_p_id	11	RP1A.200720.011	V12.0.3.0.RKSIDXM	POCO/camellian_p_id/camellian:11/RP1A.200720.011/V12.0.3.0.RKSIDXM:user/release-keys			
POCO	POCO	Redmi Note 10 pro	21061110AG	chopin	chopin_global	11	RP1A.200720.011	V12.5.7.0.RKPMIXM	POCO/chopin_global/chopin:11/RP1A.200720.011/V12.5.7.0.RKPMIXM:user/release-keys			
POCO	POCO	POCO M3	M2010J19CG	citrus	citrus_eea	11	RKQ1.201004.002	V12.5.2.0.RJFEUXM	POCO/citrus_eea/citrus:11/RKQ1.201004.002/V12.5.2.0.RJFEUXM:user/release-keys	2021-08-01		
POCO	POCO	POCO F2 Pro	Lmi	lmi	lmi_global	11	RKQ1.200826.002	V12.5.1.0.RJKMIXM	POCO/lmi_global/lmi:11/RKQ1.200826.002/V12.5.1.0.RJKMIXM:user/release-keys			
POCO	POCO	Acer Googlebook 14	22111317PI	moonstone	moonstone	11	SKQ1.220303.001	V13.0.1.0.SMPEUXM	POCO/moonstone/moonstone:11/SKQ1.220303.001/V13.0.1.0.SMPEUXM:user/release-keys			
POCO	POCO	POCO X2	POCO X2	phoenixin	phoenixin	11	RKQ1.200826.002	V12.1.2.0.RGHINXM	POCO/phoenixin/phoenixin:11/RKQ1.200826.002/V12.1.2.0.RGHINXM:user/release-keys			
POCO	POCO	POCO X3 NFC	M2007J20CG	surya	surya_tr	11	RKQ1.200826.002	V12.5.1.0.RJGTRXM	POCO/surya_tr/surya:11/RKQ1.200826.002/V12.5.1.0.RJGTRXM:user/release-keys	2021-07-01		
Redmi	Redmi	Redmi Note 8 Pro	Redmi Note 8 Pro	begonia	begonia_eea	11	RP1A.200720.011	V12.5.15.0.RGGEUXM	Redmi/begonia_eea/begonia:11/RP1A.200720.011/V12.5.15.0.RGGEUXM:user/release-keys	2022-07-01		
Redmi	Redmi	POCO M3 Pro 5G	M2103K19C	camellia	camellia_eea	11	RP1A.200720.011	V12.0.3.0.RKSEUXM	Redmi/camellia_eea/camellia:11/RP1A.200720.011/V12.0.3.0.RKSEUXM:user/release-keys	2021-04-01		
Redmi	Redmi	Redmi Note 9 Pro	Redmi Note 10 Lite	curtana	curtana_eea	11	RKQ1.200826.002	V12.0.2.0.RJWEUXM	Redmi/curtana_eea/curtana:11/RKQ1.200826.002/V12.0.2.0.RJWEUXM:user/release-keys	2021-05-01		
Redmi	Redmi	Redmi Note 9 Pro Max	Redmi Note 9 Pro Max	excalibur	excalibur_in	11	RKQ1.200826.002	V12.0.1.0.RJXINXM	Redmi/excalibur_in/excalibur:11/RKQ1.200826.002/V12.0.1.0.RJXINXM:user/release-keys	2021-06-01		
Redmi	Redmi	Redmi Note 12 5G	22101317C	sunstone	sunstone	11	SKQ1.220303.001	V13.0.3.0.SMQCNXM	Redmi/sunstone/sunstone:11/SKQ1.220303.001/V13.0.3.0.SMQCNXM:user/release-keys			
Xiaomi	Xiaomi	Mi 10 Pro	Mi 10 Pro	cmi	cmi_global	11	RKQ1.200826.002	V12.5.2.0.RJAMIXM	Xiaomi/cmi_global/cmi:11/RKQ1.200826.002/V12.5.2.0.RJAMIXM:user/release-keys			
Xiaomi	Xiaomi	Mi 11i	M2012K11C	haydn	haydn_eea	11	RKQ1.201112.002	V12.5.4.0.RKKEUXM	Xiaomi/haydn_eea/haydn:11/RKQ1.201112.002/V12.5.4.0.RKKEUXM:user/release-keys	2021-07-01		
Xiaomi	Xiaomi	Mi  9T  Pro	Redmi K20 Pro	raphaelin	raphaelin	11	RKQ1.200826.002	V12.5.1.0.RFKINXM	Xiaomi/raphaelin/raphaelin:11/RKQ1.200826.002/V12.5.1.0.RFKINXM:user/release-keys	2021-06-01		
Xiaomi	Xiaomi	Mi Note 10 Lite	Mi Note 10 Lite	toco	toco_global	11	RKQ1.200826.002	V12.1.4.0.RFNMIXM	Xiaomi/toco_global/toco:11/RKQ1.200826.002/V12.1.4.0.RFNMIXM:user/release-keys	2021-03-01		
motorola	motorola	moto g power (2021)	moto g power (2021)	borneo	borneo_t	11	RZBS31.Q2-143-27-6-13	8de15	motorola/borneo_t/borneo:11/RZBS31.Q2-143-27-6-13/8de15:user/release-keys	2022-10-01		
motorola	motorola	motorola edge plus	SM8250	burton	burton_retail	11	S1PBS32.41-10-19-2	f4524	motorola/burton_retail/burton:11/S1PBS32.41-10-19-2/f4524:user/release-keys		SM8250	kona
motorola	motorola	motorola edge plus	motorola edge plus	burton	burton_vzw	11	RPB31.Q1-19-19-11-2-1	775b42	motorola/burton_vzw/burton:11/RPB31.Q1-19-19-11-2-1/775b42:user/release-keys	2021-02-01		
motorola	motorola	moto g play (2021)	moto g play (2021)	guamna	guamna_t	11	RZAS31.Q2-146-14-11	c426c	motorola/guamna_t/guamna:11/RZAS31.Q2-146-14-11/c426c:user/release-keys	2022-06-01		
motorola	motorola	moto g 5G	moto g 5G	kiev	kiev_retail	11	RZK31.Q3-25-15	180c9	motorola/kiev_retail/kiev:11/RZK31.Q3-25-15/180c9:user/release-keys	2021-09-01		
motorola	motorola	motorola one 5G UW ace	motorola one 5G UW ace	kievv	kievv_vzw	11	RRVS31.Q2-36-14-16-4	d6ab2	motorola/kievv_vzw/kievv:11/RRVS31.Q2-36-14-16-4/d6ab2:user/release-keys	2021-11-01		
motorola	motorola	motorola one fusion+	motorola one fusion+	liber	liber_retail	11	RPI31.Q2-22	e73ee	motorola/liber_retail/liber:11/RPI31.Q2-22/e73ee:user/release-keys	2021-11-01		
motorola	motorola	motorola edge s	XT2125-4	nio	nio_retcn	11	RRN31.Q1-20-17-1	1cbc0	motorola/nio_retcn/nio:11/RRN31.Q1-20-17-1/1cbc0:user/release-keys			
samsung	samsung	Galaxy A03	SM-A035F	a03	a03nnxx	11	RP1A.200720.012	A035FXXU1AUL4	samsung/a03nnxx/a03:11/RP1A.200720.012/A035FXXU1AUL4:user/release-keys	2021-12-01		
samsung	samsung	Galaxy A03 Core	SC9863A	a3core	a3corexx	11	RP1A.201005.001	A032FXXU2BWC4	samsung/a3corexx/a3core:11/RP1A.201005.001/A032FXXU2BWC4:user/release-keys		SC9863A	sp9863a
samsung	samsung	Galaxy S10e	SM-G970F	beyond0	beyond0lteeea	11	RP1A.200720.012	G970FXXSBFUF3	samsung/beyond0lteeea/beyond0:11/RP1A.200720.012/G970FXXSBFUF3:user/release-keys			
samsung	samsung	Galaxy S10e	SM-G970F	beyond0	beyond0lteks	11	RP1A.200720.012	G970NKSU6FUF5	samsung/beyond0lteks/beyond0:11/RP1A.200720.012/G970NKSU6FUF5:user/release-keys			
samsung	samsung	Galaxy S10e	SM-G970F	beyond0	beyond0ltexx	11	RP1A.200720.012	G970FXXSBFUF3	samsung/beyond0ltexx/beyond0:11/RP1A.200720.012/G970FXXSBFUF3:user/release-keys			
samsung	samsung	Galaxy S10	SM-G973F	beyond1	beyond1lteeea	11	RP1A.200720.012	G973FXXSBFUF3	samsung/beyond1lteeea/beyond1:11/RP1A.200720.012/G973FXXSBFUF3:user/release-keys			
samsung	samsung	Galaxy S10	SM-G973F	beyond1	beyond1lteks	11	RP1A.200720.012	G973NKSU6FUF5	samsung/beyond1lteks/beyond1:11/RP1A.200720.012/G973NKSU6FUF5:user/release-keys			
samsung	samsung	Galaxy S10	SM-G973F	beyond1	beyond1ltexx	11	RP1A.200720.012	G973FXXSBFUF3	samsung/beyond1ltexx/beyond1:11/RP1A.200720.012/G973FXXSBFUF3:user/release-keys			
samsung	samsung	Galaxy S10 5G	SM-G977N	beyondx	beyondxxx	11	RP1A.200720.012	G977BXXS8FUF3	samsung/beyondxxx/beyondx:11/RP1A.200720.012/G977BXXS8FUF3:user/release-keys			
samsung	samsung	Galaxy Note10+	SM-N975U1	d2q	d2que	11	RP1A.200720.012	N975U1UEU7ZUKI	samsung/d2que/d2q:11/RP1A.200720.012/N975U1UEU7ZUKI:user/release-keys			
samsung	samsung	Galaxy Tab A7	SM-T507	gta4l	gta4ltur	11	RP1A.200720.012	T507JXU4CWD1	samsung/gta4ltur/gta4l:11/RP1A.200720.012/T507JXU4CWD1:user/release-keys			
samsung	samsung	Galaxy Tab A9+ 5G	SM-X216B	gta9p	gta9pxxx	11	RP1A.200720.012	X216BXXS1BXD1	samsung/gta9pxxx/gta9p:11/RP1A.200720.012/X216BXXS1BXD1:user/release-keys			
samsung	samsung	Galaxy Tab S5e	SM-T720	gts4lvwifi	gts4lvwifixx	11	RP1A.200720.012	T720XXU2DUD3	samsung/gts4lvwifixx/gts4lvwifi:11/RP1A.200720.012/T720XXU2DUD3:user/release-keys			
samsung	samsung	Galaxy Tab S7 FE	SM-T733	gts7fewifi	gts7fewifixx	11	RP1A.200720.012	T733XXS6DXD3	samsung/gts7fewifixx/gts7fewifi:11/RP1A.200720.012/T733XXS6DXD3:user/release-keys			
samsung	samsung	Galaxy Tab S7 FE	SM-T733	gts7fewifi	gts7fewifixx	11	RP1A.200720.012	T733XXU1BVH4	samsung/gts7fewifixx/gts7fewifi:11/RP1A.200720.012/T733XXU1BVH4:user/release-keys			
samsung	samsung	Galaxy Tab S7+	SM-T970	gts7xlwifi	gts7xlwifixx	11	RP1A.200720.012	T970XXU1BUAA	samsung/gts7xlwifixx/gts7xlwifi:11/RP1A.200720.012/T970XXU1BUAA:user/release-keys			
samsung	samsung	Galaxy M31	SM-M315F	m31	m31nsxx	11	RP1A.200720.012	M315FXXU2BUAC	samsung/m31nsxx/m31:11/RP1A.200720.012/M315FXXU2BUAC:user/release-keys	2021-01-01		
samsung	samsung	Galaxy Jump3	SM-M446K	m44x	m44xktt	11	RP1A.200720.012	M446KKSS2BXC4	samsung/m44xktt/m44x:11/RP1A.200720.012/M446KKSS2BXC4:user/release-keys			
samsung	samsung	Galaxy Jump3	SM-M446K	m44x	m44xktt	11	RP1A.200720.012	M446KKSU1AWI9	samsung/m44xktt/m44x:11/RP1A.200720.012/M446KKSU1AWI9:user/release-keys			
samsung	samsung	Galaxy M52 5G	SM-M526B	m52xq	m52xqins	11	RP1A.200720.012	M526BXXS4CWL2	samsung/m52xqins/m52xq:11/RP1A.200720.012/M526BXXS4CWL2:user/release-keys			
samsung	samsung	Galaxy M52 5G	SM-M526BR	m52xq	m52xqxx	11	RP1A.200720.012	M526BRXXU3CWH4	samsung/m52xqxx/m52xq:11/RP1A.200720.012/M526BRXXU3CWH4:user/release-keys			
samsung	samsung	Galaxy S21 5G	SM-G991U1	o1q	o1quew	11	RP1A.200720.012	G991U1UEUAGXDE	samsung/o1quew/o1q:11/RP1A.200720.012/G991U1UEUAGXDE:user/release-keys			
samsung	samsung	Galaxy S21 Ultra 5G	SM-G998U	p3q	p3qsqw	11	RP1A.200720.012	G998USQU5CVIF	samsung/p3qsqw/p3q:11/RP1A.200720.012/G998USQU5CVIF:user/release-keys			
samsung	samsung	Galaxy S10 Lite	SM-G770F	r5q	r5qnsxx	11	RP1A.200720.012	G770FXXS4EUF6	samsung/r5qnsxx/r5q:11/RP1A.200720.012/G770FXXS4EUF6:user/release-keys			
samsung	samsung	R7t	SM-N770F	r7	r7naxx	11	RP1A.200720.012	N770FXXS7DUB1	samsung/r7naxx/r7:11/RP1A.200720.012/N770FXXS7DUB1:user/release-keys	2021-02-01		
samsung	samsung	Galaxy S20 FE	SM-G780G	r8q	r8qxx	11	RP1A.200720.012	G780GXXS3CVF3	samsung/r8qxx/r8q:11/RP1A.200720.012/G780GXXS3CVF3:user/release-keys			
samsung	samsung	Galaxy S21 FE 5G	SM-G990B	r9q	r9qxxx	11	RP1A.200720.012	G990BXXS6FXC1	samsung/r9qxxx/r9q:11/RP1A.200720.012/G990BXXS6FXC1:user/release-keys			
samsung	samsung	Galaxy S21 FE 5G	SM-G990B	r9q	r9qxxx	11	RP1A.200720.012	G990BXXU1BUK5	samsung/r9qxxx/r9q:11/RP1A.200720.012/G990BXXU1BUK5:user/release-keys			
samsung	samsung	R9s	Exynos 2100	r9s	r9sxxx	11	RP1A.200720.012	G990EXXS7FXC2	samsung/r9sxxx/r9s:11/RP1A.200720.012/G990EXXS7FXC2:user/release-keys		Exynos 2100	universal2100_r
samsung	samsung	Galaxy S21+ 5G	SM-G996B	t2s	t2sxxx	11	RP1A.200720.012	G996BXXS3BUL1	samsung/t2sxxx/t2s:11/RP1A.200720.012/G996BXXS3BUL1:user/release-keys			
vivo	vivo	X50 Pro	PD2005F_EX	2006	2006NG	11	RP1A.200720.012	compiler0413175530	vivo/2006NG/2006:11/RP1A.200720.012/compiler0413175530:user/release-keys	2022-04-01	SM7250	lito
vivo	vivo	V2025	PD2039F_EX	2025	2025N	11	RP1A.200720.012	compiler0920151128	vivo/2025N/2025:11/RP1A.200720.012/compiler0920151128:user/release-keys	2023-09-01	SM7125	atoll
vivo	vivo	vivo X70 Pro+	PD2145F_EX	2114	2114i	11	RP1A.200720.012	compiler0118152009	vivo/2114i/2114:11/RP1A.200720.012/compiler0118152009:user/release-keys	2022-01-01	SM8350	lahaina
vivo	vivo	V2141	PD2165F_EX	2141	2141i	11	RP1A.200720.012	compiler0208182950	vivo/2141i/2141:11/RP1A.200720.012/compiler0208182950:user/release-keys	2022-01-01	SM4350	holi
vivo	vivo	V2024A	SM8250	PD2024	PD2024	11	RP1A.200720.012	compiler1220110818	vivo/PD2024/PD2024:11/RP1A.200720.012/compiler1220110818:user/release-keys	2022-12-01	SM8250	kona
vivo	vivo	V2073A	SM7250	PD2073	PD2073	11	RP1A.200720.012	compiler1222102130	vivo/PD2073/PD2073:11/RP1A.200720.012/compiler1222102130:user/release-keys	2022-11-01	SM7250	lito
vivo	vivo	V2165A	SM4350	PD2165	PD2165B	11	RP1A.200720.012	compiler0309121031	vivo/PD2165B/PD2165:11/RP1A.200720.012/compiler0309121031:user/release-keys	2022-02-01	SM4350	holi
vivo	vivo	iQOO Z7x	SM6375	PD2272	PD2272	11	RP1A.200720.012	compiler0314130504	vivo/PD2272/PD2272:11/RP1A.200720.012/compiler0314130504:user/release-keys		SM6375	holi
Lenovo	LENOVO	Lenovo Tab M7 (3rd Gen)	Lenovo TB-7306F	7306F	LenovoTB-7306F_GO	11	RP1A.200720.011	S000022_210301_ROW	Lenovo/LenovoTB-7306F_GO/7306F:11/RP1A.200720.011/S000022_210301_ROW:user/release-keys	2021-02-05		
Lenovo	Lenovo	Lenovo Tab QT K11 Pro WIFI	Lenovo TB-J607F	J607F	LenovoTB-J607F_PRC	11	RKQ1.201217.002	12.5.040_210514	Lenovo/LenovoTB-J607F_PRC/J607F:11/RKQ1.201217.002/12.5.040_210514:user/release-keys	2021-04-01		
Lenovo	LENOVO	Lenovo Tab K10	LenovoTB-X6C6F_ROW	X6C6F	LenovoTB-X6C6F	11	RP1A.200720.011	S043_210430_ROW	Lenovo/LenovoTB-X6C6F/X6C6F:11/RP1A.200720.011/S043_210430_ROW:user/release-keys	2021-03-05		
Lenovo	LENOVO	Lenovo Tab K10	LenovoTB-X6C6X_ROW	X6C6X	LenovoTB-X6C6X	11	RP1A.200720.011	S106_220410_ROW	Lenovo/LenovoTB-X6C6X/X6C6X:11/RP1A.200720.011/S106_220410_ROW:user/release-keys	2022-03-05		
Lenovo	Lenovo	Lenovo L70121	Lenovo L70121	Zelda	Zelda_row	11	RKQ1.201215.002	14.0.413_210324	Lenovo/Zelda_row/Zelda:11/RKQ1.201215.002/14.0.413_210324:user/release-keys	2021-03-05		
Lenovo	Lenovo	Lenovo K12 Note	Lenovo K12 Note	guamp	guamp_lenovo	11	RPXS31.Q2-58-17-7-3	ad9c24	Lenovo/guamp_lenovo/guamp:11/RPXS31.Q2-58-17-7-3/ad9c24:user/release-keys	2022-09-01	bengal	bengal
Lenovo	Lenovo	Lenovo K13 Note	Lenovo K13 Note	java	java_lenovo	11	RTA31.42-5	5	Lenovo/java_lenovo/java:11/RTA31.42-5/5:user/release-keys	2021-04-05		
Lenovo	Lenovo	拯救者电竞手机	Lenovo L79031	moba	moba	11	RKQ1.201022.002	12.5.175_210114	Lenovo/moba/moba:11/RKQ1.201022.002/12.5.175_210114:user/release-keys	2021-01-01		
Sony	Sony	SM8250	SM8250	pdx206	pdx206	11	RKQ1.211001.001	1	Sony/pdx206/pdx206:11/RKQ1.211001.001/1:user/release-keys	2022-10-01	SM8250	kona
Sony	Sony	pdx215		pdx215	pdx215	11	RKQ1.211001.001	1	Sony/pdx215/pdx215:11/RKQ1.211001.001/1:user/release-keys	2022-04-01	lahaina	lahaina
Sony	Sony	pdx217		pdx217	pdx217	11	RKQ1.220715.001	1	Sony/pdx217/pdx217:11/RKQ1.220715.001/1:user/release-keys	2023-11-01	lahaina	lahaina
ZTE	ZTE	ZTE 8040N	ZTE 8040N	P633S05	CN_P633S05_1	11	RP1A.200720.011	20220407.012504	ZTE/CN_P633S05_1/P633S05:11/RP1A.200720.011/20220407.012504:user/release-keys	2022-03-05		
ZTE	ZTE	ZTE Axon 30 5G	ZTE A2022	P875A02	CN_P875A02	11	RKQ1.201221.002	20210410.190230	ZTE/CN_P875A02/P875A02:11/RKQ1.201221.002/20210410.190230:user/release-keys	2021-02-01		
ZTE	ZTE	ZTE 7540N	ZTE 7540N	P633F08	EEA_P633F08_1	11	RP1A.200720.011	20230531.165747	ZTE/EEA_P633F08_1/P633F08:11/RP1A.200720.011/20230531.165747:user/release-keys	2023-05-05		
ZTE	ZTE	ZTE Axon 10 Pro	ZTE A2020G Pro	P855A01	GEN_EU_EEA_P855A01	11	RKQ1.201221.002	20211214.191315	ZTE/GEN_EU_EEA_P855A01/P855A01:11/RKQ1.201221.002/20211214.191315:user/release-keys	2021-11-01		
asus	asus	Smartphone for Snapdragon Insiders	ASUS_I007D	ASUS_I007_1	CN_I007D	11	RKQ1.201112.002	18.1050.2109.163-0	asus/CN_I007D/ASUS_I007_1:11/RKQ1.201112.002/18.1050.2109.163-0:user/release-keys	2021-09-01		
asus	asus	ZenFone 7 / 7 Pro (ZS670KS/ZS671KS)	ZS670KS	ASUS_I002D	WW_I002D	11	RKQ1.200710.002	30.41.69.170_20220319	asus/WW_I002D/ASUS_I002D:11/RKQ1.200710.002/30.41.69.170_20220319:user/release-keys	2022-02-05		
asus	asus	ZenFone 6 (ZS630KL) (WW) / 6Z (ZS630KL) (IN)	ZS630KL	ASUS_I01WD	WW_I01WD	11	RKQ1.200710.002	18.0610.2106.156-0	asus/WW_I01WD/ASUS_I01WD:11/RKQ1.200710.002/18.0610.2106.156-0:user/release-keys	2021-06-01		
blackshark	blackshark	黑鲨游戏手机 2 Pro	DLT-A0	darklighter	DLT-A0	11	DLTR2203210CN00MR1	V11.0.4.0.JOYUI	blackshark/DLT-A0/darklighter:11/DLTR2203210CN00MR1/V11.0.4.0.JOYUI:user/release-keys	2022-01-01		
blackshark	blackshark	KLE-A0	SHARK KLE-A0	klein	KLE-A0	11	KLEN2202130CN00MR4	V11.0.4.0.JOYUI	blackshark/KLE-A0/klein:11/KLEN2202130CN00MR4/V11.0.4.0.JOYUI:user/release-keys	2022-01-01		
blackshark	blackshark	MBU-A0	SHARK MBU-A0	mobius	MBU-A0	11	MOBS2202130CN00MR4	V11.0.4.0.JOYUI	blackshark/MBU-A0/mobius:11/MOBS2202130CN00MR4/V11.0.4.0.JOYUI:user/release-keys	2022-01-01		
blackshark	Xiaomi	SHARK PRS-A0	SHARK PRS-A0	penrose	PRS-A0	11	PROS2203050CN00MR2	V12.0.1.0.RBICNBS	blackshark/PRS-A0/penrose:11/PROS2203050CN00MR2/V12.0.1.0.RBICNBS:user/release-keys	2022-01-01		
blackshark	blackshark	Black Shark 2	SKW-A0	skywalker	SKW-A0	11	SKYW2203210CN00MR1	V11.0.4.0.JOYUI	blackshark/SKW-A0/skywalker:11/SKYW2203210CN00MR1/V11.0.4.0.JOYUI:user/release-keys	2022-01-01	msmnile	msmnile
meizu	meizu	meizu 17	M2081	meizu17	meizu_17_N_CN	11	QKQ1.200223.002	1616440705	meizu/meizu_17_N_CN/meizu17:11/QKQ1.200223.002/1616440705:user/release-keys	2021-03-01		
meizu	meizu	MEIZU 18s Pro	M2192	meizu18sPro	meizu_18sPro_CN	11	RKQ1.210408.001	1626715793	meizu/meizu_18sPro_CN/meizu18sPro:11/RKQ1.210408.001/1626715793:user/release-keys	2021-11-01		
meizu	meizu	MEIZU 18s	M2182	meizu18s	meizu_18s_CN	11	RKQ1.210408.001	1626683778	meizu/meizu_18s_CN/meizu18s:11/RKQ1.210408.001/1626683778:user/release-keys	2021-08-05		
nubia	nubia	NX627J	NX627J	NX627J	NX627J	11	RKQ1.200826.002	nubia.20210129.161619	nubia/NX627J/NX627J:11/RKQ1.200826.002/nubia.20210129.161619:user/release-keys	2020-11-01	msmnile	msmnile
nubia	nubia	NX629J	NX629J	NX629J	NX629J	11	RKQ1.200826.002	nubia.20210420.005838	nubia/NX629J/NX629J:11/RKQ1.200826.002/nubia.20210420.005838:user/release-keys	2020-11-01	msmnile	msmnile
nubia	nubia	Red Magic 5G lite	NX651J	NX651J	NX651J	11	RKQ1.200826.002	nubia.20210318.115117	nubia/NX651J/NX651J:11/RKQ1.200826.002/nubia.20210318.115117:user/release-keys	2021-03-01		
nubia	nubia	NX659J	NX659J	NX659J-EEA	NX659J-EEA	11	RKQ1.200826.002	nubia.20210609.101650	nubia/NX659J-EEA/NX659J-EEA:11/RKQ1.200826.002/nubia.20210609.101650:user/release-keys	2021-05-01	kona	kona
nubia	nubia	NX659J	NX659J	NX659J-UN	NX659J-UN	11	RKQ1.200826.002	nubia.20210527.124014	nubia/NX659J-UN/NX659J-UN:11/RKQ1.200826.002/nubia.20210527.124014:user/release-keys	2021-05-01	kona	kona
nubia	nubia	RED MAGIC 5G	NX659J	NX659J	NX659J	11	RKQ1.200826.002	nubia.20210222.122529	nubia/NX659J/NX659J:11/RKQ1.200826.002/nubia.20210222.122529:user/release-keys	2021-03-01	kona	kona
nubia	nubia	NX666J	NX666J	NX666J	NX666J	11	RKQ1.201221.002	20210727.191431	nubia/NX666J/NX666J:11/RKQ1.201221.002/20210727.191431:user/release-keys	2021-06-01		
nubia	nubia	NX666J	NX666J_EU	NX666J	NX666J_EU	11	RKQ1.201221.002	20210729.223011	nubia/NX666J_EU/NX666J:11/RKQ1.201221.002/20210729.223011:user/release-keys	2021-06-01		
nubia	nubia	NX666J	NX666J_UN	NX666J	NX666J_UN	11	RKQ1.201221.002	20210730.121957	nubia/NX666J_UN/NX666J:11/RKQ1.201221.002/20210730.121957:user/release-keys	2021-06-01		
nubia	nubia	NX669J	NX669J	NX669J-EEA	NX669J-EEA	11	RKQ1.201105.002	nubia.20210825.111702	nubia/NX669J-EEA/NX669J-EEA:11/RKQ1.201105.002/nubia.20210825.111702:user/release-keys	2021-07-01	lahaina	lahaina
nubia	nubia	NX669J	NX669J	NX669J-UN	NX669J-UN	11	RKQ1.201105.002	nubia.20210825.104533	nubia/NX669J-UN/NX669J-UN:11/RKQ1.201105.002/nubia.20210825.104533:user/release-keys	2021-07-01		
nubia	nubia	NX669J	NX669J	NX669J	NX669J	11	RKQ1.201105.002	nubia.20210205.023207	nubia/NX669J/NX669J:11/RKQ1.201105.002/nubia.20210205.023207:user/release-keys	2021-03-01	lahaina	lahaina
nubia	nubia	NX669J	SM8350	NX669J	NX669J	11	RKQ1.210614.002	nubia.20230622.002940	nubia/NX669J/NX669J:11/RKQ1.210614.002/nubia.20230622.002940:user/release-keys	2023-06-01	SM8350	lahaina
Lenovo	Lenovo	moba_row	Lenovo L79031	moba	moba_row	11	RKQ1.201022.002	12.5.538_220127	Lenovo/moba_row/moba:11/RKQ1.201022.002/12.5.538_220127:user/release-keys	2022-01-01		
ZTE	ZTE	ZTE A2322G	SM8250	P870A02	EEA_P870A02	11	RKQ1.220125.001	20221126.160139	ZTE/EEA_P870A02/P870A02:11/RKQ1.220125.001/20221126.160139:user/release-keys		SM8250	kona
asus	asus	ROG Phone 5 series	CN_I005D	ASUS_I005_1	CN_I005D	11	RKQ1.210303.002	18.1220.2107.108-0	asus/CN_I005D/ASUS_I005_1:11/RKQ1.210303.002/18.1220.2107.108-0:user/release-keys	2021-07-05		
asus	asus	Zenfone 8	EU_I006D	ASUS_I006D	EU_I006D	11	RKQ1.201022.002	30.11.51.83	asus/EU_I006D/ASUS_I006D:11/RKQ1.201022.002/30.11.51.83:user/release-keys			
asus	asus	Zenfone 8	ASUS_ZS590KS	ASUS_I006D	OPEN_I006D	11	RKQ1.201022.002	31.01.2.7	asus/OPEN_I006D/ASUS_I006D:11/RKQ1.201022.002/31.01.2.7:user/release-keys			
asus	asus	Smartphone for Snapdragon Insiders	WW_I007D	ASUS_I007_1	WW_I007D	11	RKQ1.201112.002	18.1030.2107.138-0	asus/WW_I007D/ASUS_I007_1:11/RKQ1.201112.002/18.1030.2107.138-0:user/release-keys	2021-07-01		
Infinix	Infinix	SMART	X657B-OP-S2	Infinix-X657B	X657B-OP-S2	11	RP1A.200720.011	221121V1102	Infinix/X657B-OP-S2/Infinix-X657B:11/RP1A.200720.011/221121V1102:user/release-keys	2022-11-05		
Infinix	Infinix	HOT 11	Infinix X662	Infinix-X662	X662-GL	11	RP1A.200720.011	220416V374	Infinix/X662-GL/Infinix-X662:11/RP1A.200720.011/220416V374:user/release-keys	2022-04-05	mt6768	mt6768
Infinix	Infinix	tssi_64_infinix	Infinix X663D	Infinix-X663D	X663D-RU	11	RP1A.200720.011	230130V294	Infinix/X663D-RU/Infinix-X663D:11/RP1A.200720.011/230130V294:user/release-keys	2022-12-05	mt6768	mt6768
Infinix	Infinix	HOT 12i	Infinix X665B	Infinix-X665B	X665B-OP	11	RP1A.200720.011	220330V285	Infinix/X665B-OP/Infinix-X665B:11/RP1A.200720.011/220330V285:user/release-keys	2022-03-05	mt6761	mt6761
Infinix	Infinix	HOT 11S	Infinix X6812	Infinix-X6812	X6812-GL	11	RP1A.200720.011	220416V586	Infinix/X6812-GL/Infinix-X6812:11/RP1A.200720.011/220416V586:user/release-keys	2022-04-05	mt6768	mt6768
Infinix	Infinix	Infinix HOT 12 Play NFC	X6816D	Infinix-X6816D	X6816D-OP	11	RP1A.201005.001	230411V10	Infinix/X6816D-OP/Infinix-X6816D:11/RP1A.201005.001/230411V10:user/release-keys	2023-03-05		
Infinix	Infinix	Infinix HOT 10S	Infinix X689	Infinix-X689	X689-GL	11	RP1A.200720.011	230416V542	Infinix/X689-GL/Infinix-X689:11/RP1A.200720.011/230416V542:user/release-keys	2023-04-05	mt6768	mt6768
Infinix	Infinix	Infinix HOT 10S	Infinix X689B	Infinix-X689B	X689B-GL	11	RP1A.200720.011	210326V170	Infinix/X689B-GL/Infinix-X689B:11/RP1A.200720.011/210326V170:user/release-keys	2021-03-05	mt6768	mt6768
Infinix	Infinix	NOTE 10 Pro	Infinix X695	Infinix-X695	X695-GL	11	RP1A.200720.011	210114V192	Infinix/X695-GL/Infinix-X695:11/RP1A.200720.011/210114V192:user/release-keys	2021-01-05	mt6785	mt6785
Infinix	Infinix	NOTE 10 Pro	X695-GL	Infinix-X695	X695-GL	11	RP1A.200720.011	210114V202	Infinix/X695-GL/Infinix-X695:11/RP1A.200720.011/210114V202:user/release-keys	2021-01-05		
Infinix	Infinix	NOTE 10 Pro	Infinix X695C	Infinix-X695C	X695C-GL	11	RP1A.200720.011	220823V355	Infinix/X695C-GL/Infinix-X695C:11/RP1A.200720.011/220823V355:user/release-keys	2022-07-05	mt6785	mt6785
Infinix	Infinix	NOTE 11S	Infinix X698	Infinix-X698	X698-GL	11	RP1A.200720.011	230406V641	Infinix/X698-GL/Infinix-X698:11/RP1A.200720.011/230406V641:user/release-keys	2023-03-05	mt6781	mt6781
TCL	TCL	BeyondTV4	Smart TV Pro	BeyondTV4	BeyondTV6	11	RP1A.200622.001	AR06	TCL/BeyondTV6/BeyondTV4:11/RP1A.200622.001/AR06:user/release-keys	2022-06-05		
TECNO	TECNO	PHANTOM X	TECNO AC8	TECNO-AC8	AC8-TR	11	RP1A.200720.011	210528V1203	TECNO/AC8-TR/TECNO-AC8:11/RP1A.200720.011/210528V1203:user/release-keys	2021-04-05	mt6785	mt6785
TECNO	TECNO	TECNO Mobile SPARK 8	KG6k-EU	TECNO-Mobile-KG6k	KG6k-EU	11	RP1A.200720.011	220210V163	TECNO/KG6k-EU/TECNO-Mobile-KG6k:11/RP1A.200720.011/220210V163:user/release-keys	2022-01-05		
TECNO	TECNO	POVA Neo	TECNO LE6	TECNO-LE6	LE6-GL	11	RP1A.200720.011	211031V193	TECNO/LE6-GL/TECNO-LE6:11/RP1A.200720.011/211031V193:user/release-keys	2021-09-05	mt6765	mt6765
TECNO	TECNO	TECNO POVA 2	TECNO LE7	TECNO-LE7	LE7-GL	11	RP1A.200720.011	210517V318	TECNO/LE7-GL/TECNO-LE7:11/RP1A.200720.011/210517V318:user/release-keys	2021-04-05	mt6768	mt6768
TECNO	TECNO	TECNO POVA 5G	LE8-GL	TECNO-LE8	LE8-GL	11	RP1A.200720.011	220902V1114	TECNO/LE8-GL/TECNO-LE8:11/RP1A.200720.011/220902V1114:user/release-keys	2022-07-05		
lge	lge	LG G7 One	LM-Q910	phoenix_sprout	phoenix_lao_com	11	RKQ1.201123.002	210641533e0c8	lge/phoenix_lao_com/phoenix_sprout:11/RKQ1.201123.002/210641533e0c8:user/release-keys	2021-03-01		
lge	lge	LG Q9 One	LM-Q927L	phoenix_sprout	phoenix_lgu_kr	11	RKQ1.201123.002	22005163197a5	lge/phoenix_lgu_kr/phoenix_sprout:11/RKQ1.201123.002/22005163197a5:user/release-keys	2022-01-01		
lge	lge	VELVET 2 PRO	LM-V700N	rainbowlm	rainbowlm	11	RKQ1.210106.002	21198091194d9	lge/rainbowlm/rainbowlm:11/RKQ1.210106.002/21198091194d9:user/release-keys	2021-06-01		
lge	lge	G8X ThinQ	LM-G850	mh2lm	mh2lm	11	RKQ1.210420.001	211980139c7f7	lge/mh2lm/mh2lm:11/RKQ1.210420.001/211980139c7f7:user/release-keys			
lge	lge	LG G7 One	LM-Q910	phoenix_sprout	phoenix_lgu_kr	11	RKQ1.201123.002	8998110210501	lge/phoenix_lgu_kr/phoenix_sprout:11/RKQ1.201123.002/8998110210501:user/release-keys			
ATT	ATT	Pelican	FLC	EA211005	EA211005	11	RP1A.200720.011	01US_2_080	ATT/EA211005/EA211005:11/RP1A.200720.011/01US_2_080:user/release-keys	2021-10-05		
BLU	BLU	BOLD N2	BOLD_N2	N0050UU	BOLD_N2	11	RP1A.200720.011	1663167139	BLU/BOLD_N2/N0050UU:11/RP1A.200720.011/1663167139:user/release-keys	2022-09-05		
CHiQ	CHiQ	Smart TV	AI PONT	samseong	DVB93CQ	11	RTO2.220913.001	9056767	CHiQ/DVB93CQ/samseong:11/RTO2.220913.001/9056767:user/release-keys	2022-09-01		
CUBOT	CUBOT	X_50_EEA	X50_EEA	X50	X50_EEA	11	RP1A.200720.011	20220709	CUBOT/X50_EEA/X50:11/RP1A.200720.011/20220709:user/release-keys	2022-07-05		
Cat	Cat	Cat S22 FLIP	S22FLIP	S22FLIP	S22FLIP	11	RKQ1.210416.002	LTE_S02113.11_N_S22Flip_0.029.04	Cat/S22FLIP/S22FLIP:11/RKQ1.210416.002/LTE_S02113.11_N_S22Flip_0.029.04:user/release-keys	2022-03-05		
Cat	Cat	Cat S62 Pro	S62Pro	S62Pro	S62Pro	11	RKQ1.210406.002	1.014.01	Cat/S62Pro/S62Pro:11/RKQ1.210406.002/1.014.01:user/release-keys	2021-08-01		
ChinaTelecom	Bodun	S8201	S8201	TURING	TURING	11	RP1A.201005.001	1695577094	ChinaTelecom/TURING/TURING:11/RP1A.201005.001/1695577094:user/release-keys	2022-11-05		
ChinaTelecom	Tianyi1Hao2022	Ares	S2134	ARES	TYH212U	11	RP1A.201005.001	1669124071	ChinaTelecom/TYH212U/ARES:11/RP1A.201005.001/1669124071:user/release-keys	2022-07-05		
ChuangLian	mblu	M2112	M2112	mblu10	mblu_10_CN	11	RP1A.201005.001	2206101530	ChuangLian/mblu_10_CN/mblu10:11/RP1A.201005.001/2206101530:user/release-keys	2021-11-01		
DOOGEE	DOOGEE	V10	V10_EEA	V10	V10_EEA	11	RP1A.200720.011	1627875578	DOOGEE/V10_EEA/V10:11/RP1A.200720.011/1627875578:user/release-keys	2021-06-05		
Emdoor	Emdoor	Emdoor_00WW	Emdoor_00WW	EMDOOR	Emdoor_00WW	11	RP1A.201005.001	00WW_0_150	Emdoor/Emdoor_00WW/EMDOOR:11/RP1A.201005.001/00WW_0_150:user/release-keys	2022-05-05		
Fx_tec_Pro1X	Fx_tec_Pro1X	QX1050	QX1050_2_EEA	QX1050	QX1050_2_EEA	11	RKQ1.211130.001	eng.leilia.20220701	Fx_tec_Pro1X/QX1050_2_EEA/QX1050:11/RKQ1.211130.001/eng.leilia.20220701:user/release-keys	2022-06-01		
GM	GM	GM 20 PRO	G501_S	G501	G501_S	11	RP1A.200720.011	1636518238	GM/G501_S/G501:11/RP1A.200720.011/1636518238:user/release-keys	2021-10-05		
General_luxe	General_luxe	Shahin_III	Shahin_III	Shahin_III	Shahin_III	11	RP1A.200720.011	1642417636	General_luxe/Shahin_III/Shahin_III:11/RP1A.200720.011/1642417636:user/release-keys	2021-12-05		
HiBy	HiBy	RS8	RS8	RS8	RS8	11	RKQ1.211001.001	HiBy10191518	HiBy/RS8/RS8:11/RKQ1.211001.001/HiBy10191518:user/release-keys	2021-10-05	trinket	trinket
Honeywell	Honeywell	EDA10A	SM4350	EDA10A	EDA10A	11	RKQ1.220301.001	A12.31.06.0122	Honeywell/EDA10A/EDA10A:11/RKQ1.220301.001/A12.31.06.0122:user/release-keys	2023-06-05	SM4350	holi
Honeywell	Honeywell	EDA52	EDA56	eda52	eda52	11	RKQ1.210107.001	218.01.15.0185	Honeywell/eda52/eda52:11/RKQ1.210107.001/218.01.15.0185:user/release-keys	2022-08-05	bengal	bengal
Honeywell	Honeywell	EDA56	EDA56	eda52	eda52	11	RKQ1.210107.001	221.01.06.0060	Honeywell/eda52/eda52:11/RKQ1.210107.001/221.01.06.0060:user/release-keys	2022-08-05	bengal	bengal
Jio	Jio	JioPhone Next	Smartphone	LS1542QW	Smartphone	11	RKQ1.210602.002	B.001.05.001	Jio/Smartphone/LS1542QW:11/RKQ1.210602.002/B.001.05.001:user/release-keys	2021-10-05		
Jio	Jio	LS-5701-J	LS-5701-J	jioospro	jioospro	11	JIO_GO-R.11.00.023.00	2300	Jio/jioospro/jioospro:11/JIO_GO-R.11.00.023.00/2300:user/release-keys	2021-05-05		
KDDI	KDDI	SCR01_jp_kdi	SCR01_jp_kdi	SCR01	SCR01_jp_kdi	11	RP1A.200720.012	SCR01KDU1AVK2	KDDI/SCR01_jp_kdi/SCR01:11/RP1A.200720.012/SCR01KDU1AVK2:user/release-keys	2021-12-01		
LAVA	LAVA	LAVA AGNI 5G	LAVA LXX501	LXX501	LXX501	11	RP1A.200720.011	1661159587	LAVA/LXX501/LXX501:11/RP1A.200720.011/1661159587:user/release-keys	2022-08-05		
Micromax	Micromax	IN1b	Micromax E6523	E6523	E6523	11	RP1A.200720.011	mp1k61v164bspP5	Micromax/E6523/E6523:11/RP1A.200720.011/mp1k61v164bspP5:user/release-keys	2021-08-05		
Micromax	Micromax	IN1b	Micromax E7533	E7533	E7533	11	RP1A.200720.011	mp1k61v164bspP6	Micromax/E7533/E7533:11/RP1A.200720.011/mp1k61v164bspP6:user/release-keys	2021-09-05		
Mobvoi	Mobvoi	TicWatch E3	TicWatch E3	ricefish	ricefish	11	RMKB.231020.007	228	Mobvoi/ricefish/ricefish:11/RMKB.231020.007/228:user/release-keys	2023-10-05		
Mobvoi	Mobvoi	TicWatch Pro 3	TicWatch Pro 3	rover	rover	11	RMRL.240228.002	374	Mobvoi/rover/rover:11/RMRL.240228.002/374:user/release-keys	2024-02-05		
NVIDIA	NVIDIA	SHIELD Android TV	SHIELD Android TV	darcy	darcy	11	RQ1A.210105.003	13961458_3871.0251	NVIDIA/darcy/darcy:11/RQ1A.210105.003/13961458_3871.0251:user/release-keys	2024-12-05		
NVIDIA	NVIDIA	SHIELD Android TV	SHIELD Android TV	foster	foster_e	11	RQ1A.210105.003	13961456_3871.0251	NVIDIA/foster_e/foster:11/RQ1A.210105.003/13961456_3871.0251:user/release-keys	2024-12-05		
NVIDIA	NVIDIA	SHIELD Android TV	SHIELD Android TV	mdarcy	mdarcy	11	RQ1A.210105.003	7094531_2914.3416	NVIDIA/mdarcy/mdarcy:11/RQ1A.210105.003/7094531_2914.3416:user/release-keys	2021-09-05		
NVIDIA	NVIDIA	SHIELD Android TV	SHIELD Android TV	sif	sif	11	RQ1A.210105.003	7094503_2914.3416	NVIDIA/sif/sif:11/RQ1A.210105.003/7094503_2914.3416:user/release-keys	2021-09-05		
OMIX	OMIX	X500	OMIX X500	X500	X500	11	RP1A.200720.011	1640161050	OMIX/X500/X500:11/RP1A.200720.011/1640161050:user/release-keys	2021-12-05		
Onyx	Onyx	Go7	Go7	Go7	Go7	11	2025-08-21_15-01_4.1-rel_0821_b863ee078	4997	Onyx/Go7/Go7:11/2025-08-21_15-01_4.1-rel_0821_b863ee078/4997:user/release-keys	2025-03-01	lito	lito
Onyx	Onyx	GoColor7_2	GoColor7_2	GoColor7_2	GoColor7_2	11	2025-11-10_16-08_4.1.1-rel_1110_d8cf44fd7	6191	Onyx/GoColor7_2/GoColor7_2:11/2025-11-10_16-08_4.1.1-rel_1110_d8cf44fd7/6191:user/release-keys	2025-10-01	lito	lito
Onyx	Onyx	Palma2_Pro_C	Palma2_Pro_C	Palma2_Pro_C	Palma2_Pro_C	11	2025-10-10_15-47_4.1.1-rel_1010_1405f51d1	664	Onyx/Palma2_Pro_C/Palma2_Pro_C:11/2025-10-10_15-47_4.1.1-rel_1010_1405f51d1/664:user/release-keys	2025-08-01	lito	lito
Philips	Philips	Philips SmartTV	PHILIPS 4K TV	sindap	polarbear	11	RTO4.230808.001	10626794	Philips/polarbear/sindap:11/RTO4.230808.001/10626794:user/release-keys	2023-08-01		
RCA	RCA	Smart TV	2K AI Smart TV	osaki	RCA_2K_ATV_PA	11	RTO7.250806.002	13895404	RCA/RCA_2K_ATV_PA/osaki:11/RTO7.250806.002/13895404:user/release-keys	2025-06-01		
RockTek	RockTek	RT-G2	RT-G2	YYJ	SEI804RT	11	RTT0.211009.001	5310	RockTek/SEI804RT/YYJ:11/RTT0.211009.001/5310:user/release-keys	2023-04-05		
Schok	Schok	SV55216	Schok Volt SV55	SV55216	SV55216	11	SV55216_01.02.06	231015	Schok/SV55216/SV55216:11/SV55216_01.02.06/231015:user/release-keys	2023-11-05		
TECNO-Mobile	TECNO	TECNO Mobile SPARK 8	TECNO Mobile KG6k	TECNO-Mobile-KG6k	KG6k-EU	11	RP1A.200720.011	220210V109	TECNO-Mobile/KG6k-EU/TECNO-Mobile-KG6k:11/RP1A.200720.011/220210V109:user/release-keys	2022-01-05	mt6765	mt6765
Teracube	Teracube	Teracube 2e	Teracube 2e	Teracube_2e	Teracube_2e	11	RP1A.200720.011	202111011925	Teracube/Teracube_2e/Teracube_2e:11/RP1A.200720.011/202111011925:user/release-keys	2021-10-05		
UMIDIGI	UMIDIGI	A13	MP05	A13S	A13S_EEA	11	RP1A.201005.001	2202261613	UMIDIGI/A13S_EEA/A13S:11/RP1A.201005.001/2202261613:user/release-keys	2022-01-05		
UMIDIGI	UMIDIGI	A13	MP05	A13	A13_EEA	11	RP1A.201005.001	2203011659	UMIDIGI/A13_EEA/A13:11/RP1A.201005.001/2203011659:user/release-keys	2022-01-05		
UMIDIGI	UMIDIGI	A13	MP05	A13_Pro	A13_Pro	11	RP1A.201005.001	2202121319	UMIDIGI/A13_Pro/A13_Pro:11/RP1A.201005.001/2202121319:user/release-keys	2022-01-05		
UMIDIGI	HXY	BISON Pro	BISON_Pro	BISON_Pro	BISON_Pro	11	RP1A.200720.011	2105241743	UMIDIGI/BISON_Pro/BISON_Pro:11/RP1A.200720.011/2105241743:user/release-keys	2021-06-05		
UMIDIGI	UMIDIGI	BISON X10G	RP05	BISON_X10S_NFC	BISON_X10S	11	RP1A.201005.001	2112142207	UMIDIGI/BISON_X10S/BISON_X10S_NFC:11/RP1A.201005.001/2112142207:user/release-keys	2022-01-05		
UNISOC	Android	ums512_1h10_Natv	ums512_1h10_Natv	ums512_1h10	ums512_1h10_Natv	11	RP1A.201005.001	13427	UNISOC/ums512_1h10_Natv/ums512_1h10:11/RP1A.201005.001/13427:user/release-keys	2021-04-05	ums512	ums512
UNISOC	Tianyi1Hao2022	TYH212U	TYH212U	ums9620_2h10	ums9620_2h10_ctcc	11	RP1A.201005.001	1669124071	UNISOC/ums9620_2h10_ctcc/ums9620_2h10:11/RP1A.201005.001/1669124071:user/release-keys	2022-07-05	ums9620	ums9620
UNISOC	Bodun	TURING	TURING	ums9620_2h10	ums9620_2h10_ctcc	11	RP1A.201005.001	1695577094	UNISOC/ums9620_2h10_ctcc/ums9620_2h10:11/RP1A.201005.001/1695577094:user/release-keys	2022-11-05	ums9620	ums9620
Ulefone	Ulefone	Armor 10 5G	Armor_10_5G	Armor_10_5G	Armor_10_5G	11	RP1A.200720.011	1641790547	Ulefone/Armor_10_5G/Armor_10_5G:11/RP1A.200720.011/1641790547:user/release-keys	2021-12-05		
Ulefone	Ulefone	Power Armor 13	Power_Armor_13	Power_Armor_13	Power_Armor_13	11	RP1A.200720.011	1626784999	Ulefone/Power_Armor_13/Power_Armor_13:11/RP1A.200720.011/1626784999:user/release-keys	2021-06-05		
Umx	Umx	U696CL	U696CL	U696CL	U696CL	11	UMX_U696CL_V11.01.01.06	220112	Umx/U696CL/U696CL:11/UMX_U696CL_V11.01.01.06/220112:user/release-keys	2022-03-05		
Unihertz	Unihertz	Atom_L	Atom_L_EEA	Atom_L	Atom_L_EEA	11	RP1A.200720.011	root.20210722.143145	Unihertz/Atom_L_EEA/Atom_L:11/RP1A.200720.011/root.20210722.143145:user/release-keys	2021-07-05		
Unihertz	Unihertz	Jelly2	Jelly2_EEA	Jelly2	Jelly2_EEA	11	RP1A.200720.011	root.20210727.095406	Unihertz/Jelly2_EEA/Jelly2:11/RP1A.200720.011/root.20210727.095406:user/release-keys	2021-07-05		
Visible	Visible	Visible Midnight	VZW_Midnight	WTVIS01	VZW_Midnight	11	RP1A.200720.011	SW_S98421AA1_V036	Visible/VZW_Midnight/WTVIS01:11/RP1A.200720.011/SW_S98421AA1_V036:user/release-keys	2021-10-05		
WIKO	WIKO	T50	WIKO T50	W-P861	W-P861	11	RP1A.200720.011	1668774145	WIKO/W-P861/W-P861:11/RP1A.200720.011/1668774145:user/release-keys	2022-10-05		
Xming	Android	Page One Smart Projector	Xming Projector	tianshan	tianshan	11	RTM7.230903.079	11087362	Xming/tianshan/tianshan:11/RTM7.230903.079/11087362:user/release-keys	2023-11-01		
mobvoi	mobvoi	TicWatch Pro 3 GPS; TicWatch Pro 3 Ultra GPS	TicWatch Pro 3 GPS	rubyfish	rubyfish	11	RMRB.231020.007	310	mobvoi/rubyfish/rubyfish:11/RMRB.231020.007/310:user/release-keys	2023-10-05		
panasonic	panasonic	FZ-A3	FZ_A3	FZ-A3	FZ_A3	11	RKQ1.210924.001	18.01.100.065	panasonic/FZ_A3/FZ-A3:11/RKQ1.210924.001/18.01.100.065:user/release-keys	2023-09-01		
panasonic	panasonic	FZ-N1	FZ-N1	FZ-N1EVF	FZ_N1EVF_N	11	RKQ1.210924.001	18.01.300.074	panasonic/FZ_N1EVF_N/FZ-N1EVF:11/RKQ1.210924.001/18.01.300.074:user/release-keys	2023-08-01		
panasonic	panasonic	FZ-S1	FZ_S1	FZ-S1	FZ_S1	11	RKQ1.210924.001	18.01.200.073	panasonic/FZ_S1/FZ-S1:11/RKQ1.210924.001/18.01.200.073:user/release-keys	2023-09-01		
vsmart	vsmart	Star 5	Star 5	fivestar	fivestar_open	11	RP1A.200720.011	V352A_OPN_U_A5_211021	vsmart/fivestar_open/fivestar:11/RP1A.200720.011/V352A_OPN_U_A5_211021:user/release-keys	2021-11-01		
vsmart	vsmart	Aris Pro	Aris Pro	jacarandapro	jacarandapro_open	11	RKQ1.200928.002	V741A_OPN_U_B6_210419	vsmart/jacarandapro_open/jacarandapro:11/RKQ1.200928.002/V741A_OPN_U_B6_210419:user/release-keys	2021-04-01		
vsmart	vsmart	Joy 4	Joy 4	juniper	juniper_open	11	RKQ1.201105.002	V441A_OPN_U_B8_210521	vsmart/juniper_open/juniper:11/RKQ1.201105.002/V441A_OPN_U_B8_210521:user/release-keys	2021-05-01		
vsmart	vsmart	Star 4	Star 4	willowpro	willowpro_open	11	RP1A.200720.011	V341A_OPN_U_B6_210521	vsmart/willowpro_open/willowpro:11/RP1A.200720.011/V341A_OPN_U_B6_210521:user/release-keys	2021-05-01		
LAVA	LAVA	LAVA AGNI 5G	LXX501	LXX501	LXX501	11	RP1A.200720.011	1644914769	LAVA/LXX501/LXX501:11/RP1A.200720.011/1644914769:user/release-keys			
Mi	Mi	Mi 11 X	M2012K11AI	aliothin	aliothin	11	RKQ1.200826.002	V12.5.6.0.RKHINXM	Mi/aliothin/aliothin:11/RKQ1.200826.002/V12.5.6.0.RKHINXM:user/release-keys			
NVIDIA	NVIDIA	SHIELD TV	SHIELD Android TV	darcy	darcy	11	RQ1A.210105.003	7094531_2914.3416	NVIDIA/darcy/darcy:11/RQ1A.210105.003/7094531_2914.3416:user/release-keys	2021-09-05		
NVIDIA	NVIDIA	SHIELD Android TV	SHIELD Android TV	foster	foster_e	11	RQ1A.210105.003	7094531_2914.3416	NVIDIA/foster_e/foster:11/RQ1A.210105.003/7094531_2914.3416:user/release-keys	2021-09-05		
NVIDIA	NVIDIA	SHIELD Android TV	SHIELD Android TV	foster	foster_e_hdd	11	RQ1A.210105.003	7094531_2914.3416	NVIDIA/foster_e_hdd/foster:11/RQ1A.210105.003/7094531_2914.3416:user/release-keys	2021-09-05		
Motorola	Motorola	EVOLVE	EVOLVE	EVOLVE	EVOLVE	10	QKQ1.200623.002	R01.02.02	Motorola/EVOLVE/EVOLVE:10/QKQ1.200623.002/R01.02.02:user/release-keys	2021-05-01		
Nokia	Nokia	Nokia C2 Tennen	Armstrong	ARV_CUS	Armstrong_CUS	10	QP1A.190711.020	00CUS_0_05B	Nokia/Armstrong_CUS/ARV_CUS:10/QP1A.190711.020/00CUS_0_05B:user/release-keys	2020-01-05		
Nokia	Nokia	Nokia C2 Tennen	Nokia C2 Tennen	ARV_CUS	Armstrong_CUS	10	QP1A.190711.020	00CUS_0_22C	Nokia/Armstrong_CUS/ARV_CUS:10/QP1A.190711.020/00CUS_0_22C:user/release-keys	2020-04-05		
Nokia	Nokia	Nokia 8 Sirocco	Nokia 8 Sirocco	A1N_sprout	Avenger_00WW	10	QKQ1.190828.002	00WW_5_100	Nokia/Avenger_00WW/A1N_sprout:10/QKQ1.190828.002/00WW_5_100:user/release-keys	2020-03-01		
Nokia	Nokia	Nokia 9	Nokia 9	AOP_sprout	Beholder_00WW	10	QKQ1.190725.002	00WW_5_13B	Nokia/Beholder_00WW/AOP_sprout:10/QKQ1.190725.002/00WW_5_13B:user/release-keys	2019-10-01		
Nokia	alps	Nokia 5.1	Nokia 5.1	CO2_sprout	Core2_00WW	10	QP1A.190711.020	00WW_4_160	Nokia/Core2_00WW/CO2_sprout:10/QP1A.190711.020/00WW_4_160:user/release-keys	2020-09-05		
Nokia	Nokia	Nokia 7.1	Nokia 7.1	CTL_sprout	Crystal_00WW	10	QKQ1.190828.002	00WW_4_08B	Nokia/Crystal_00WW/CTL_sprout:10/QKQ1.190828.002/00WW_4_08B:user/release-keys	2019-11-01		
Nokia	HMD Global Oy	Nokia 3.4	DoctorStrange	DRS_sprout	DoctorStrange_00WW	10	QKQ1.200525.002	00WW_0_04K	Nokia/DoctorStrange_00WW/DRS_sprout:10/QKQ1.200525.002/00WW_0_04K:user/release-keys	2020-04-05	bengal	bengal
Nokia	Nokia	Nokia 6.1 Plus	FIH-B2N	DRG_sprout	Dragon_00WW	10	QKQ1.190828.002	00WW_4_040	Nokia/Dragon_00WW/DRG_sprout:10/QKQ1.190828.002/00WW_4_040:user/release-keys	2019-10-01		
Nokia	Nokia	Nokia 6.1 Plus	Nokia 6.1 Plus	DRG_sprout	Dragon_00WW	10	QKQ1.190828.002	00WW_4_10C	Nokia/Dragon_00WW/DRG_sprout:10/QKQ1.190828.002/00WW_4_10C:user/release-keys	2019-12-01		
Nokia	alps	Nokia 3.1	Nokia 3.1	ES2_sprout	Essential2_00WW	10	QP1A.190711.020	00WW_4_160	Nokia/Essential2_00WW/ES2_sprout:10/QP1A.190711.020/00WW_4_160:user/release-keys	2020-09-05		
Nokia	HMD Global	Nokia C3	Nokia C3	GMR	GamoraPlus_00CN	10	QP1A.190711.020	00CN_1_040	Nokia/GamoraPlus_00CN/GMR:10/QP1A.190711.020/00CN_1_040:user/release-keys	2020-06-05		
Nokia	Nokia	WND	WND	Nokia_2780	Nokia_2780	10	QKQ1.200623.002	00.2238.20.13	Nokia/Nokia_2780/Nokia_2780:10/QKQ1.200623.002/00.2238.20.13:user/release-keys	2020-05-05		
Nokia	Nokia	Nokia 7 plus	Nokia 7 plus	B2N_sprout	Onyx_00WW	10	QKQ1.190828.002	00WW_4_10C	Nokia/Onyx_00WW/B2N_sprout:10/QKQ1.190828.002/00WW_4_10C:user/release-keys	2019-12-01	sdm660	sdm660
Nokia	alps	Nokia 5.1 Plus	Nokia 5.1 Plus	PDA_sprout	Panda_00WW	10	QP1A.190711.020	00WW_3_110	Nokia/Panda_00WW/PDA_sprout:10/QP1A.190711.020/00WW_3_110:user/release-keys	2020-04-05		
Nokia	Nokia	Nokia C5 Endi	Nokia C5 Endi	PMC_CUS	Paramore_CUS	10	QP1A.190711.020	00CUS_0_22B	Nokia/Paramore_CUS/PMC_CUS:10/QP1A.190711.020/00CUS_0_22B:user/release-keys	2020-04-05		
Nokia	Nokia	Nokia 6.1	Nokia 6.1	PL2_sprout	Plate2_00WW	10	QKQ1.190828.002	00WW_4_10C	Nokia/Plate2_00WW/PL2_sprout:10/QKQ1.190828.002/00WW_4_10C:user/release-keys	2019-12-01		
Nokia	HMD Global	Nokia 8 V 5G UW	Nokia 8 V 5G UW	RAV_VZW	RiseAgainst_VZW	10	QKQ1.200816.002	00VPO_1_230	Nokia/RiseAgainst_VZW/RAV_VZW:10/QKQ1.200816.002/00VPO_1_230:user/release-keys	2020-10-01		
Nokia	alps	Nokia 3.1 Plus	ROO	ROON_sprout	Rooster_00WW	10	QP1A.190711.020	00WW_4_120	Nokia/Rooster_00WW/ROON_sprout:10/QP1A.190711.020/00WW_4_120:user/release-keys	2019-10-05		
Nokia	alps	Nokia 3.1 Plus	ROO	ROO_sprout	Rooster_00WW	10	QP1A.190711.020	00WW_3_15H	Nokia/Rooster_00WW/ROO_sprout:10/QP1A.190711.020/00WW_3_15H:user/release-keys	2020-04-05		
Nokia	Nokia	Nokia 3.1 Plus	Nokia 3.1 Plus	ROO_sprout	Rooster_00WW	10	QP1A.190711.020	00WW_3_16B	Nokia/Rooster_00WW/ROO_sprout:10/QP1A.190711.020/00WW_3_16B:user/release-keys	2021-10-05	mt6765	mt6765
Nokia	HMD Global	Nokia C1 Plus	Nokia C1 Plus	YDU	Yondu_00WW	10	QP1A.190711.020	00WW_1_020	Nokia/Yondu_00WW/YDU:10/QP1A.190711.020/00WW_1_020:user/release-keys	2020-10-05		
OPPO	OPPO	R17	CPH1879	CPH1879	CPH1879	10	QKQ1.190918.001	2021060001	OPPO/CPH1879/CPH1879:10/QKQ1.190918.001/2021060001:user/release-keys	2021-05-05		
OPPO	OPPO	Reno	CPH1917	OP47DD	CPH1917	10	QKQ1.190406.002	1556622305	OPPO/CPH1917/OP47DD:10/QKQ1.190406.002/1556622305:user/release-keys	2019-05-05		
OnePlus	OnePlus	OnePlus 7 Pro	GM1925	OP7ProNRSpr	OP7ProNRSpr	10	QKQ1.190716.003	2109301958	OnePlus/OP7ProNRSpr/OP7ProNRSpr:10/QKQ1.190716.003/2109301958:user/release-keys	2021-10-01	msmnile	msmnile
OnePlus	OnePlus	OnePlus5	ONEPLUS A5000	OnePlus5	OnePlus5	10	QKQ1.191014.012	2010292059	OnePlus/OnePlus5/OnePlus5:10/QKQ1.191014.012/2010292059:user/release-keys	2020-09-01	msm8998	msm8998
OnePlus	OnePlus	OnePlus5T	ONEPLUS A5010	OnePlus5T	OnePlus5T	10	QKQ1.191014.012	2010292059	OnePlus/OnePlus5T/OnePlus5T:10/QKQ1.191014.012/2010292059:user/release-keys	2020-09-01	msm8998	msm8998
OnePlus	OnePlus	OnePlus 6	ONEPLUS A6003	OnePlus6	OnePlus6	10	QKQ1.190716.003	2010222143	OnePlus/OnePlus6/OnePlus6:10/QKQ1.190716.003/2010222143:user/release-keys	2020-07-01	sdm845	sdm845
OnePlus	OnePlus	OnePlus6T	ONEPLUS A6013	OnePlus6T	OnePlus6T	10	QKQ1.190716.003	2104202153	OnePlus/OnePlus6T/OnePlus6T:10/QKQ1.190716.003/2104202153:user/release-keys	2021-04-01	sdm845	sdm845
OnePlus	OnePlus	OnePlus 7 Pro 5G	GM1920	OnePlus7ProNR	OnePlus7ProNR_EEA	10	QKQ1.190716.003	2103151223	OnePlus/OnePlus7ProNR_EEA/OnePlus7ProNR:10/QKQ1.190716.003/2103151223:user/release-keys	2021-03-01	msmnile	msmnile
OnePlus	OnePlus	OnePlus Nord N100	BE2011	OnePlusN100	OnePlusN100	10	QKQ1.200719.002	2104021943	OnePlus/OnePlusN100/OnePlusN100:10/QKQ1.200719.002/2104021943:user/release-keys	2021-03-05		
OnePlus	OnePlus	OnePlus Nord N100	BE2012	OnePlusN100TMO	OnePlusN100TMO	10	QKQ1.200719.002	2012212112	OnePlus/OnePlusN100TMO/OnePlusN100TMO:10/QKQ1.200719.002/2012212112:user/release-keys	2020-12-05		
OnePlus	OnePlus	OnePlus Nord N100	BE2013	OnePlusN100	OnePlusN100_EEA	10	QKQ1.200719.002	2101222301	OnePlus/OnePlusN100_EEA/OnePlusN100:10/QKQ1.200719.002/2101222301:user/release-keys	2021-01-05		
OnePlus	OnePlus	OnePlus Nord N10 5G	BE2028	OnePlusN10TMO	OnePlusN10TMO	10	QKQ1.200830.002	2104262059	OnePlus/OnePlusN10TMO/OnePlusN10TMO:10/QKQ1.200830.002/2104262059:user/release-keys	2021-05-05	lito	lito
POCO	POCO	POCO C31	211033MI	angelicain	angelicain_in	10	QP1A.190711.020	V12.0.1.0.QCRINRF	POCO/angelicain_in/angelicain:10/QP1A.190711.020/V12.0.1.0.QCRINRF:user/release-keys	2021-09-01		
POCO	POCO	POCO M2	M2004J19PI	shiva	shiva	10	QP1A.190711.020	V11.0.4.0.QJRINXM	POCO/shiva/shiva:10/QP1A.190711.020/V11.0.4.0.QJRINXM:user/release-keys	2020-08-05		
Redmi	Redmi	Redmi 9C NFC	M2006C3MNG	angelican	angelican_eea	10	QP1A.190711.020	V12.0.3.0.QCSEUXM	Redmi/angelican_eea/angelican:10/QP1A.190711.020/V12.0.3.0.QCSEUXM:user/release-keys	2020-08-01		
Redmi	Redmi	Redmi Note 9 Pro	Redmi Note 10 Lite	curtana	curtana_in1	10	QKQ1.191215.002	V12.0.2.0.QJWINRF	Redmi/curtana_in1/curtana:10/QKQ1.191215.002/V12.0.2.0.QJWINRF:user/release-keys	2021-08-01	atoll	atoll
Redmi	Redmi	Redmi 8A Dual	Redmi 8A Pro	olivewood	olivewood	10	QKQ1.191014.001	V12.0.1.0.QCQIDXM	Redmi/olivewood/olivewood:10/QKQ1.191014.001/V12.0.1.0.QCQIDXM:user/release-keys	2021-01-01		
Redmi	Redmi	Redmi 8A Dual	Redmi 8A Dual	olivewood	olivewood	10	QKQ1.191014.001	V12.5.1.0.QCQINXM	Redmi/olivewood/olivewood:10/QKQ1.191014.001/V12.5.1.0.QCQINXM:user/release-keys	2021-07-01		
Xiaomi	Xiaomi	Mi MIX 3 5G	Mi MIX 3 5G	andromeda	andromeda	10	QKQ1.190406.002	9.04.30.2.native.google.user	Xiaomi/andromeda/andromeda:10/QKQ1.190406.002/9.04.30.2.native.google.user:user/release-keys	2019-05-05		
Xiaomi	Xiaomi	POCO F1	POCOPHONE F1	beryllium	beryllium	10	QKQ1.190828.002	V11.0.8.0.QEJMIXM	Xiaomi/beryllium/beryllium:10/QKQ1.190828.002/V11.0.8.0.QEJMIXM:user/release-keys	2020-04-01		
Xiaomi	Xiaomi	MI CC 9e	MI CC 9e	laurus	laurus	10	QKQ1.190910.002	20.6.10	Xiaomi/laurus/laurus:10/QKQ1.190910.002/20.6.10:user/release-keys	2020-06-01		
Xiaomi	Xiaomi	MI  MAX  3	MI MAX 3	nitrogen	nitrogen	10	QKQ1.190910.002	V12.0.1.0.QEDMIXM	Xiaomi/nitrogen/nitrogen:10/QKQ1.190910.002/V12.0.1.0.QEDMIXM:user/release-keys	2020-08-01		
Xiaomi	Xiaomi	Mix3	MIX 3	perseus	perseus	10	QKQ1.190828.002	9.11.14	Xiaomi/perseus/perseus:10/QKQ1.190828.002/9.11.14:user/release-keys	2019-11-01		
Xiaomi	Xiaomi	MIX 3	Mi MIX 3	perseus	perseus	10	QKQ1.190828.002	V11.0.3.0.QEEMIXM	Xiaomi/perseus/perseus:10/QKQ1.190828.002/V11.0.3.0.QEEMIXM:user/release-keys	2020-02-01		
Xiaomi	Xiaomi	MI 8 SE	MI 8 SE	sirius	sirius	10	QKQ1.190828.002	V11.0.3.0.QEBCNXM	Xiaomi/sirius/sirius:10/QKQ1.190828.002/V11.0.3.0.QEBCNXM:user/release-keys	2020-04-01		
google	google	GMS on ARM64		generic_arm64_ab	gsi_gms_arm64	10	QJR1.191112.001	6004257	google/gsi_gms_arm64/generic_arm64_ab:10/QJR1.191112.001/6004257:user/release-keys	2019-12-05		
motorola	motorola	moto g(7) play	moto g(7) play	channel	channel_retail	10	QPY30.52-2	5ecf2	motorola/channel_retail/channel:10/QPY30.52-2/5ecf2:user/release-keys	2020-03-01		
motorola	motorola	motorola one power	motorola one power	chef_sprout	chef_retail	10	QPT30.52-2	28ac7	motorola/chef_retail/chef_sprout:10/QPT30.52-2/28ac7:user/release-keys	2019-10-05		
motorola	motorola	Motorola one	motorola one	deen_sprout	deen_retail	10	QPK30.51	bffa2	motorola/deen_retail/deen_sprout:10/QPK30.51/bffa2:user/release-keys	2019-12-01		
motorola	motorola	moto g(8) plus	moto g(8) plus	doha	doha_retail	10	QPIS30.28-Q3-28-26-4-1-3	f0a9a	motorola/doha_retail/doha:10/QPIS30.28-Q3-28-26-4-1-3/f0a9a:user/release-keys	2021-04-01		
motorola	motorola	moto z4	moto z4	foles	foles_retail	10	QPF30.130-15-7	38ece7	motorola/foles_retail/foles:10/QPF30.130-15-7/38ece7:user/release-keys	2020-01-01		
motorola	motorola	Moto E (5)	moto e	ginna	ginna_retail	10	QPG30.82-105	80737	motorola/ginna_retail/ginna:10/QPG30.82-105/80737:user/release-keys	2020-08-01		
motorola	motorola	moto e (XT2052DL)	moto e (XT2052DL)	ginna	ginna_trac	10	QPGS30.82-141-15-4	47077	motorola/ginna_trac/ginna:10/QPGS30.82-141-15-4/47077:user/release-keys	2022-06-01		
motorola	motorola	moto e(7) plus	moto e(7) plus	guam	guam_retail	10	QPZ30.30-Q3-38-25	9ba94	motorola/guam_retail/guam:10/QPZ30.30-Q3-38-25/9ba94:user/release-keys	2020-08-01	bengal	bengal
motorola	motorola	moto g(7) power	moto g(7) power	ocean	ocean_retail	10	QPOS30.52-29-12	401fd	motorola/ocean_retail/ocean:10/QPOS30.52-29-12/401fd:user/release-keys	2021-02-01		
motorola	motorola	motorola one zoom	motorola one zoom	parker	parker_retail	10	QPH30.29-Q3-28-13-10	d623	motorola/parker_retail/parker:10/QPH30.29-Q3-28-13-10/d623:user/release-keys	2020-11-01		
realme	realme	X2	X2	RMX1992L1	RMX1992	10	QKQ1.191201.002	1592194586	realme/RMX1992/RMX1992L1:10/QKQ1.191201.002/1592194586:user/release-keys	2020-08-05		
samsung	samsung	Galaxy Feel2	SC-02L	SC-02L	SC-02L	10	QP1A.190711.020	SC02LOMS1CVK2	samsung/SC-02L/SC-02L:10/QP1A.190711.020/SC02LOMS1CVK2:user/release-keys	2021-07-01		
samsung	samsung	Galaxy M01 Core	SM-M013F	a01core	a01coredd	10	QP1A.190711.020	M013FDDU1ATJ4	samsung/a01coredd/a01core:10/QP1A.190711.020/M013FDDU1ATJ4:user/release-keys	2020-10-01		
samsung	samsung	Galaxy A01 Core	SM-A013M	a01core	a01coreub	10	QP1A.190711.020	A013MUBS3AWC1	samsung/a01coreub/a01core:10/QP1A.190711.020/A013MUBS3AWC1:user/release-keys	2023-02-01		
samsung	samsung	Galaxy A20s	SM-A207F	a20s	a20sxx	10	QP1A.190711.020	A207FXXU2BTH2	samsung/a20sxx/a20s:10/QP1A.190711.020/A207FXXU2BTH2:user/release-keys	2020-08-01		
samsung	samsung	Galaxy A60	SM-A6060	a60q	a60qzc	10	QP1A.190711.020	A6060ZCU1BTD3	samsung/a60qzc/a60q:10/QP1A.190711.020/A6060ZCU1BTD3:user/release-keys	2020-04-01		
samsung	samsung	Galaxy A6	SM-A600FN	a6lte	a6ltexx	10	QP1A.190711.020	A600FNXXU9CVE1	samsung/a6ltexx/a6lte:10/QP1A.190711.020/A600FNXXU9CVE1:user/release-keys	2022-02-01		
samsung	samsung	Galaxy A7	SM-A750C	a7y18ve	a7y18verkt	10	QP1A.190711.020	A750CONS1BVK1	samsung/a7y18verkt/a7y18ve:10/QP1A.190711.020/A750CONS1BVK1:user/release-keys	2021-10-01		
samsung	samsung	Galaxy A8s	SM-G8870	a8sqltechn	a8sqltezc	10	QP1A.190711.020	G8870ZCU7CVH2	samsung/a8sqltezc/a8sqltechn:10/QP1A.190711.020/G8870ZCU7CVH2:user/release-keys	2022-06-01		
samsung	samsung	Galaxy S10e	SM-G970U	beyond0q	beyond0qltesq	10	QP1A.190711.020	G970USQU2CSKP	samsung/beyond0qltesq/beyond0q:10/QP1A.190711.020/G970USQU2CSKP:user/release-keys	2019-12-01		
samsung	samsung	Galaxy Z Flip	SM-F700U1	bloomq	bloomque	10	QP1A.190711.020	F700U1UEU1ATAK	samsung/bloomque/bloomq:10/QP1A.190711.020/F700U1UEU1ATAK:user/release-keys	2020-01-01		
samsung	samsung	Galaxy Note9	SM-N960F	crownlte	crownltexx	10	QP1A.190711.020	N960FXXS9FUH1	samsung/crownltexx/crownlte:10/QP1A.190711.020/N960FXXS9FUH1:user/release-keys	2021-08-01		
samsung	samsung	Galaxy Note10	SM-N970F	d1	d1xx	10	QP1A.190711.020	N970FXXU1BSL7	samsung/d1xx/d1:10/QP1A.190711.020/N970FXXU1BSL7:user/release-keys	2019-12-01		
samsung	samsung	Galaxy Note10+	SM-N975F	d2s	d2sxx	10	QP1A.190711.020	N975FXXU1BSL7	samsung/d2sxx/d2s:10/QP1A.190711.020/N975FXXU1BSL7:user/release-keys	2019-12-01		
samsung	samsung	Galaxy Tab S4	SM-T835	gts4llte	gts4lltexx	10	QP1A.190711.020	T835XXU5CVG2	samsung/gts4lltexx/gts4llte:10/QP1A.190711.020/T835XXU5CVG2:user/release-keys	2022-06-01		
samsung	samsung	Galaxy Tab S5e	SM-T720	gts4lvwifi	gts4lvwifixx	10	QP1A.190711.020	T720XXS2CUA3	samsung/gts4lvwifixx/gts4lvwifi:10/QP1A.190711.020/T720XXS2CUA3:user/release-keys	2021-02-01		
samsung	samsung	Galaxy Tab S4	SM-T830	gts4lwifi	gts4lwifixx	10	QP1A.190711.020	T830XXU5CVG2	samsung/gts4lwifixx/gts4lwifi:10/QP1A.190711.020/T830XXU5CVG2:user/release-keys	2022-06-01		
samsung	samsung	Galaxy Tab S6	SM-T860	gts6lwifi	gts6lwifixx	10	QP1A.190711.020	T860XXU3BTK2	samsung/gts6lwifixx/gts6lwifi:10/QP1A.190711.020/T860XXU3BTK2:user/release-keys	2020-11-01		
samsung	samsung	Galaxy J4+	SM-J415N	j4primeltekx	j4primeltekx	10	QP1A.190711.020	J415NKOU2CTH5	samsung/j4primeltekx/j4primeltekx:10/QP1A.190711.020/J415NKOU2CTH5:user/release-keys	2020-08-01		
samsung	samsung	Galaxy J6	SM-J600F	j6lte	j6ltecis	10	QP1A.190711.020	J600FXXSACVB1	samsung/j6ltecis/j6lte:10/QP1A.190711.020/J600FXXSACVB1:user/release-keys	2022-02-01		
samsung	samsung	Galaxy Wide3	SM-J737S	j7toplteskt	j7toplteskt	10	QP1A.190711.020	J737SKSU6CVI1	samsung/j7toplteskt/j7toplteskt:10/QP1A.190711.020/J737SKSU6CVI1:user/release-keys	2022-09-01		
samsung	samsung	Galaxy M10	SM-M105F	m10lte	m10ltedd	10	QP1A.190711.020	M105FDDU3CTK3	samsung/m10ltedd/m10lte:10/QP1A.190711.020/M105FDDU3CTK3:user/release-keys	2020-09-01		
samsung	samsung	Galaxy M20	SM-M205F	m20lte	m20ltedd	10	QP1A.190711.020	M205FDDU3CSL5	samsung/m20ltedd/m20lte:10/QP1A.190711.020/M205FDDU3CSL5:user/release-keys	2019-12-01		
samsung	samsung	Galaxy M30	SM-M305F	m30lte	m30ltedd	10	QP1A.190711.020	M305FDDU8CUI1	samsung/m30ltedd/m30lte:10/QP1A.190711.020/M305FDDU8CUI1:user/release-keys	2021-09-01		
samsung	samsung	Galaxy A80	SM-A805F	r1q	r1qxx	10	QP1A.190711.020	A805FXXU4BTC3	samsung/r1qxx/r1q:10/QP1A.190711.020/A805FXXU4BTC3:user/release-keys	2020-02-01		
samsung	samsung	Galaxy S9+	SM-G965F	star2lte	star2ltexx	10	QP1A.190711.020	G965FXXSHFUJ2	samsung/star2ltexx/star2lte:10/QP1A.190711.020/G965FXXSHFUJ2:user/release-keys	2021-11-01		
samsung	samsung	Galaxy S9	SM-G960F	starlte	starltexx	10	QP1A.190711.020	G960FXXUGFUH3	samsung/starltexx/starlte:10/QP1A.190711.020/G960FXXUGFUH3:user/release-keys	2021-08-01		
samsung	samsung	Galaxy S9	SM-G9600	starqltechn	starqltezh	10	QP1A.190711.020	G9600ZHU9FUG2	samsung/starqltezh/starqltechn:10/QP1A.190711.020/G9600ZHU9FUG2:user/release-keys	2021-08-01		
samsung	samsung	Galaxy XCover Pro	SM-G715FN	xcoverpro	xcoverproxx	10	QP1A.190711.020	G715FNXXS6ATG1	samsung/xcoverproxx/xcoverpro:10/QP1A.190711.020/G715FNXXS6ATG1:user/release-keys	2020-08-01		
vivo	vivo	vivo 1805	vivo 1805	1805	1805	10	QP1A.190711.020	compiler03152143	vivo/1805/1805:10/QP1A.190711.020/compiler03152143:user/release-keys	2021-03-01		
vivo	vivo	vivo 1913	vivo 1913	1913	1913	10	QP1A.190711.020	compiler04271003	vivo/1913/1913:10/QP1A.190711.020/compiler04271003:user/release-keys	2021-04-01		
vivo	vivo	vivo 1935	vivo 1935N	1935	1935N	10	QP1A.190711.020	compiler05051144	vivo/1935N/1935:10/QP1A.190711.020/compiler05051144:user/release-keys	2022-05-01		
vivo	vivo	V2043_21	V2026	2026	2026	10	QP1A.190711.020	compiler02041218	vivo/2026/2026:10/QP1A.190711.020/compiler02041218:user/release-keys	2021-01-01		
vivo	vivo	vivo NEX S	vivo NEX S	PD1805	PD1805	10	QKQ1.190406.002	compiler06211959	vivo/PD1805/PD1805:10/QKQ1.190406.002/compiler06211959:user/release-keys	2019-05-05		
vivo	Android	V1955A	V1955A	PD1955	PD1955	10	QP1A.190711.020	compiler06081335	vivo/PD1955/PD1955:10/QP1A.190711.020/compiler06081335:user/release-keys	2020-06-05	kona	kona
vivo	vivo	V2002A	V2002A	PD2019	PD2019	10	QP1A.190711.020	compiler06291956	vivo/PD2019/PD2019:10/QP1A.190711.020/compiler06291956:user/release-keys	2021-05-01		
vivo	vivo	PD2023	PD2023	PD2023E	PD2023	10	QP1A.190711.020	compiler01071617	vivo/PD2023/PD2023E:10/QP1A.190711.020/compiler01071617:user/release-keys	2021-12-01		
vivo	vivo	V2061A	V2061A	PD2061	PD2061	10	QP1A.190711.020	compiler11122250	vivo/PD2061/PD2061:10/QP1A.190711.020/compiler11122250:user/release-keys	2021-10-01		
xiaomi	xiaomi	Mi A2	Mi A2	jasmine_sprout	jasmine	10	QKQ1.190910.002	V11.0.22.0.QDIMIXM	xiaomi/jasmine/jasmine_sprout:10/QKQ1.190910.002/V11.0.22.0.QDIMIXM:user/release-keys	2021-03-01		
xiaomi	Xiaomi	Redmi  Note  7 Pro	Redmi Note 7 Pro	violet	violet	10	QKQ1.190915.002	21.4.7	xiaomi/violet/violet:10/QKQ1.190915.002/21.4.7:user/release-keys	2021-04-01		
Nokia	Nokia	Nokia 2.1	Dynamo2_00WW	E2M	Dynamo2_00WW	10	QKQ1.190828.002	00WW_4_11C	Nokia/Dynamo2_00WW/E2M:10/QKQ1.190828.002/00WW_4_11C:user/release-keys	2020-08-01		
Nokia	Nokia	Nokia 1	Frontier_00WW	FRT	Frontier_00WW	10	QP1A.190711.020	00WW_3_090	Nokia/Frontier_00WW/FRT:10/QP1A.190711.020/00WW_3_090:user/release-keys	2020-06-05		
Nokia	Nokia	Nokia C3	GamoraPlus_00WW	GMR	GamoraPlus_00WW	10	QP1A.190711.020	00WW_1_060	Nokia/GamoraPlus_00WW/GMR:10/QP1A.190711.020/00WW_1_060:user/release-keys			
OPPO	OPPO	A53	CPH2135EEA	OP4EFDL1	CPH2135EEA	10	QKQ1.200614.002	1605790610	OPPO/CPH2135EEA/OP4EFDL1:10/QKQ1.200614.002/1605790610:user/release-keys			
OnePlus	OnePlus	OnePlus 8 5G UW	OnePlus8VZW	OnePlus8VZW	OnePlus8VZW	10	QKQ1.191222.002	2011031214	OnePlus/OnePlus8VZW/OnePlus8VZW:10/QKQ1.191222.002/2011031214:user/release-keys	2020-10-01		
OnePlus	OnePlus	OnePlus Nord N100	OnePlusN100TELCEL	OnePlusN100	OnePlusN100TELCEL	10	QKQ1.200719.002	2105111746	OnePlus/OnePlusN100TELCEL/OnePlusN100:10/QKQ1.200719.002/2105111746:user/release-keys	2021-05-05		
POCO	POCO	POCO F2 Pro	Lmi	lmi	lmi_eea	10	QKQ1.191117.002	V12.0.3.0.QJKEUXM	POCO/lmi_eea/lmi:10/QKQ1.191117.002/V12.0.3.0.QJKEUXM:user/release-keys			
POCO	POCO	POCO M2	M2004J19PI	shiva	shiva	10	QP1A.190711.020	V11.0.3.0.QJRINXM	POCO/shiva/shiva:10/QP1A.190711.020/V11.0.3.0.QJRINXM:user/release-keys			
Redmi	Redmi	Redmi Note 8 Pro	Redmi Note 8 Pro	begonia	begonia_ru	10	QP1A.190711.020	V11.0.2.0.QGGRUXM	Redmi/begonia_ru/begonia:10/QP1A.190711.020/V11.0.2.0.QGGRUXM:user/release-keys			
Redmi	Redmi	Redmi Note 9T	M2007J22G	cannong	cannong_ru	10	QP1A.190711.020	V12.0.2.0.QJERUXM	Redmi/cannong_ru/cannong:10/QP1A.190711.020/V12.0.2.0.QJERUXM:user/release-keys	2021-03-01		
Redmi	Redmi	Redmi 9	M2006C3MII	cattail	cattail	10	QP1A.190711.020	V12.0.1.0.QCTINXM	Redmi/cattail/cattail:10/QP1A.190711.020/V12.0.1.0.QCTINXM:user/release-keys	2020-07-01		
Redmi	Redmi	Redmi Note 9 Pro	Redmi Note 9 Pro	joyeuse	joyeuse_id	10	QKQ1.191215.002	V12.0.5.0.QJZIDXM	Redmi/joyeuse_id/joyeuse:10/QKQ1.191215.002/V12.0.5.0.QJZIDXM:user/release-keys			
Redmi	Redmi	Redmi Note 9 4G	M2010J19SG	lime	lime_global	10	QKQ1.200830.002	V12.0.7.0.QJQMIXM	Redmi/lime_global/lime:10/QKQ1.200830.002/V12.0.7.0.QJQMIXM:user/release-keys			
Xiaomi	Xiaomi	Mi MIX 3 5G	Mi MIX 3 5G	andromeda	andromeda_eea	10	QKQ1.190825.002	20.1.7	Xiaomi/andromeda_eea/andromeda:10/QKQ1.190825.002/20.1.7:user/release-keys	2019-12-01		
Xiaomi	Xiaomi	POCO F1	POCOPHONE F1	beryllium	beryllium	10	QKQ1.190828.002	V12.0.3.0.QEJMIXM	Xiaomi/beryllium/beryllium:10/QKQ1.190828.002/V12.0.3.0.QEJMIXM:user/release-keys	2020-12-01		
Xiaomi	Xiaomi	MI MAX 3	MI MAX 3	nitrogen	nitrogen	10	QKQ1.190910.002	V12.5.1.0.QEDCNXM	Xiaomi/nitrogen/nitrogen:10/QKQ1.190910.002/V12.5.1.0.QEDCNXM:user/release-keys	2020-09-01		
motorola	motorola	motorola edge plus	motorola edge plus	burton	burton_reteu	10	QPBS30.188-58-9	a56c3f	motorola/burton_reteu/burton:10/QPBS30.188-58-9/a56c3f:user/release-keys	2021-02-01		
motorola	motorola	moto g(7) play	moto g(7) play	channel	channel	10	QPY30.52-22	355d1	motorola/channel/channel:10/QPY30.52-22/355d1:user/release-keys			
motorola	motorola	moto g(7) play	moto g(7) play	channel	channel_t	10	QPYS30.85-18-3	60cdb	motorola/channel_t/channel:10/QPYS30.85-18-3/60cdb:user/release-keys			
motorola	motorola	motorola one hyper	motorola one hyper	def	def_reteu	10	QPF30.103-21-1	3932d	motorola/def_reteu/def:10/QPF30.103-21-1/3932d:user/release-keys			
motorola	motorola	moto g(8) plus	moto g(8) plus	doha	doha_retail	10	QPI30.28-Q3-28-26	20e48	motorola/doha_retail/doha:10/QPI30.28-Q3-28-26/20e48:user/release-keys			
motorola	motorola	moto e (XT2052DL)	moto e	ginna	ginna_t	10	QPGS30.82-135-2	94bea4	motorola/ginna_t/ginna:10/QPGS30.82-135-2/94bea4:user/release-keys	2021-02-01		
motorola	motorola	moto e (XT2052DL)	moto e	ginna	ginna_vzw	10	QPG30.82-23-1	f5162	motorola/ginna_vzw/ginna:10/QPG30.82-23-1/f5162:user/release-keys			
motorola	motorola	moto g stylus (2021)	moto g stylus (2021)	minsk	minsk_retail	10	QPC30.Q4-31-26-1	e8485	motorola/minsk_retail/minsk:10/QPC30.Q4-31-26-1/e8485:user/release-keys	2020-10-01		
motorola	motorola	moto g(7) power	moto g(7) power	ocean	ocean	10	QPO30.52-29	c0490	motorola/ocean/ocean:10/QPO30.52-29/c0490:user/release-keys			
motorola	motorola	moto g(7) power	moto g(7) power	ocean	ocean_retail	10	QPO30.52-29	c0490	motorola/ocean_retail/ocean:10/QPO30.52-29/c0490:user/release-keys			
motorola	motorola	moto g(7)	moto g(7)	river_n	river_retru_n	10	QPUS30.52-16-2-5	58144	motorola/river_retru_n/river_n:10/QPUS30.52-16-2-5/58144:user/release-keys			
motorola	motorola	moto g stylus	moto g stylus	sofiap	sofiap_retail	10	QPR30.80-116	e1e10	motorola/sofiap_retail/sofiap:10/QPR30.80-116/e1e10:user/release-keys	2020-06-01		
motorola	motorola	moto g(8) power	moto g(8) power	sofiar	sofiar_reteu	10	QPE30.79-25	59f4f	motorola/sofiar_reteu/sofiar:10/QPE30.79-25/59f4f:user/release-keys			
realme	realme	realme XT	RMX1921	RMX1921	RMX1921	10	QKQ1.190918.001	1619577165	realme/RMX1921/RMX1921:10/QKQ1.190918.001/1619577165:user/release-keys			
realme	realme	realme X2Pro	RMX1931EEA	RMX1931L1	RMX1931EEA	10	QKQ1.191021.002	1590460856	realme/RMX1931EEA/RMX1931L1:10/QKQ1.191021.002/1590460856:user/release-keys			
samsung	samsung	Galaxy A3 Core	SM-A013M	a01core	a01corextc	10	QP1A.190711.020	A013GXXU1ATGE	samsung/a01corextc/a01core:10/QP1A.190711.020/A013GXXU1ATGE:user/release-keys			
samsung	samsung	A40	SM-A405S	a40	a40xx	10	QP1A.190711.020	A405FNXXS3BTI3	samsung/a40xx/a40:10/QP1A.190711.020/A405FNXXS3BTI3:user/release-keys			
samsung	samsung	A51f	SM-A515F	a51	a51nsxx	10	QP1A.190711.020	A515FXXU1ASKJ	samsung/a51nsxx/a51:10/QP1A.190711.020/A515FXXU1ASKJ:user/release-keys			
samsung	samsung	Galaxy A6	SM-A600F	a6lte	a6ltexx	10	QP1A.190711.020	A600FNXXS7CTI1	samsung/a6ltexx/a6lte:10/QP1A.190711.020/A600FNXXS7CTI1:user/release-keys			
samsung	samsung	Galaxy A7 (2018)	SM-A750F	a7y18lte	a7y18ltedx	10	QP1A.190711.020	A750GNDXU6CUA1	samsung/a7y18ltedx/a7y18lte:10/QP1A.190711.020/A750GNDXU6CUA1:user/release-keys			
samsung	samsung	Galaxy Note20 Ultra 5G	SM-N986U	c2q	c2qsqw	10	QP1A.190711.020	N986USQU1ATH3	samsung/c2qsqw/c2q:10/QP1A.190711.020/N986USQU1ATH3:user/release-keys			
samsung	samsung	Galaxy Note20 Ultra 5G	SM-N986U	c2q	c2qzhx	10	QP1A.190711.020	N9860ZSU1ATJ6	samsung/c2qzhx/c2q:10/QP1A.190711.020/N9860ZSU1ATJ6:user/release-keys			
samsung	samsung	Galaxy Note9	SM-N960F	crownlte	crownltexx	10	QP1A.190711.020	N960FXXS4DTA5	samsung/crownltexx/crownlte:10/QP1A.190711.020/N960FXXS4DTA5:user/release-keys			
samsung	samsung	Galaxy Note10+	SM-N975U1	d2q	d2qsq	10	QP1A.190711.020	N975USQU2BTA1	samsung/d2qsq/d2q:10/QP1A.190711.020/N975USQU2BTA1:user/release-keys			
samsung	samsung	Galaxy Note10+	SM-N975U1	d2q	d2qzh	10	QP1A.190711.020	N9750ZSU2CTD1	samsung/d2qzh/d2q:10/QP1A.190711.020/N9750ZSU2CTD1:user/release-keys			
samsung	samsung	Galaxy Note10+ 5G	SM-N976B	d2x	d2xxx	10	QP1A.190711.020	N976BXXU1BTA1	samsung/d2xxx/d2x:10/QP1A.190711.020/N976BXXU1BTA1:user/release-keys	2020-01-01		
samsung	samsung	Galaxy Tab A	SM-T510	gta3xlwifi	gta3xlwifieea	10	QP1A.190711.020	T510XXU3BTFN	samsung/gta3xlwifieea/gta3xlwifi:10/QP1A.190711.020/T510XXU3BTFN:user/release-keys			
samsung	samsung	Galaxy Tab S4	SM-T837A	gts4llteatt	gts4llteuc	10	QP1A.190711.020	T837AUCU5CUF1	samsung/gts4llteuc/gts4llteatt:10/QP1A.190711.020/T837AUCU5CUF1:user/release-keys			
samsung	samsung	Galaxy Tab S4	SM-T835	gts4llte	gts4lltexx	10	QP1A.190711.020	T835XXU4CTF5	samsung/gts4lltexx/gts4llte:10/QP1A.190711.020/T835XXU4CTF5:user/release-keys			
samsung	samsung	Galaxy Tab S4	SM-T830	gts4lwifi	gts4lwifixx	10	QP1A.190711.020	T830XXU4CTF5	samsung/gts4lwifixx/gts4lwifi:10/QP1A.190711.020/T830XXU4CTF5:user/release-keys			
samsung	samsung	Galaxy M20	SM-M205F	m20lte	m20ltedd	10	QP1A.190711.020	M205FDDU3CSL4	samsung/m20ltedd/m20lte:10/QP1A.190711.020/M205FDDU3CSL4:user/release-keys			
samsung	samsung	Galaxy S9	SM-G960F	starlte	starltexx	10	QP1A.190711.020	G960FXXSDFTL1	samsung/starltexx/starlte:10/QP1A.190711.020/G960FXXSDFTL1:user/release-keys			
xiaomi	xiaomi	Mi A2	Mi A2	jasmine_sprout	jasmine	10	QKQ1.190910.002	V11.0.21.0.QDIMIXM	xiaomi/jasmine/jasmine_sprout:10/QKQ1.190910.002/V11.0.21.0.QDIMIXM:user/release-keys			
xiaomi	xiaomi	Redmi Note 8T	Redmi Note 8T	willow	willow	10	QKQ1.200114.002	V12.0.2.0.QCXMIXM	xiaomi/willow/willow:10/QKQ1.200114.002/V12.0.2.0.QCXMIXM:user/release-keys	2021-01-01		
xiaomi	xiaomi	Redmi Note 8T	Redmi Note 8T	willow	willow_eea	10	QKQ1.200114.002	V12.0.1.0.QCXEUXM	xiaomi/willow_eea/willow:10/QKQ1.200114.002/V12.0.1.0.QCXEUXM:user/release-keys			
LENOVO	LENOVO	Lenovo CD-3L501F	Lenovo CD-3L501F	Walnut	LenovoSmartFrame	10	QP1A.190711.020	LenovoCD-3L501F_ROW_210405	LENOVO/LenovoSmartFrame/Walnut:10/QP1A.190711.020/LenovoCD-3L501F_ROW_210405:user/release-keys	2020-04-05		
Lenovo	Lenovo	Lenovo A8	L10041	AK57	AK57	10	QP1A.190711.020	11.0.022_200518	Lenovo/AK57/AK57:10/QP1A.190711.020/11.0.022_200518:user/release-keys	2020-05-05		
Lenovo	Lenovo	Lenovo A8	Lenovo L10041	AK57	AK57	10	QP1A.190711.020	11.5.263_200824	Lenovo/AK57/AK57:10/QP1A.190711.020/11.5.263_200824:user/release-keys	2020-06-05		
Lenovo	BMA253	Lenovo Tab M10 (HD)	Lenovo TB-X505X	TB-X505X	TB-X505X	10	QKQ1.191224.003	X505X_S001148_220902_ROW	Lenovo/TB-X505X/TB-X505X:10/QKQ1.191224.003/X505X_S001148_220902_ROW:user/release-keys	2021-12-05		
Lenovo	Lenovo	Lenovo Tab P11	Lenovo TB-J606F	J606F	m11_prc_wifi	10	QKQ1.200730.002	12.0.519_210130	Lenovo/m11_prc_wifi/J606F:10/QKQ1.200730.002/12.0.519_210130:user/release-keys	2020-12-01	bengal	bengal
Sony	Sony	Xperia XZ2 Premium	H8166_RU	H8166	H8166_RU	10	52.1.A.0.532	052001A000053204197952262	Sony/H8166_RU/H8166:10/52.1.A.0.532/052001A000053204197952262:user/release-keys	2019-12-01		
Sony	Sony	Xperia XZ2	H8266	H8266	H8266	10	52.1.A.0.532	052001A000053202006556692	Sony/H8266/H8266:10/52.1.A.0.532/052001A000053202006556692:user/release-keys	2019-12-01		
Sony	Sony	Xperia XZ2 Compact	H8324	H8324	H8324	10	52.1.A.0.532	052001A000053202006556692	Sony/H8324/H8324:10/52.1.A.0.532/052001A000053202006556692:user/release-keys	2019-12-01		
Sony	Sony	Xperia XZ3	H8416	H8416	H8416	10	52.1.A.0.532	052001A000053202006556692	Sony/H8416/H8416:10/52.1.A.0.532/052001A000053202006556692:user/release-keys	2019-12-01		
Sony	Sony	Xperia XZ3	H9436	H9436	H9436	10	52.1.A.0.532	052001A000053202006556692	Sony/H9436/H9436:10/52.1.A.0.532/052001A000053202006556692:user/release-keys	2019-12-01		
Sony	Sony	Xperia 10	I3123	I3123	I3123	10	53.1.A.2.2	053001A00020000202135191194	Sony/I3123/I3123:10/53.1.A.2.2/053001A00020000202135191194:user/release-keys	2020-03-01		
Sony	Sony	Xperia 10	I4113_RU	I4113	I4113_RU	10	53.1.A.2.2	053001A00020000200894138764	Sony/I4113_RU/I4113:10/53.1.A.2.2/053001A00020000200894138764:user/release-keys	2020-03-01		
Sony	Sony	Xperia 10 Plus	I4213_RU	I4213	I4213_RU	10	53.1.A.2.2	053001A00020000201259374257	Sony/I4213_RU/I4213:10/53.1.A.2.2/053001A00020000201259374257:user/release-keys	2020-03-01		
Sony	Sony	Xperia 1	J9110	J9110	J9110	10	55.1.A.3.149	055001A003014902854466984	Sony/J9110/J9110:10/55.1.A.3.149/055001A003014902854466984:user/release-keys	2020-04-01		
Sony	Sony	Xperia 1	J9110_EEA	J9110	J9110_EEA	10	55.1.A.0.748	055001A000074800442216154	Sony/J9110_EEA/J9110:10/55.1.A.0.748/055001A000074800442216154:user/release-keys	2019-11-01		
Sony	Sony	Xperia 5	J9210_EEA	J9210	J9210_EEA	10	55.1.A.0.748	055001A000074800442216154	Sony/J9210_EEA/J9210:10/55.1.A.0.748/055001A000074800442216154:user/release-keys	2019-11-01		
Sony	Sony	Xperia 1 II	XQ-AT51_EEA	XQ-AT51	XQ-AT51_EEA	10	58.0.A.3.31	058000A003003102854466984	Sony/XQ-AT51_EEA/XQ-AT51:10/58.0.A.3.31/058000A003003102854466984:user/release-keys	2020-06-01		
Sony	Sony	Xperia 10 II	XQ-AU51	XQ-AU51	XQ-AU51	10	59.0.A.5.2	059000A005000202956232951	Sony/XQ-AU51/XQ-AU51:10/59.0.A.5.2/059000A005000202956232951:user/release-keys	2020-05-01		
ZTE	ZTE	ZTE A20 5G	ZTE A2121	P725A02	CN_P725A02	10	QKQ1.200628.002	20200824.174440	ZTE/CN_P725A02/P725A02:10/QKQ1.200628.002/20200824.174440:user/release-keys	2020-08-01		
ZTE	ZTE	ZTE Axon 10 Pro	ZTE A2020 Pro	P855A02	GEN_CN_P855A02	10	QKQ1.191014.001	20200103.065735	ZTE/GEN_CN_P855A02/P855A02:10/QKQ1.191014.001/20200103.065735:user/release-keys	2020-01-01		
ZTE	ZTE	K87CA	K87CA	K87	K87CA	10	QKQ1.200517.002	20200630.162006	ZTE/K87CA/K87:10/QKQ1.200517.002/20200630.162006:user/release-keys	2020-06-01		
ZTE	ZTE	ZTE Axon 10 Pro	ZTE A2020U Pro	P855A03_NA	P855A03_NA	10	QKQ1.191117.002	20200107.152718	ZTE/P855A03_NA/P855A03_NA:10/QKQ1.191117.002/20200107.152718:user/release-keys	2019-12-01		
asus	asus	ZenFone 6 (ZS630KL) (WW) / 6Z (ZS630KL) (IN)	WW_I01WD	ASUS_I01WD	WW_I01WD	10	QP1A.190711.005	17.1810.1910.63-0	asus/WW_I01WD/ASUS_I01WD:10/QP1A.190711.005/17.1810.1910.63-0:user/release-keys	2019-10-05		
asus	asus	ZenFone Max M2 (ZB633KL) (WW) / Max M2 (ZB632KL) (IN)	WW_X01AD	ASUS_X01A_1	WW_X01AD	10	WW_Phone-202005071625	17.2018.2004.31-20200507	asus/WW_X01AD/ASUS_X01A_1:10/WW_Phone-202005071625/17.2018.2004.31-20200507:user/release-keys	2020-04-05	msm8953	msm8953
blackshark	blackshark	MBU-H0	SHARK MBU-H0	mobius	MBU-H0	10	MOBS2005121OS00MP1	V11.0.4.0.JOYUI	blackshark/MBU-H0/mobius:10/MOBS2005121OS00MP1/V11.0.4.0.JOYUI:user/release-keys	2020-03-05		
blackshark	blackshark	黑鲨游戏手机	SKR-A0	shark	SKR-A0	10	G66X1912230CN00DQX	V11.0.0.0.QG66XCN	blackshark/SKR-A0/shark:10/G66X1912230CN00DQX/V11.0.0.0.QG66XCN:user/release-keys	2019-10-01		
nubia	nubia	Red Magic 5G lite	NX651J	NX651J-EEA	NX651J-EEA	10	QKQ1.200503.002	nubia.20201024.084248	nubia/NX651J-EEA/NX651J-EEA:10/QKQ1.200503.002/nubia.20201024.084248:user/release-keys	2020-10-01	lito	lito
Sony	Sony	Xperia 10	I4193	I4193	I4193	10	53.1.A.3.85	053001A003008502135191194	Sony/I4193/I4193:10/53.1.A.3.85/053001A003008502135191194:user/release-keys			
Sony	Sony	Xperia 5	J9210_RU	J9210	J9210_RU	10	55.1.A.9.52	055001A009005201481357772	Sony/J9210_RU/J9210:10/55.1.A.9.52/055001A009005201481357772:user/release-keys			
asus	asus	ZenFone 7 / 7 Pro (ZS670KS/ZS671KS)	EU_I002D	ASUS_I002D	EU_I002D	10	QKQ1.200127.002	29.14.53.5_20201111	asus/EU_I002D/ASUS_I002D:10/QKQ1.200127.002/29.14.53.5_20201111:user/release-keys			
asus	asus	ZenFone Max M1 (ZB556KL) / ZenFone Max M1/M2/M3 (ZB555KL)	WW_X00PD	ASUS_X00P_1	WW_X00PD	10	QKQ1.191002.002	17.00.2003.23-20200401	asus/WW_X00PD/ASUS_X00P_1:10/QKQ1.191002.002/17.00.2003.23-20200401:user/release-keys			
asus	asus	ZenFone 5Z (ZS620KL) (WW) / 5Z (ZS621KL) (IN)	WW_Z01R	ASUS_Z01R_1	WW_Z01R	10	QKQ1.190723.002	WW_100.03.7.34_20190830	asus/WW_Z01R/ASUS_Z01R_1:10/QKQ1.190723.002/WW_100.03.7.34_20190830:user/release-keys			
Infinix	Infinix	Infinix HOT 9 Pro	Infinix X655F	Infinix-X655F	X655F-IN	10	QP1A.190711.020	E-200102V108	Infinix/X655F-IN/Infinix-X655F:10/QP1A.190711.020/E-200102V108:user/release-keys	2019-11-05		
Infinix	Infinix	SMART 5	Infinix X657C	Infinix-X657C	X657C-GL	10	QP1A.190711.020	GH-GL-220821V327	Infinix/X657C-GL/Infinix-X657C:10/QP1A.190711.020/GH-GL-220821V327:user/release-keys	2022-08-01		
Infinix	Infinix	Infinix SMART 4 Plus	Infinix X680D	Infinix-X680D	X680D-IN	10	QP1A.190711.020	J-AS-200614V138	Infinix/X680D-IN/Infinix-X680D:10/QP1A.190711.020/J-AS-200614V138:user/release-keys	2020-04-05		
Infinix	Infinix	HOT 10	Infinix X682C	Infinix-X682C	X682C-GL	10	QP1A.190711.020	201109V260	Infinix/X682C-GL/Infinix-X682C:10/QP1A.190711.020/201109V260:user/release-keys	2020-10-05	mt6768	mt6768
Infinix	Infinix	NOTE 7	Infinix X690	Infinix-X690	X690-GL	10	QP1A.190711.020	BCFG-GL-220215V382	Infinix/X690-GL/Infinix-X690:10/QP1A.190711.020/BCFG-GL-220215V382:user/release-keys	2022-02-05		
TCL	TCL	TCL A2X	A508DL	Tokyo_TF	A508DL	10	QP1A.190711.020	vC4T-0	TCL/A508DL/Tokyo_TF:10/QP1A.190711.020/vC4T-0:user/release-keys	2019-10-05		
TECNO	TECNO	CAMON 15 Air	TECNO CD6	TECNO-CD6	CD6-OP	10	QP1A.190711.020	HJO-OP-210322V292	TECNO/CD6-OP/TECNO-CD6:10/QP1A.190711.020/HJO-OP-210322V292:user/release-keys	2021-03-05		
TECNO	TECNO	SPARK 3 Pro	TECNO KB8	TECNO-KB8	H624	10	QP1A.190404.002	BNPQ-190427V133	TECNO/H624/TECNO-KB8:10/QP1A.190404.002/BNPQ-190427V133:user/release-keys	2019-05-05		
lge	lge	LG G7 ThinQ	LM-G710	judyln	judyln_lao_com	10	QKQ1.191222.002	203181146b00d	lge/judyln_lao_com/judyln:10/QKQ1.191222.002/203181146b00d:user/release-keys	2020-11-01		
lge	lge	LG V35 ThinQ	LM-V350N	judyp	judyp_lao_com	10	QKQ1.191222.002	2127217366356	lge/judyp_lao_com/judyp:10/QKQ1.191222.002/2127217366356:user/release-keys	2021-01-01		
lge	lge	V40 ThinQ	LM-V405	judypn	judypn_lao_com	10	QKQ1.191222.002	2225217090e9f	lge/judypn_lao_com/judypn:10/QKQ1.191222.002/2225217090e9f:user/release-keys	2020-12-01		
lge	lge	G8X ThinQ	LM-G850	mh2lm	mh2lm	10	QKQ1.200216.002	2027919104908	lge/mh2lm/mh2lm:10/QKQ1.200216.002/2027919104908:user/release-keys	2020-09-01		
lge	lge	Aristo 4+	LM-X320	mh5lm	mh5lm	10	QKQ1.200308.002	2012019078fe8	lge/mh5lm/mh5lm:10/QKQ1.200308.002/2012019078fe8:user/release-keys	2020-05-01		
lge	lge	LG style3	L-41A	L-41A	style3lm_dcm_jp	10	QKQ1.200308.002	2012901066540	lge/style3lm_dcm_jp/L-41A:10/QKQ1.200308.002/2012901066540:user/release-keys	2020-05-01		
lge	lge	LG V35 ThinQ	LM-V350	judyp	judyp_lao_com	10	QKQ1.191222.002	2102515440279	lge/judyp_lao_com/judyp:10/QKQ1.191222.002/2102515440279:user/release-keys			
lge	lge	LG G7 One	LM-Q910	phoenix_sprout	phoenix_sb_jp	10	QKQ1.190918.001	8998100201001	lge/phoenix_sb_jp/phoenix_sprout:10/QKQ1.190918.001/8998100201001:user/release-keys			
AIDATA	AIDATA	ADT1061	ADT1061	ADT1061	ADT1061	10	QP1A.190711.020	2216	AIDATA/ADT1061/ADT1061:10/QP1A.190711.020/2216:user/release-keys	2021-02-05		
ALIGATOR	ALIGATOR	ALIGATOR S6500	ALIGATOR_S6500_EEA	ALIGATOR_S6500	ALIGATOR_S6500_EEA	10	QP1A.190711.020	mp1V977	ALIGATOR/ALIGATOR_S6500_EEA/ALIGATOR_S6500:10/QP1A.190711.020/mp1V977:user/release-keys	2020-06-05		
ATT	ATT	U318AA	U318AA	U318AA	U318AA	10	QP1A.190711.020	1587454740	ATT/U318AA/U318AA:10/QP1A.190711.020/1587454740:user/release-keys	2020-04-05		
ATT	ATT	U325AC	U325AC	U325AC	U325AC	10	QP1A.190711.020	1590118216	ATT/U325AC/U325AC:10/QP1A.190711.020/1590118216:user/release-keys	2020-05-05		
ATT	ATT	U705AA	U705AA	U705AA	U705AA	10	QP1A.190711.020	1593412500	ATT/U705AA/U705AA:10/QP1A.190711.020/1593412500:user/release-keys	2020-06-05		
BLU	BLU	G90	G90	G0310WW	G90	10	QP1A.190711.020	1630901193	BLU/G90/G0310WW:10/QP1A.190711.020/1630901193:user/release-keys	2021-09-05		
Blackview	Blackview	A80Pro	A80Pro_EEA	A80Pro	A80Pro_EEA	10	QP1A.190711.020	1615542118	Blackview/A80Pro_EEA/A80Pro:10/QP1A.190711.020/1615542118:user/release-keys	2021-02-05		
CUBOT	CUBOT	X30	X30_EEA	X30	X30_EEA	10	QP1A.190711.020	20200603	CUBOT/X30_EEA/X30:10/QP1A.190711.020/20200603:user/release-keys	2020-06-05		
ClearCellular	ClearCellular	ClearPHONE_420	ClearPHONE_420	ClearPHONE_420	ClearPHONE_420	10	QP1A.190711.020	1593385191	ClearCellular/ClearPHONE_420/ClearPHONE_420:10/QP1A.190711.020/1593385191:user/release-keys	2020-04-05		
ClearCellular	ClearCellular	ClearPHONE_620	ClearPHONE_620	ClearPHONE_620	ClearPHONE_620	10	QP1A.190711.020	1658513500	ClearCellular/ClearPHONE_620/ClearPHONE_620:10/QP1A.190711.020/1658513500:user/release-keys	2020-06-05		
Cricket	Cricket	U325AC	U325AC	U325AC	U325AC	10	QP1A.190711.020	1593679502	Cricket/U325AC/U325AC:10/QP1A.190711.020/1593679502:user/release-keys	2020-06-05		
Cricket	Cricket	U705AC	U705AC	U705AC	U705AC	10	QP1A.190711.020	1593415980	Cricket/U705AC/U705AC:10/QP1A.190711.020/1593415980:user/release-keys	2020-06-05		
DJI	DJI	DJI RC Pro	DJI RC Pro	rm510	rm510	10	V03.06.01.66	166	DJI/rm510/rm510:10/V03.06.01.66/166:user/release-keys	2020-08-05	kona	kona
EVOFORCE1	EVOFORCE1	FRC1-RCN	FRC1-RCN	SEI800RCN	SEI800RCN	10	QTT8.201201.004	6763	EVOFORCE1/SEI800RCN/SEI800RCN:10/QTT8.201201.004/6763:user/release-keys	2023-07-05		
Getac	Getac	ZX70G2	zx70g2_LTE	zx70g2	zx70g2_LTE	10	QKQ1.200506.002	Z2001ED_LTE	Getac/zx70g2_LTE/zx70g2:10/QKQ1.200506.002/Z2001ED_LTE:user/release-keys	2021-12-01		
Gigaset	Gigaset	GS290	GS290_EEA	GS290	GS290_EEA	10	QP1A.190711.020	1676368022	Gigaset/GS290_EEA/GS290:10/QP1A.190711.020/1676368022:user/release-keys	2023-02-01		
Gigaset	Gigaset	Gigaset GS3	E940-2766-00	GS3	GS3_EEA	10	QP1A.190711.020	202302210925	Gigaset/GS3_EEA/GS3:10/QP1A.190711.020/202302210925:user/release-keys	2023-02-05		
JingPad	JingPad	JingPad C1	JingPad C1	ud710_3h10u	ud710_3h10u_native	10	QP1A.190711.020	44110	JingPad/ud710_3h10u_native/ud710_3h10u:10/QP1A.190711.020/44110:user/release-keys	2021-08-05		
KDDI	KDDI	Galaxy S9	SCV38_jp_kdi	SCV38	SCV38_jp_kdi	10	QP1A.190711.020	SCV38KDU1CUF3	KDDI/SCV38_jp_kdi/SCV38:10/QP1A.190711.020/SCV38KDU1CUF3:user/release-keys	2021-06-01		
KYOCERA	KYOCERA	BASIO4	KYV47_jp_kdi	KYV47	KYV47_jp_kdi	10	1.060HA.0124.a	1.060HA.0124.a	KYOCERA/KYV47_jp_kdi/KYV47:10/1.060HA.0124.a/1.060HA.0124.a:user/release-keys	2020-09-01		
LitByLeia	LitByLeia	LUME	LPD-10W	LPD-10W	LPD-10W	10	QKQ1.200308.002	LUME_UI_1.2.6_LPD10_RoW	LitByLeia/LPD-10W/LPD-10W:10/QKQ1.200308.002/LUME_UI_1.2.6_LPD10_RoW:user/release-keys	2020-11-01	sdm845	sdm845
Meitu	Meitu	MI CC 9 Meitu Edition	MI CC 9 Meitu Edition	vela	vela	10	QKQ1.190828.002	9.12.5	Meitu/vela/vela:10/QKQ1.190828.002/9.12.5:user/release-keys	2019-11-01		
SHARP	SHARP	SHARP AQUOS S3	FS8032	HH6_sprout	FS8032_00A0	10	QKQ1.190828.002	FS8032T0225Q	SHARP/FS8032_00A0/HH6_sprout:10/QKQ1.190828.002/FS8032T0225Q:user/release-keys	2020-03-01		
Symphony	Symphony	Z28	Z28	Z28	Z28	10	QP1A.190711.020	91	Symphony/Z28/Z28:10/QP1A.190711.020/91:user/release-keys	2020-10-05		
TECLAST	TECLAST	M40_EEA	M40_EEA	M40_EEA	M40_EEA	10	QP1A.190711.020	35666	TECLAST/M40_EEA/M40_EEA:10/QP1A.190711.020/35666:user/release-keys	2020-09-01		
UMIDIGI	HXY	A7S	A7S_EEA	A7S	A7S_EEA	10	QP1A.190711.020	2010131237	UMIDIGI/A7S_EEA/A7S:10/QP1A.190711.020/2010131237:user/release-keys	2020-09-05		
UMIDIGI	UMIDIGI	A7	A7	A7_EEA	A7_EEA	10	QP1A.190711.020	2008201806	UMIDIGI/A7_EEA/A7_EEA:10/QP1A.190711.020/2008201806:user/release-keys	2020-08-05		
UMIDIGI	UMIDIGI	A7PRO	A7_Pro_EEA	A7_Pro	A7_Pro_EEA	10	QP1A.190711.020	2004301546	UMIDIGI/A7_Pro_EEA/A7_Pro:10/QP1A.190711.020/2004301546:user/release-keys	2020-04-05		
UMIDIGI	HXY	A9Pro	A9_Pro_EEA	A9_Pro	A9_Pro_EEA	10	QP1A.190711.020	2011211821	UMIDIGI/A9_Pro_EEA/A9_Pro:10/QP1A.190711.020/2011211821:user/release-keys	2020-11-05		
UMIDIGI	HXY	BISON	BISON_EEA	BISON	BISON_EEA	10	QP1A.190711.020	2010221715	UMIDIGI/BISON_EEA/BISON:10/QP1A.190711.020/2010221715:user/release-keys	2020-09-05		
UMIDIGI	UMIDIGI	F2	F2	F2	F2	10	QP1A.190711.020	1574406670	UMIDIGI/F2/F2:10/QP1A.190711.020/1574406670:user/release-keys	2019-10-05		
UMIDIGI	UMIDIGI	F2	F2_EEA	F2	F2_EEA	10	QP1A.190711.020	1585020952	UMIDIGI/F2_EEA/F2:10/QP1A.190711.020/1585020952:user/release-keys	2020-03-05		
Ulefone	Ulefone	Armor 10 5G	Armor_10_5G_EEA	Armor_10_5G	Armor_10_5G_EEA	10	QP1A.190711.020	1606878559	Ulefone/Armor_10_5G_EEA/Armor_10_5G:10/QP1A.190711.020/1606878559:user/release-keys	2020-11-05		
Unihertz	Unihertz	Atom_L	Atom_L	Atom_L	Atom_L	10	QP1A.190711.020	root.20200925.171920	Unihertz/Atom_L/Atom_L:10/QP1A.190711.020/root.20200925.171920:user/release-keys	2020-09-05		
askey	askey	4K TV Device	4K TV Device	deadpool	deadpool	10	QT	jie.yuan12311402	askey/deadpool/deadpool:10/QT/jie.yuan12311402:user/release-keys	2019-11-05		
bq	bq	Aquaris X2	Aquaris X2	zangya_sprout	zangya_bq	10	QKQ1.200216.002	617	bq/zangya_bq/zangya_sprout:10/QKQ1.200216.002/617:user/release-keys	2020-10-01		
bq	bq	Aquaris X2 PRO	Aquaris X2 Pro	zangyapro_sprout	zangyapro_bq	10	QKQ1.200216.002	437	bq/zangyapro_bq/zangyapro_sprout:10/QKQ1.200216.002/437:user/release-keys	2020-07-01		
eSTREAM4K	eSTREAM4K	Pyxis-ABB	Pyxis-ABB	SEI500ABB	SEI500ABB	10	QTT8.201201.004	5330	eSTREAM4K/SEI500ABB/SEI500ABB:10/QTT8.201201.004/5330:user/release-keys	2022-04-05		
essential	essential	PH-1	PH-1	mata	mata	10	QQ1A.200105.032	540	essential/mata/mata:10/QQ1A.200105.032/540:user/release-keys	2020-02-05		
oculus	oculus	Quest	Quest	monterey	vr_monterey	10	QQ3A.200805.001	49845030259200400	oculus/vr_monterey/monterey:10/QQ3A.200805.001/49845030259200400:user/release-keys	2022-09-05		
onn	onn	onn_100003561	100003561	mid8011	100003561	10	QP1A.190711.020	kanghua20022910	onn/100003561/mid8011:10/QP1A.190711.020/kanghua20022910:user/release-keys	2020-01-05		
surface	surface	DUO	Surface Duo	duo	duo	10	2020.1014.61	202010140061	surface/duo/duo:10/2020.1014.61/202010140061:user/release-keys	2020-11-05		
vsmart	vsmart	Live	Live	V620A	V620A_open	10	QKQ1.191215.002	V620A_OPN_U_B14_210717	vsmart/V620A_open/V620A:10/QKQ1.191215.002/V620A_OPN_U_B14_210717:user/release-keys	2021-07-01		
vsmart	vsmart	Joy 3	Joy 3	casuarina	casuarina_open	10	QKQ1.200311.002	V430A_OPN_U_B13_210315	vsmart/casuarina_open/casuarina:10/QKQ1.200311.002/V430A_OPN_U_B13_210315:user/release-keys	2021-03-01		
vsmart	vsmart	Aris	Aris	jacaranda	jacaranda_open	10	QKQ1.200301.002	V740A_OPN_U_A2_200917	vsmart/jacaranda_open/jacaranda:10/QKQ1.200301.002/V740A_OPN_U_A2_200917:user/release-keys	2020-09-01		
vsmart	vsmart	Bee Lite	Bee Lite	rice	rice_vtt	10	QKQ1.200512.002	V140A_VTT_U_A2_201027	vsmart/rice_vtt/rice:10/QKQ1.200512.002/V140A_VTT_U_A2_201027:user/release-keys	2020-09-01		
SHIFT	SHIFT	Xiaomi Watch 2 Pro	SHIFT6mq	axolotl	axolotl	10	QKQ1.201126.002	20210211	SHIFT/axolotl/axolotl:10/QKQ1.201126.002/20210211:user/release-keys	2021-03-05		
bq	bq	Aquaris X2	Aquaris X2	zangya_sprout	zangya_bq	10	QKQ1.200216.002	526	bq/zangya_bq/zangya_sprout:10/QKQ1.200216.002/526:user/release-keys			
bq	bq	Aquaris X2 PRO	Aquaris X2 Pro	zangyapro_sprout	zangyapro_bq	10	QKQ1.200216.002	375	bq/zangyapro_bq/zangyapro_sprout:10/QKQ1.200216.002/375:user/release-keys			
essential	essential	PH-1	PH-1	mata	mata	10	QP1A.190502.046	241	essential/mata/mata:10/QP1A.190502.046/241:user/release-keys			
vsmart	vsmart	Live	V620A_open	V620A	V620A_open	10	QKQ1.191215.002	V620A_OPN_U_B13_210303	vsmart/V620A_open/V620A:10/QKQ1.191215.002/V620A_OPN_U_B13_210303:user/release-keys			
Nokia	Unkown	AOP	AOP	fih_sdm845	Beholder_00WW	9	PPR1.180610.011	00WW_4_27D	Nokia/Beholder_00WW/fih_sdm845:9/PPR1.180610.011/00WW_4_27D:user/release-keys	2019-08-01		
Nokia	FIH	Nokia 5.1	Nokia 5.1	CO2_sprout	Core2_00WW	9	PPR1.180610.011	00WW_3_25B	Nokia/Core2_00WW/CO2_sprout:9/PPR1.180610.011/00WW_3_25B:user/release-keys	2019-08-05		
Nokia	FIH	Nokia X6	Nokia X6	DRG	Dragon_00CN	9	PPR1.180610.011	00CN_3_47C	Nokia/Dragon_00CN/DRG:9/PPR1.180610.011/00CN_3_47C:user/release-keys	2019-01-01		
Nokia	Nokia	Nokia 8	NB1_00WW_FIH	NB1	NB1_00WW_FIH	9	PPR1.180610.011	00WW_5_150	Nokia/NB1_00WW_FIH/NB1:9/PPR1.180610.011/00WW_5_150:user/release-keys	2019-04-01		
Nokia	alps	Nokia 3	NE1_00WW_FIH	NE1	NE1_00WW_FIH	9	PPR1.180610.011	00WW_5_180	Nokia/NE1_00WW_FIH/NE1:9/PPR1.180610.011/00WW_5_180:user/release-keys	2019-10-05		
Nokia	HMD Global	Nokia C2	Nokia C2	NBL	Nebula_00WW	9	PPR1.180610.011	00WW_1_140	Nokia/Nebula_00WW/NBL:9/PPR1.180610.011/00WW_1_140:user/release-keys	2021-12-05		
Nokia	Unkown	Nokia 6.1	FIH	PL2_sprout	Plate2_00WW	9	PPR1.180610.011	00WW_3_54E	Nokia/Plate2_00WW/PL2_sprout:9/PPR1.180610.011/00WW_3_54E:user/release-keys	2019-06-01	sdm660	sdm660
Nokia	HMD Global	Nokia C1	Nokia C1	RKU	Rocket_00WW	9	PPR1.180610.011	00WW_1_070	Nokia/Rocket_00WW/RKU:9/PPR1.180610.011/00WW_1_070:user/release-keys	2019-12-05		
Nokia	FIH	Nokia 6	FIH-D1C-FIH	D1C	TA-1000_00CN	9	PKQ1.181105.001	00CN_6_12H	Nokia/TA-1000_00CN/D1C:9/PKQ1.181105.001/00CN_6_12H:user/release-keys	2019-02-01		
Nokia	FIH	Nokia 6	D1C	PLE	TA-1021_00WW	9	PKQ1.181105.001	00WW_6_19B	Nokia/TA-1021_00WW/PLE:9/PKQ1.181105.001/00WW_6_19B:user/release-keys	2019-10-01		
Nokia	FIH	Nokia 5	D1C	ND1	TA-1024_00WW	9	PKQ1.181105.001	00WW_6_19B	Nokia/TA-1024_00WW/ND1:9/PKQ1.181105.001/00WW_6_19B:user/release-keys	2019-10-01		
Nokia	FIH	Nokia X71	Nokia X71	TAS	Taishan_00WW	9	PPR1.180610.011	00WW_1_18F	Nokia/Taishan_00WW/TAS:9/PPR1.180610.011/00WW_1_18F:user/release-keys	2019-03-01		
OnePlus	OnePlus	3	OnePlus3	OnePlus3	OnePlus3	9	PKQ1.181203.001	1903190014	OnePlus/OnePlus3/OnePlus3:9/PKQ1.181203.001/1903190014:user/release-keys	2019-03-01		
OnePlus	OnePlus	OnePlus3T	OnePlus3	OnePlus3T	OnePlus3	9	PKQ1.181203.001	1903190014	OnePlus/OnePlus3/OnePlus3T:9/PKQ1.181203.001/1903190014:user/release-keys	2019-03-01		
Xiaomi	Xiaomi	Formovie Laser TV 4K Cinema	MiProjL1	angleeUHD	angleeUHD	9	PQ3B.190705.003	2978	Xiaomi/angleeUHD/angleeUHD:9/PQ3B.190705.003/2978:user/release-keys	2021-09-05		
Xiaomi	Xiaomi	Mi TV Stick	MiTV-AESP0	aquaman	aquaman	9	PI	1241	Xiaomi/aquaman/aquaman:9/PI/1241:user/release-keys	2021-03-05		
Xiaomi	Xiaomi	MIX2	MIX 2	chiron	chiron	9	PKQ1.190118.001	V12.0.1.0.PDECNXM	Xiaomi/chiron/chiron:9/PKQ1.190118.001/V12.0.1.0.PDECNXM:user/release-keys	2019-09-01		
Xiaomi	Xiaomi	MiTV	MiTV-AXSO0	dangal	dangal	9	PI	6036	Xiaomi/dangal/dangal:9/PI/6036:user/release-keys	2021-06-05		
Xiaomi	Xiaomi	MiTV	MiTV4I	magnolia	magnolia	9	PI	2961	Xiaomi/magnolia/magnolia:9/PI/2961:user/release-keys	2019-08-05		
Xiaomi	Xiaomi	MiTV-ASTP0	MiTV-ASTP0	mulan	mulan	9	PPR1.180610.011	3521	Xiaomi/mulan/mulan:9/PPR1.180610.011/3521:user/release-keys	2021-02-01		
Xiaomi	Xiaomi	MiTV	MiTV-MSSP1	nino	nino	9	PI	5925	Xiaomi/nino/nino:9/PI/5925:user/release-keys	2021-01-05		
Xiaomi	Xiaomi	TELEBEE	MIBOX3	once	once	9	PI	3575	Xiaomi/once/once:9/PI/3575:user/release-keys	2021-03-05		
google	Harman TV	JBL link bar	JBL LINK BAR	atom	atom	9	PTD1.190610.002.A9	5803026	google/atom/atom:9/PTD1.190610.002.A9/5803026:user/release-keys	2019-07-05		
google	Google	Mediatek MT8183 Tablet	Mediatek MT8183 Tablet	kukui_cheets	kukui	9	R89-13729.72.0	7228099	google/kukui/kukui_cheets:9/R89-13729.72.0/7228099:user/release-keys	2021-03-05		
motorola	motorola	moto e6 play	moto e6 play	bali	bali	9	POA29.475-52	88236	motorola/bali/bali:9/POA29.475-52/88236:user/release-keys	2019-09-05		
motorola	motorola	moto g(8) power lite	moto g(8) power lite	blackjack	blackjack_64	9	POD29.345-25	e7523	motorola/blackjack_64/blackjack:9/POD29.345-25/e7523:user/release-keys	2020-03-05		
motorola	motorola	Lenovo K11	Lenovo K11	fiji	fiji	9	POB29.288-18	4ed0e	motorola/fiji/fiji:9/POB29.288-18/4ed0e:user/release-keys	2020-05-05		
motorola	motorola	moto e⁶ plus	moto e(6) plus	pokerp	pokerp	9	PTA29.307	307	motorola/pokerp/pokerp:9/PTA29.307/307:user/release-keys	2019-06-05		
motorola	motorola	Lenovo K10	Lenovo K10	pokerp	pokerp_k10_64	9	PTB29.425-22	22	motorola/pokerp_k10_64/pokerp:9/PTB29.425-22/22:user/release-keys	2019-08-05		
motorola	motorola	moto e6s	moto e(6s)	pokerp	pokerp_retin_64	9	PTB29.401-25	25	motorola/pokerp_retin_64/pokerp:9/PTB29.401-25/25:user/release-keys	2019-10-01		
samsung	samsung	Galaxy A10e	SM-A102U	a10e	a10esq	9	PPR1.180610.011	A102USQU2ASI1	samsung/a10esq/a10e:9/PPR1.180610.011/A102USQU2ASI1:user/release-keys	2019-09-01		
samsung	samsung	Galaxy A10e	SM-A102U1	a10e	a10eue	9	PPR1.180610.011	A102U1UES4ASK1	samsung/a10eue/a10e:9/PPR1.180610.011/A102U1UES4ASK1:user/release-keys	2019-11-01		
samsung	samsung	Galaxy A10	SM-A105FN	a10	a10xx	9	PPR1.180610.011	A105FNXXU2ASK5	samsung/a10xx/a10:9/PPR1.180610.011/A105FNXXU2ASK5:user/release-keys	2019-10-01		
samsung	samsung	Galaxy A20	SM-A205W	a20	a20cs	9	PPR1.180610.011	A205WVLU3ASK2	samsung/a20cs/a20:9/PPR1.180610.011/A205WVLU3ASK2:user/release-keys	2019-11-01		
samsung	samsung	Galaxy A20	SM-A205G	a20	a20ub	9	PPR1.180610.011	A205GUBU4ASK2	samsung/a20ub/a20:9/PPR1.180610.011/A205GUBU4ASK2:user/release-keys	2019-11-01		
samsung	samsung	Galaxy A30s	SM-A307FN	a30s	a30sxx	9	PPR1.180610.011	A307FNXXU2ASL1	samsung/a30sxx/a30s:9/PPR1.180610.011/A307FNXXU2ASL1:user/release-keys	2019-11-01		
samsung	samsung	Galaxy A70s	SM-A707F	a70s	a70sdd	9	PPR1.180610.011	A707FDDU1ASI6	samsung/a70sdd/a70s:9/PPR1.180610.011/A707FDDU1ASI6:user/release-keys	2019-09-01		
samsung	samsung	Galaxy Note9	SM-N960U	crownqltesq	crownqltesq	9	PPR1.180610.011	N960USQS3CSJ1	samsung/crownqltesq/crownqltesq:9/PPR1.180610.011/N960USQS3CSJ1:user/release-keys	2018-06-05	sdm845	sdm845
samsung	samsung	Galaxy Note10	SM-N970U	d1q	d1qsq	9	PPR1.180610.011	N970USQS2ASJ8	samsung/d1qsq/d1q:9/PPR1.180610.011/N970USQS2ASJ8:user/release-keys	2019-11-01		
samsung	samsung	Galaxy Note10+ 5G	SM-N976Q	d2xq	d2xqjx	9	PPR1.180610.011	N976QXXU2ASK3	samsung/d2xqjx/d2xq:9/PPR1.180610.011/N976QXXU2ASK3:user/release-keys	2019-11-01		
samsung	samsung	Galaxy Note Fan Edition	SM-N935F	gracerlte	gracerltexx	9	PPR1.180610.011	N935FXXS7CTJ2	samsung/gracerltexx/gracerlte:9/PPR1.180610.011/N935FXXS7CTJ2:user/release-keys	2020-11-01		
samsung	samsung	Galaxy Note8	SM-N950W	greatqltecs	greatqltecs	9	PPR1.180610.011	N950WVLU7DSK3	samsung/greatqltecs/greatqltecs:9/PPR1.180610.011/N950WVLU7DSK3:user/release-keys	2019-11-01		
samsung	samsung	Galaxy Note8	SM-N9500	greatqltechn	greatqltezc	9	PPR1.180610.011	N9500ZCS5DSJ3	samsung/greatqltezc/greatqltechn:9/PPR1.180610.011/N9500ZCS5DSJ3:user/release-keys	2019-10-01		
samsung	samsung	Galaxy J3 Pro	SM-J330G	j3y17lte	j3y17ltedx	9	PPR1.180610.011	J330GDXS3CUD1	samsung/j3y17ltedx/j3y17lte:9/PPR1.180610.011/J330GDXS3CUD1:user/release-keys	2021-04-01		
samsung	samsung	Galaxy J3(2017)	SM-J330F	j3y17lte	j3y17lteser	9	PPR1.180610.011	J330FXWS3CTE2	samsung/j3y17lteser/j3y17lte:9/PPR1.180610.011/J330FXWS3CTE2:user/release-keys	2020-05-01		
samsung	samsung	Galaxy J4+	SM-J415FN	j4primelte	j4primeltecis	9	PPR1.180610.011	J415FNXXU2BSDL	samsung/j4primeltecis/j4primelte:9/PPR1.180610.011/J415FNXXU2BSDL:user/release-keys	2018-06-05	msm8937	msm8937
samsung	samsung	Galaxy J4+	SM-J415GN	j4primelte	j4primeltextc	9	PPR1.180610.011	J415GNDXU2BSDJ	samsung/j4primeltextc/j4primelte:9/PPR1.180610.011/J415GNDXU2BSDJ:user/release-keys	2018-06-05	msm8937	msm8937
samsung	samsung	Galaxy J7 Pro	SM-J730GM	j7y17lte	j7y17ltextc	9	PPR1.180610.011	J730GMDXUCCWD2	samsung/j7y17ltextc/j7y17lte:9/PPR1.180610.011/J730GMDXUCCWD2:user/release-keys	2021-05-01		
samsung	samsung	Galaxy J7	SM-J730F	j7y17lte	j7y17ltexx	9	PPR1.180610.011	J730FXWU8CUG1	samsung/j7y17ltexx/j7y17lte:9/PPR1.180610.011/J730FXWU8CUG1:user/release-keys	2021-05-01		
samsung	samsung	Galaxy A8(2018)	SM-A530F	jackpotlte	jackpotltexx	9	PPR1.180610.011	A530FXXS8CSK2	samsung/jackpotltexx/jackpotlte:9/PPR1.180610.011/A530FXXS8CSK2:user/release-keys	2019-11-01		
samsung	samsung	Galaxy M30s	SM-M307F	m30s	m30sdd	9	PPR1.180610.011	FA90_M307FXXU2ASK2	samsung/m30sdd/m30s:9/PPR1.180610.011/FA90_M307FXXU2ASK2:user/release-keys	2019-07-01		
samsung	samsung	Galaxy M40	SM-M405F	m40	m40dd	9	PPR1.180610.011	M405FDDS2ASL2	samsung/m40dd/m40:9/PPR1.180610.011/M405FDDS2ASL2:user/release-keys	2019-12-01		
samsung	samsung	Galaxy S9+	SM-G965W	star2qltecs	star2qltecs	9	PPR1.180610.011	G965WVLS7CSK1	samsung/star2qltecs/star2qltecs:9/PPR1.180610.011/G965WVLS7CSK1:user/release-keys	2018-06-05	sdm845	sdm845
samsung	samsung	Galaxy S9	SM-G960U1	starqlteue	starqlteue	9	PPR1.180610.011	G960U1UEU6CSH7	samsung/starqlteue/starqlteue:9/PPR1.180610.011/G960U1UEU6CSH7:user/release-keys	2018-06-05	sdm845	sdm845
samsung	samsung	Galaxy Fold	SM-F900U1	winner	winnerlteue	9	PPR1.180610.011	F900U1UES2ASK1	samsung/winnerlteue/winner:9/PPR1.180610.011/F900U1UES2ASK1:user/release-keys	2019-11-01		
samsung	samsung	Galaxy Fold	SM-F900F	winner	winnerltexx	9	PPR1.180610.011	F900FXXS2ASKC	samsung/winnerltexx/winner:9/PPR1.180610.011/F900FXXS2ASKC:user/release-keys	2019-12-01		
samsung	samsung	Galaxy XCover4	SM-G390F	xcover4lte	xcover4ltexx	9	PPR1.180610.011	G390FXXS6CTI3	samsung/xcover4ltexx/xcover4lte:9/PPR1.180610.011/G390FXXS6CTI3:user/release-keys	2019-06-01		
vivo	vivo	vivo 1723	vivo 1723	1723	1723	9	PKQ1.190118.001	compiler09272117	vivo/1723/1723:9/PKQ1.190118.001/compiler09272117:user/release-keys	2019-09-01		
vivo	vivo	vivo 1725	vivo 1725	1725	1725	9	PKQ1.180819.001	compiler08171935	vivo/1725/1725:9/PKQ1.180819.001/compiler08171935:user/release-keys	2019-08-01		
vivo	vivo	vivo 1727	vivo 1727	1727	1727	9	PKQ1.190118.001	compiler08072311	vivo/1727/1727:9/PKQ1.190118.001/compiler08072311:user/release-keys	2019-07-01		
vivo	vivo	vivo 1804	vivo 1804	1804	1804	9	PKQ1.180819.001	compiler07042010	vivo/1804/1804:9/PKQ1.180819.001/compiler07042010:user/release-keys	2019-06-01		
vivo	vivo	vivo 1806	vivo 1806	1806	1806	9	PPR1.180610.011	compiler01061539	vivo/1806/1806:9/PPR1.180610.011/compiler01061539:user/release-keys	2019-12-05		
vivo	vivo	vivo 1818	vivo 1818	1818	1818	9	PKQ1.181203.001	compiler05071925	vivo/1818/1818:9/PKQ1.181203.001/compiler05071925:user/release-keys	2019-03-01		
vivo	vivo	vivo 1819	vivo 1819	1819	1819	9	P00610	compiler01022009	vivo/1819/1819:9/P00610/compiler01022009:user/release-keys	2019-12-05		
vivo	vivo	vivo 1819	vivo 1819	1819	1819	9	PPR1.180610.011	compiler03041122	vivo/1819/1819:9/PPR1.180610.011/compiler03041122:user/release-keys	2019-01-05	mt6771	mt6771
vivo	vivo	vivo 1901	vivo 1901	1901	1901	9	PPR1.180610.011	compiler07162146	vivo/1901/1901:9/PPR1.180610.011/compiler07162146:user/release-keys	2019-07-05		
vivo	vivo	vivo 2010	vivo 1902	1902	1902	9	PPR1.180610.011	compiler08172324	vivo/1902/1902:9/PPR1.180610.011/compiler08172324:user/release-keys	2019-07-05		
vivo	vivo	Y17	vivo 1902	1902D	1902D	9	PPR1.180610.011	compiler07162138	vivo/1902D/1902D:9/PPR1.180610.011/compiler07162138:user/release-keys	2019-07-05		
vivo	vivo	vivo 1906	vivo 1906	1906	1906	9	PKQ1.190616.001	compiler02142116	vivo/1906/1906:9/PKQ1.190616.001/compiler02142116:user/release-keys	2020-01-01		
vivo	vivo	vivo  1907	vivo 1907	1907	1907	9	PPR1.180610.011	compiler03070953	vivo/1907/1907:9/PPR1.180610.011/compiler03070953:user/release-keys	2020-01-05		
vivo	vivo	vivo 1909	vivo 1909	1909	1909	9	PKQ1.190302.001	compiler07110110	vivo/1909/1909:9/PKQ1.190302.001/compiler07110110:user/release-keys	2020-06-01		
vivo	vivo	vivo 1915	vivo 1915	1915	1915	9	PPR1.180610.011	compiler12172121	vivo/1915/1915:9/PPR1.180610.011/compiler12172121:user/release-keys	2019-12-05		
vivo	vivo	vivo 1917	vivo 1917	1917	1917	9	PKQ1.181030.001	compiler02111525	vivo/1917/1917:9/PKQ1.181030.001/compiler02111525:user/release-keys	2020-01-01		
vivo	vivo	N60Pro	vivo 1919	1919	1919	9	PKQ1.190302.001	compiler01092239	vivo/1919/1919:9/PKQ1.190302.001/compiler01092239:user/release-keys	2019-12-01		
vivo	vivo	V2024	V1937	1920	1920N	9	PKQ1.190626.001	compiler01211737	vivo/1920N/1920:9/PKQ1.190626.001/compiler01211737:user/release-keys	2019-12-01		
vivo	vivo	Z1 Pro	vivo 1951	1951	1951	9	PKQ1.181030.001	compiler07260016	vivo/1951/1951:9/PKQ1.181030.001/compiler07260016:user/release-keys	2019-06-01		
vivo	vivo	Z1	vivo Z1	PD1730C	PD1730C	9	PKQ1.180819.001	compiler07191246	vivo/PD1730C/PD1730C:9/PKQ1.180819.001/compiler07191246:user/release-keys	2019-06-01		
vivo	vivo	vivo  X21i  A	vivo PD1801	PD1801	PD1801	9	P00610	compiler04071825	vivo/PD1801/PD1801:9/P00610/compiler04071825:user/release-keys	2020-04-05		
vivo	vivo	vivo 1818	V1832A	PD1832	PD1832	9	PKQ1.181203.001	compiler06061955	vivo/PD1832/PD1832:9/PKQ1.181203.001/compiler06061955:user/release-keys	2019-05-01		
vivo	vivo	V1836A	V1836A	PD1836	PD1836	9	PKQ1.181030.001	compiler04110119	vivo/PD1836/PD1836:9/PKQ1.181030.001/compiler04110119:user/release-keys	2019-03-01		
vivo	vivo	V1911A	V1911A	PD1911	PD1911	9	PKQ1.181030.001	compiler07310224	vivo/PD1911/PD1911:9/PKQ1.181030.001/compiler07310224:user/release-keys	2019-06-01		
vivo	vivo	V1916A	V1916A	PD1916	PD1916	9	PKQ1.190714.001	compiler01041614	vivo/PD1916/PD1916:9/PKQ1.190714.001/compiler01041614:user/release-keys	2019-11-01		
vivo	vivo	V1921A	V1921A	PD1921	PD1921	9	PKQ1.181030.001	compiler07242058	vivo/PD1921/PD1921:9/PKQ1.181030.001/compiler07242058:user/release-keys	2019-07-01		
vivo	vivo	V1932A	V1932A	PD1932	PD1932	9	PKQ1.181030.001	compiler03042053	vivo/PD1932/PD1932:9/PKQ1.181030.001/compiler03042053:user/release-keys	2020-02-01		
vivo	vivo	V1938CT	V1938T	PD1938	PD1938	9	PPR1.180610.011	compiler02220001	vivo/PD1938/PD1938:9/PPR1.180610.011/compiler02220001:user/release-keys	2020-01-01		
xiaomi	xiaomi	Redmi 6 Pro	Redmi 6 Pro	sakura	sakura	9	PKQ1.180917.001	V12.0.1.0.PDICNXM	xiaomi/sakura/sakura:9/PKQ1.180917.001/V12.0.1.0.PDICNXM:user/release-keys	2018-06-05	msm8953	msm8953
xiaomi	xiaomi	Redmi 6 Pro	Redmi 6 Pro	sakura_india	sakura_india	9	PKQ1.180917.001	V11.0.3.0.PDMMIXM	xiaomi/sakura_india/sakura_india:9/PKQ1.180917.001/V11.0.3.0.PDMMIXM:user/release-keys	2018-06-05	msm8953	msm8953
xiaomi	Xiaomi	Mi A1	Mi A1	tissot_sprout	tissot	9	PKQ1.180917.001	V10.0.24.0.PDHMIXM	xiaomi/tissot/tissot_sprout:9/PKQ1.180917.001/V10.0.24.0.PDHMIXM:user/release-keys	2020-08-01		
xiaomi	xiaomi	Redmi  S2	Redmi S2	ysl	ysl	9	PKQ1.181203.001	V12.0.2.0.PEFMIXM	xiaomi/ysl/ysl:9/PKQ1.181203.001/V12.0.2.0.PEFMIXM:user/release-keys	2018-12-03	msm8953	msm8953
Xiaomi	Xiaomi	MIX 2	MIX 2	chiron	chiron	9	PKQ1.190118.001	V11.0.3.0.PDEMIXM	Xiaomi/chiron/chiron:9/PKQ1.190118.001/V11.0.3.0.PDEMIXM:user/release-keys			
Xiaomi	Xiaomi	Mi Note 10	Mi Note 10	tucana	tucana_eea	9	PKQ1.190302.001	V11.0.11.0.PFDEUXM	Xiaomi/tucana_eea/tucana:9/PKQ1.190302.001/V11.0.11.0.PFDEUXM:user/release-keys			
motorola	motorola	moto g(6) play	moto g(6) play	aljeter	aljeter	9	PPP29.55-25	08c6	motorola/aljeter/aljeter:9/PPP29.55-25/08c6:user/release-keys			
motorola	motorola	moto e6 play	moto e6 play	bali	bali	9	POA29.411-73	9e2be	motorola/bali/bali:9/POA29.411-73/9e2be:user/release-keys			
motorola	motorola	moto z3 play	Moto Z3 Play	beckham	beckham	9	PPWS29.131-27-1-27	34b6d	motorola/beckham/beckham:9/PPWS29.131-27-1-27/34b6d:user/release-keys			
motorola	motorola	moto g(6) plus	Moto G (5) Plus	evert_n	evert_amx_n	9	PPWS29.116-16-6	5cbfe	motorola/evert_amx_n/evert_n:9/PPWS29.116-16-6/5cbfe:user/release-keys			
motorola	motorola	Moto X (4)	moto x4	payton_sprout	payton_fi	9	PPWS29.69-39-6-6	8c843	motorola/payton_fi/payton_sprout:9/PPWS29.69-39-6-6/8c843:user/release-keys			
motorola	motorola	Lenovo K10	Lenovo K10	pokerp	pokerp_64	9	PTB29.401-58	58	motorola/pokerp_64/pokerp:9/PTB29.401-58/58:user/release-keys			
motorola	motorola	Lenovo K10	Lenovo K10	pokerp	pokerp_reteu	9	PTA29.401-10	10	motorola/pokerp_reteu/pokerp:9/PTA29.401-10/10:user/release-keys			
samsung	samsung	Galaxy A60	SM-A6060	a60q	a60qzh	9	PPR1.180610.011	A6060ZHU1ASH3	samsung/a60qzh/a60q:9/PPR1.180610.011/A6060ZHU1ASH3:user/release-keys	2019-08-01		
samsung	samsung	Galaxy A6	SM-A600F	a6lte	a6ltejx	9	PPR1.180610.011	A600FJXS5BSL1	samsung/a6ltejx/a6lte:9/PPR1.180610.011/A600FJXS5BSL1:user/release-keys		exynos5	exynos5
samsung	samsung	Galaxy A9 (2018)	SM-A920F	a9y18qlte	a9y18qltexx	9	PPR1.180610.011	A920FXXS2BSL6	samsung/a9y18qltexx/a9y18qlte:9/PPR1.180610.011/A920FXXS2BSL6:user/release-keys	2018-06-05		
samsung	samsung	Galaxy S10+	SM-G975U	beyond2q	beyond2qlteue	9	PPR1.180610.011	G975U1UEU1ASD3	samsung/beyond2qlteue/beyond2q:9/PPR1.180610.011/G975U1UEU1ASD3:user/release-keys			
samsung	samsung	Galaxy Tab A (10.5")	SM-T597P	gta2xlltespr	gta2xlltespr	9	PPR1.180610.011	T597PVPU2BSH7	samsung/gta2xlltespr/gta2xlltespr:9/PPR1.180610.011/T597PVPU2BSH7:user/release-keys			
samsung	samsung	Galaxy Tab A (2018, 10.5)	SM-T590	gta2xlwifi	gta2xlwifixx	9	PPR1.180610.011	T590XXU3BSJ1	samsung/gta2xlwifixx/gta2xlwifi:9/PPR1.180610.011/T590XXU3BSJ1:user/release-keys			
samsung	samsung	Galaxy Tab A (8.0", 2019)	SM-T295	gto	gtoxx	9	PPR1.180610.011	T295XXS3ATB2	samsung/gtoxx/gto:9/PPR1.180610.011/T295XXS3ATB2:user/release-keys			
samsung	samsung	Galaxy J4	SM-J400F	j4lte	j4ltejx	9	PPR1.180610.011	J400FXXU4BSJ3	samsung/j4ltejx/j4lte:9/PPR1.180610.011/J400FXXU4BSJ3:user/release-keys		exynos5	exynos5
samsung	samsung	Galaxy M30	SM-M305M	m30lte	m30lteub	9	PPR1.180610.011	M305MUBU2BSH4	samsung/m30lteub/m30lte:9/PPR1.180610.011/M305MUBU2BSH4:user/release-keys		exynos5	exynos5
xiaomi	xiaomi	MI 6X	MI 6X	wayne	wayne	9	PKQ1.180904.001	V12.0.2.0.PDCCNXM	xiaomi/wayne/wayne:9/PKQ1.180904.001/V12.0.2.0.PDCCNXM:user/release-keys			
Lenovo	Lenovo	Lenovo A6 Note	Lenovo L19041	Lenovo_A6_Note	Arizona	9	PPR1.180610.011	32119	Lenovo/Arizona/Lenovo_A6_Note:9/PPR1.180610.011/32119:user/release-keys	2019-07-01		
Lenovo	LENOVO	Lenovo Tab V7	LenovoPB-6505M_row	PB-6505M	LenovoPB-6505M	9	PKQ1	PB-6505M_S000053_200221_ROW	Lenovo/LenovoPB-6505M/PB-6505M:9/PKQ1/PB-6505M_S000053_200221_ROW:user/release-keys	2020-02-05		
Lenovo	LENOVO	Lenovo Tab M7	LenovoTB-7305F_Go_ROW	7305F	LenovoTB-7305F	9	PPR1.180610.011	S100041_191025_ROW	Lenovo/LenovoTB-7305F/7305F:9/PPR1.180610.011/S100041_191025_ROW:user/release-keys	2019-10-05		
Lenovo	LENOVO	Lenovo Tab M7	LenovoTB-7305I_Go_ROW	7305I	LenovoTB-7305I	9	PPR1.180610.011	S100037_190911_ROW	Lenovo/LenovoTB-7305I/7305I:9/PPR1.180610.011/S100037_190911_ROW:user/release-keys	2019-09-05		
Lenovo	LENOVO	Lenovo Tab M7	LenovoTB-7305X_Go_ROW	7305X	LenovoTB-7305X	9	PPR1.180610.011	S100030_190829_ROW	Lenovo/LenovoTB-7305X/7305X:9/PPR1.180610.011/S100030_190829_ROW:user/release-keys	2019-07-05		
Lenovo	LENOVO	Lenovo Tab M7	Lenovo TB-7305X	7305X	LenovoTB-7305X_S	9	PPR1.180610.011	S000030_190920_ROW	Lenovo/LenovoTB-7305X_S/7305X:9/PPR1.180610.011/S000030_190920_ROW:user/release-keys	2019-09-05		
Lenovo	LENOVO	Lenovo TAB M10 FHD Rel	LenovoTB-X605FC_ROW	TB-X605FC	LenovoTB-X605FC	9	PKQ1.181203.001	072_190917	Lenovo/LenovoTB-X605FC/TB-X605FC:9/PKQ1.181203.001/072_190917:user/release-keys	2019-08-05		
Lenovo	BMA253	Lenovo Tab M10 (HD)	Lenovo TB-X505L	TB-X505L	TB-X505L	9	PKQ1.181218.001	X505L_S001021_191118_ROW	Lenovo/TB-X505L/TB-X505L:9/PKQ1.181218.001/X505L_S001021_191118_ROW:user/release-keys	2019-10-05		
Lenovo	BMA253	Yoga Smart Tab	Lenovo YT-X705F	YT-X705F	YT-X705F	9	PKQ1.181218.001	X705F_S001024_190824_ROW	Lenovo/YT-X705F/YT-X705F:9/PKQ1.181218.001/X705F_S001024_190824_ROW:user/release-keys	2019-08-05		
Lenovo	BMA253	Yoga Smart Tab	Lenovo YT-X705L	YT-X705L	YT-X705L	9	PKQ1.181218.001	X705L_S001025_190905_ROW	Lenovo/YT-X705L/YT-X705L:9/PKQ1.181218.001/X705L_S001025_190905_ROW:user/release-keys	2019-08-05		
Lenovo	BMA253	Yoga Smart Tab	Lenovo YT-X705X	YT-X705X	YT-X705X	9	PKQ1.181218.001	X705X_S001027_190912_ROW	Lenovo/YT-X705X/YT-X705X:9/PKQ1.181218.001/X705X_S001027_190912_ROW:user/release-keys	2019-08-05		
Lenovo	Lenovo	Lenovo Z6 Pro 5G	Lenovo L79041	cream	cream	9	PKQ1.190908.001	11.3.245_191210	Lenovo/cream/cream:9/PKQ1.190908.001/11.3.245_191210:user/release-keys	2019-10-01		
Lenovo	Lenovo	Lenovo Z5 Pro	Lenovo L78032	heart	heart	9	PKQ1.181121.001	10.5.078_190126	Lenovo/heart/heart:9/PKQ1.181121.001/10.5.078_190126:user/release-keys	2018-12-01		
Lenovo	Lenovo	Z6	Lenovo L78121	jd20	jd20	9	PKQ1.190319.001	11.1.238_190912	Lenovo/jd20/jd20:9/PKQ1.190319.001/11.1.238_190912:user/release-keys	2019-08-01		
Lenovo	Lenovo	Z5s	Lenovo L78071	jd2019	jd2019	9	PKQ1.180929.001	10.5.331_190314	Lenovo/jd2019/jd2019:9/PKQ1.180929.001/10.5.331_190314:user/release-keys	2019-01-01		
Lenovo	Lenovo	TBD	Lenovo L38111	kunlun2	kunlun2_row	9	PKQ1.190127.001	11.0.092_190719	Lenovo/kunlun2_row/kunlun2:9/PKQ1.190127.001/11.0.092_190719:user/release-keys	2019-05-01		
Lenovo	Lenovo	Lenovo S5 Pro	Lenovo L58041	sprout	sprout	9	PKQ1.190127.001	11.1.099_191008	Lenovo/sprout/sprout:9/PKQ1.190127.001/11.1.099_191008:user/release-keys	2018-08-05	sdm660	sdm660
Lenovo	Lenovo	Lenovo-9	Lenovo L78031	zap	zap	9	PKQ1.190127.001	11.1.093_190725	Lenovo/zap/zap:9/PKQ1.190127.001/11.1.093_190725:user/release-keys	2018-08-05	sdm710	sdm710
Lenovo	Lenovo	Z6 Pro	Lenovo L78051	zippo	zippo	9	PKQ1.190110.001	11.0.483_190511	Lenovo/zippo/zippo:9/PKQ1.190110.001/11.0.483_190511:user/release-keys	2019-04-01		
Sony	Sony	Xperia 1	J8110_EEA	J8110	J8110_EEA	9	55.0.A.6.16	1274184004	Sony/J8110_EEA/J8110:9/55.0.A.6.16/1274184004:user/release-keys	2019-08-01		
Sony	Sony	Xperia 5	J8210_EEA	J8210	J8210_EEA	9	55.0.A.11.25	3446636912	Sony/J8210_EEA/J8210:9/55.0.A.11.25/3446636912:user/release-keys	2019-10-01		
ZTE	ZTE	ZTE A2020N2 Pro	ZTE A2020N3 Pro	P855A21	EEA_P855A21	9	PKQ1.190414.001	20190601.094514	ZTE/EEA_P855A21/P855A21:9/PKQ1.190414.001/20190601.094514:user/release-keys	2019-05-01		
ZTE	ZTE	Axon 10 Pro 5G	ZTE A2020N2 Pro	P855A21	P855A21	9	PKQ1.190616.001	20190906.181055	ZTE/P855A21/P855A21:9/PKQ1.190616.001/20190906.181055:user/release-keys	2019-09-01		
asus	asus	ROG Phone	ASUS_Z01QD	ASUS_Z01QD_1	CN_Z01QD	9	PKQ1.190101.001	16.0410.1910.95-0	asus/CN_Z01QD/ASUS_Z01QD_1:9/PKQ1.190101.001/16.0410.1910.95-0:user/release-keys	2019-10-01		
asus	asus	ZenFone Max Plus M2 (ZB634KL)	ASUS_A001D	ASUS_A001D_2	WW_Phone	9	PPR1	16.14.2006.305-20200615	asus/WW_Phone/ASUS_A001D_2:9/PPR1/16.14.2006.305-20200615:user/release-keys	2018-08-05	msm8953	msm8953
asus	asus	ZenFone 4 Max (ZC520KL)	WW_Phone	ASUS_X00HD_4	WW_Phone	9	PKQ1.181203.001	16.0200.1907.18-20190817	asus/WW_Phone/ASUS_X00HD_4:9/PKQ1.181203.001/16.0200.1907.18-20190817:user/release-keys	2019-07-05	msm8937	msm8937
asus	asus	ZenFone 4 Max (ZC554KL)	WW_Phone	ASUS_X00ID	WW_Phone	9	PKQ1.181203.001	16.0200.1907.28-20190708	asus/WW_Phone/ASUS_X00ID:9/PKQ1.181203.001/16.0200.1907.28-20190708:user/release-keys	2019-07-05	msm8937	msm8937
asus	asus	ZenFone 4 Selfie (ZD553KL)	ASUS_X00LD	ASUS_X00LD_1	WW_Phone	9	PKQ1.181203.001	16.0200.1907.19-20190708	asus/WW_Phone/ASUS_X00LD_1:9/PKQ1.181203.001/16.0200.1907.19-20190708:user/release-keys	2019-07-05	msm8937	msm8937
asus	asus	ZenFone 5 (ZE620KL)	WW_Phone	ASUS_X00QD	WW_Phone	9	PPR1.180610.009	16.0615.1905.100-0	asus/WW_Phone/ASUS_X00QD:9/PPR1.180610.009/16.0615.1905.100-0:user/release-keys	2019-05-01	sdm660	sdm660
asus	asus	ZenFone 5 Lite (ZC600KL)	ASUS_X017DA	ASUS_X017D_2	WW_Phone	9	PPR1.180610.009	16.0610.1908.83-0	asus/WW_Phone/ASUS_X017D_2:9/PPR1.180610.009/16.0610.1908.83-0:user/release-keys	2019-08-01		
asus	asus	ZenFone Max M2 (ZB633KL) (WW) / Max M2 (ZB632KL) (IN)	ASUS_X01AD	ASUS_X01A_1	WW_X01AD	9	WW_Phone-201909201544	16.2018.1910.51-20190920	asus/WW_X01AD/ASUS_X01A_1:9/WW_Phone-201909201544/16.2018.1910.51-20190920:user/release-keys	2019-10-05		
meizu	meizu	meizu 16Xs	M1926	meizu16Xs	meizu_16Xs	9	PKQ1.190302.001	1560830588	meizu/meizu_16Xs/meizu16Xs:9/PKQ1.190302.001/1560830588:user/release-keys	2019-06-05		
meizu	meizu	meizu 16Xs	meizu_16Xs_CN	meizu16Xs	meizu_16Xs_CN	9	PKQ1.190302.001	1557466325	meizu/meizu_16Xs_CN/meizu16Xs:9/PKQ1.190302.001/1557466325:user/release-keys	2019-05-05		
meizu	meizu	16s	M1971	16s	meizu_16s	9	PKQ1.190202.001	1558508547	meizu/meizu_16s/16s:9/PKQ1.190202.001/1558508547:user/release-keys	2019-04-01		
meizu	meizu	16s	meizu_16s_CN	16s	meizu_16s_CN	9	PKQ1.190202.001	1560752082	meizu/meizu_16s_CN/16s:9/PKQ1.190202.001/1560752082:user/release-keys	2019-09-01		
meizu	meizu	note_9	M1923	Note9	meizu_Note9_CN	9	PKQ1.181203.001	1560695780	meizu/meizu_Note9_CN/Note9:9/PKQ1.181203.001/1560695780:user/release-keys	2019-10-05		
meizu	meizu	meizu note9	M1923	meizunote9	meizu_note9	9	PKQ1.181203.001	1552448469	meizu/meizu_note9/meizunote9:9/PKQ1.181203.001/1552448469:user/release-keys	2019-02-01		
Lenovo	Lenovo	Lenovo A6 Note	Arizona	Lenovo_A6_Note	Arizona	9	PPR1.180610.011	20190729	Lenovo/Arizona/Lenovo_A6_Note:9/PPR1.180610.011/20190729:user/release-keys			
Lenovo	Lenovo	Z6 Pro	Lenovo L78051	zippo	zippo_row	9	PKQ1.190110.001	11.0.284_190810	Lenovo/zippo_row/zippo:9/PKQ1.190110.001/11.0.284_190810:user/release-keys	2019-07-01		
Sony	Sony	Xperia XA2 Ultra	H3223	H3223	H3223	9	50.2.A.3.22	2120505936	Sony/H3223/H3223:9/50.2.A.3.22/2120505936:user/release-keys			
ZTE	ZTE	ZTE Axon 10 Pro	GEN_EU_EEA_P855A01	P855A01	GEN_EU_EEA_P855A01	9	PKQ1.190328.001	20190529.145010	ZTE/GEN_EU_EEA_P855A01/P855A01:9/PKQ1.190328.001/20190529.145010:user/release-keys	2019-05-01		
asus	asus	ZenFone 5 (ZE620KL)	WW_X00QD	ASUS_X00QD	WW_X00QD	9	PPR1.180610.009	16.0615.2006.131-0	asus/WW_X00QD/ASUS_X00QD:9/PPR1.180610.009/16.0615.2006.131-0:user/release-keys			
asus	asus	ZenFone Max Pro M1 (ZB602KL) (WW) / Max Pro M1 (ZB601KL) (IN)	WW_X00TD	ASUS_X00T_3	WW_X00TD	9	PKQ1	16.2017.2009.087-20200826	asus/WW_X00TD/ASUS_X00T_3:9/PKQ1/16.2017.2009.087-20200826:user/release-keys			
asus	asus	ZenFone Max Pro M2 (ZB631KL) (WW) / Max Pro M2 (ZB630KL) (IN)	WW_X01BD	ASUS_X01BD_1	WW_X01BD	9	PKQ1	16.2017.2007.094-20200705	asus/WW_X01BD/ASUS_X01BD_1:9/PKQ1/16.2017.2007.094-20200705:user/release-keys			
asus	asus	ROG Phone	WW_Z01QD	ASUS_Z01QD_1	WW_Z01QD	9	PKQ1.190101.001	16.0410.1910.95-0	asus/WW_Z01QD/ASUS_Z01QD_1:9/PKQ1.190101.001/16.0410.1910.95-0:user/release-keys	2019-10-01		
asus	asus	ZenFone 5Z (ZS620KL) (WW) / 5Z (ZS621KL) (IN)	WW_Z01RD	ASUS_Z01R_1	WW_Z01RD	9	PPR1.180610.009	WW_90.11.162.72_20190531	asus/WW_Z01RD/ASUS_Z01R_1:9/PPR1.180610.009/WW_90.11.162.72_20190531:user/release-keys			
Infinix	INFINIX MOBILITY LIMITED	HOT 8	Infinix X650C	Infinix-X650C	H626	9	PPR1.180610.011	DE-190807V174	Infinix/H626/Infinix-X650C:9/PPR1.180610.011/DE-190807V174:user/release-keys	2019-08-05		
Infinix	Infinix	HOT 8	H626	Infinix-X650C	H626	9	PPR1.180610.011	DEJ-210525V327	Infinix/H626/Infinix-X650C:9/PPR1.180610.011/DEJ-210525V327:user/release-keys	2021-06-05	mt6765	mt6765
Itel	Itel	S15	W6002	itel-W6002	F3108	9	PPR1.180610.011	OP-V041-20191120	Itel/F3108/itel-W6002:9/PPR1.180610.011/OP-V041-20191120:user/release-keys	2019-11-05		
Itel	Itel	A25	L5002	itel-L5002	F3210	9	PPR1.180610.011	OP-V030-20191113	Itel/F3210/itel-L5002:9/PPR1.180610.011/OP-V030-20191113:user/release-keys	2019-10-05		
Itel	Itel	A46	L5503	itel-L5503	F6301	9	PPR1.180610.011	OP-V037-20190323	Itel/F6301/itel-L5503:9/PPR1.180610.011/OP-V037-20190323:user/release-keys	2019-02-05		
Itel	Itel	S15 Pro(VISION)	L6002P	itel-L6002P	F6308	9	PPR1.180610.011	OP-V035-20190814	Itel/F6308/itel-L6002P:9/PPR1.180610.011/OP-V035-20190814:user/release-keys	2019-07-01		
Itel	Itel	itel A55 LTE	L6003P	itel-L6003P	F6308	9	PPR1.180610.011	OP-V018-20190710	Itel/F6308/itel-L6003P:9/PPR1.180610.011/OP-V018-20190710:user/release-keys	2019-07-01		
Itel	Itel	itel Vision1(P36 Play)	L6005	itel-L6005	F6308	9	PPR1.180610.011	IN-V022-20200113	Itel/F6308/itel-L6005:9/PPR1.180610.011/IN-V022-20200113:user/release-keys	2020-01-05		
TCL	TCL	Alcatel 1S	5024J	Faraday	5024J	9	PPR1.180610.011	5024J_OFUS_2SIM_V1.8	TCL/5024J/Faraday:9/PPR1.180610.011/5024J_OFUS_2SIM_V1.8:user/release-keys	2019-09-05		
TCL	TCL	3T10 4G	8088X	A3A_10_4G	8088X	9	PPR1.180610.011	vL3Z	TCL/8088X/A3A_10_4G:9/PPR1.180610.011/vL3Z:user/release-keys	2019-08-05		
TCL	TCL	Alcatel 3T 10	8088X_EEA	A3A_10_4G	8088X_EEA	9	PPR1.180610.011	vE4M	TCL/8088X_EEA/A3A_10_4G:9/PPR1.180610.011/vE4M:user/release-keys	2019-12-01		
TECNO	TECNO	SPARK Go Plus	TECNO BB4k	TECNO-BB4k	H6114	9	PPR1.180610.011	UVW-200112V66	TECNO/H6114/TECNO-BB4k:9/PPR1.180610.011/UVW-200112V66:user/release-keys	2020-01-05		
TECNO	TECNO	Pouvoir 3 Air	TECNO LC6	TECNO-LC6	H617	9	PPR1.180610.011	CDE-190802V245	TECNO/H617/TECNO-LC6:9/PPR1.180610.011/CDE-190802V245:user/release-keys	2019-07-05		
TECNO	TECNO	Pouvoir 3 Air	TECNO LC6a	TECNO-LC6a	H619	9	PPR1.180610.011	ABC-191121V109	TECNO/H619/TECNO-LC6a:9/PPR1.180610.011/ABC-191121V109:user/release-keys	2019-11-05		
TECNO	TECNO	TECNO CAMON 12 Pro	TECNO CC9	TECNO-CC9	H626	9	PPR1.180610.011	FGH-200106V274	TECNO/H626/TECNO-CC9:9/PPR1.180610.011/FGH-200106V274:user/release-keys	2020-01-05		
TECNO	TECNO	TECNO CAMON 12 Air	TECNO KC3	TECNO-KC3	H627	9	PPR1.180610.011	G-190911V228	TECNO/H627/TECNO-KC3:9/PPR1.180610.011/G-190911V228:user/release-keys	2019-08-05		
lge	LGE	LG G8 ThinQ™	LM-G820	alphaplus	alphaplus_lao_com	9	PKQ1.181203.001	190742236c291	lge/alphaplus_lao_com/alphaplus:9/PKQ1.181203.001/190742236c291:user/release-keys	2019-03-01		
lge	LGE	G7 fit	LM-Q850	falcon	falcon_global_com	9	PKQ1.190522.001	2025116455163	lge/falcon_global_com/falcon:9/PKQ1.190522.001/2025116455163:user/release-keys	2020-09-01		
lge	LGE	LG V50 ThinQ	LM-V500	flashlmdd	flashlmdd_lao_com	9	PKQ1.190223.001	192032055e5c2	lge/flashlmdd_lao_com/flashlmdd:9/PKQ1.190223.001/192032055e5c2:user/release-keys	2019-07-01		
lge	LGE	V30+	L-01K	L-01K	joan_dcm_jp	9	PKQ1.190414.001	20072184679ed	lge/joan_dcm_jp/L-01K:9/PKQ1.190414.001/20072184679ed:user/release-keys	2020-03-01		
lge	LGE	V30	LG-H930	joan	joan_global_com	9	PKQ1.190414.001	193091504cde8	lge/joan_global_com/joan:9/PKQ1.190414.001/193091504cde8:user/release-keys	2019-11-01		
lge	LGE	V30	LG-H932	joan	joan_tmo_us	9	PKQ1.190414.001	192451428be1d	lge/joan_tmo_us/joan:9/PKQ1.190414.001/192451428be1d:user/release-keys	2019-08-01		
lge	LGE	LG G7 ThinQ	LM-G710VM	judyln	judyln_vzw	9	PKQ1.181105.001	202251246e1a8	lge/judyln_vzw/judyln:9/PKQ1.181105.001/202251246e1a8:user/release-keys	2020-08-01		
lge	LGE	LG V35 ThinQ	LM-V350	judyp	judyp_lao_com	9	PKQ1.181105.001	200981754206e	lge/judyp_lao_com/judyp:9/PKQ1.181105.001/200981754206e:user/release-keys	2020-04-01		
lge	lge	LG G6	LG-H870	lucye	lucye_global_com	9	PKQ1.190522.001	1930916292597	lge/lucye_global_com/lucye:9/PKQ1.190522.001/1930916292597:user/release-keys	2019-05-01		
lge	LGE	LG G6	LGM-G600K	lucye	lucye_kt_kr	9	PKQ1.190522.001	1929016322356	lge/lucye_kt_kr/lucye:9/PKQ1.190522.001/1929016322356:user/release-keys	2019-05-01		
lge	LGE	G Pad 5 10.1 FHD	LM-T600	tf10	tf10_lao_com	9	PKQ1.190522.001	220351428582c	lge/tf10_lao_com/tf10:9/PKQ1.190522.001/220351428582c:user/release-keys	2022-02-01		
htc	htc	U12+	HTC U12+	htc_imeuhl	imeuhl_00617	9	PQ2A.190205.003	1087121.1	htc/imeuhl_00617/htc_imeuhl:9/PQ2A.190205.003/1087121.1:user/release-keys			
lge	lge	LG G8 ThinQ™	LM-G820	alphalm	alphalm_lao_com	9	PKQ1.181203.001	190911746d0fb	lge/alphalm_lao_com/alphalm:9/PKQ1.181203.001/190911746d0fb:user/release-keys	2019-04-01		
lge	lge	Falcon	LM-Q850	falcon	falcon_global_com	9	PKQ1.190522.001	201461704dafd.FGN	lge/falcon_global_com/falcon:9/PKQ1.190522.001/201461704dafd.FGN:user/release-keys			
lge	lge	V30	LG-H930	joan	joan_global_com	9	PKQ1.190414.001	192451212666b	lge/joan_global_com/joan:9/PKQ1.190414.001/192451212666b:user/release-keys			
ALLDOCUBE	ALLDOCUBE	U1006H	U1006H	U1006H	U1006H	9	PPR1.180610.011	1574324947	ALLDOCUBE/U1006H/U1006H:9/PPR1.180610.011/1574324947:user/release-keys	2019-10-05		
ATT	ATT	U202AA	U202AA	U202AA	U202AA	9	P00610	1592988351	ATT/U202AA/U202AA:9/P00610/1592988351:user/release-keys	2020-07-05		
ATT	ATT	U304AA	U304AA	U304AA	U304AA	9	P00610	1593308989	ATT/U304AA/U304AA:9/P00610/1593308989:user/release-keys	2020-07-05		
BLU	BLU	VIVO VI+	Vivo_XI	V0310WW	Vivo_XI	9	PPR1.180610.011	1545306474	BLU/Vivo_XI/V0310WW:9/PPR1.180610.011/1545306474:user/release-keys	2018-12-05		
Blackview	Blackview	BV9600	BV9600_EEA	BV9600	BV9600_EEA	9	PPR1.180610.011	1561617127	Blackview/BV9600_EEA/BV9600:9/PPR1.180610.011/1561617127:user/release-keys	2019-06-05		
Blackview	Blackview	Blackview BV9900	BV9900_EEA	BV9900	BV9900_EEA	9	PPR1.180610.011	1575339962	Blackview/BV9900_EEA/BV9900:9/PPR1.180610.011/1575339962:user/release-keys	2019-12-05		
CUBOT	CUBOT	KINGKONG_MINI	KINGKONG_MINI_EEA	KINGKONG_MINI	KINGKONG_MINI_EEA	9	PPR1.180610.011	20191014	CUBOT/KINGKONG_MINI_EEA/KINGKONG_MINI:9/PPR1.180610.011/20191014:user/release-keys	2019-08-05		
CUBOT	CUBOT	QUEST LITE	QUEST_LITE_EEA	QUEST_LITE	QUEST_LITE_EEA	9	P00610	1553333305	CUBOT/QUEST_LITE_EEA/QUEST_LITE:9/P00610/1553333305:user/release-keys	2019-02-05		
CUBOT	CUBOT	R15_PRO	R15_PRO_EEA	R15_PRO	R15_PRO_EEA	9	PPR1.180610.011	20190809	CUBOT/R15_PRO_EEA/R15_PRO:9/PPR1.180610.011/20190809:user/release-keys	2019-07-05		
CUBOT	CUBOT	R19	R19_EEA	R19	R19_EEA	9	P00610	1565594044	CUBOT/R19_EEA/R19:9/P00610/1565594044:user/release-keys	2019-07-05		
DOOGEE	DOOGEE	S68Pro	S68Pro_EEA	S68Pro	S68Pro_EEA	9	P00610	1572524041	DOOGEE/S68Pro_EEA/S68Pro:9/P00610/1572524041:user/release-keys	2019-10-05		
Fxtec	Fxtec	Fxtec QX1000	QX1000_EEA	QX1000	QX1000_EEA	9	PKQ1.190723.001	05500.19Q401	Fxtec/QX1000_EEA/QX1000:9/PKQ1.190723.001/05500.19Q401:user/release-keys	2019-09-05		
GM	GM	GM8	GM 8	GM8_sprout	GM8	9	OPM1.171019.011	18	GM/GM8/GM8_sprout:9/OPM1.171019.011/18:user/release-keys	2019-03-05		
GM	GM	GM 8 d	GM 8 d	GM8_d_sprout	GM8_d	9	OPM1.171019.011	26	GM/GM8_d/GM8_d_sprout:9/OPM1.171019.011/26:user/release-keys	2020-11-05		
Hisense	Hisense	Hisense U963	HLTE102E_12	SC9832E	HLTE102E_10	9	PPR1.180610.011	Hisense_HLTE102E_10_2106	Hisense/HLTE102E_10/SC9832E:9/PPR1.180610.011/Hisense_HLTE102E_10_2106:user/release-keys	2021-06-05		
Hisense	Hisense	A5	HLTE202N	HLTE202N	HLTE202N	9	PKQ1.190504.001	L1657.6.01.02	Hisense/HLTE202N/HLTE202N:9/PKQ1.190504.001/L1657.6.01.02:user/release-keys	2019-11-05		
Hisense	Hisense	fushan_2	HiSmart TV	hamamatsucho	fushan_2	9	PTO4.210210.001	7136508	Hisense/fushan_2/hamamatsucho:9/PTO4.210210.001/7136508:user/release-keys	2021-02-05		
Hisense	Hisense	H5500F	HiSmart 2K ATV4	hamamatsucho	fushan_em	9	PTO4.201202.001	7006466	Hisense/fushan_em/hamamatsucho:9/PTO4.201202.001/7006466:user/release-keys	2020-10-05		
KDDI	KDDI	Xperia 5	SOV41_jp_kdi	SOV41	SOV41_jp_kdi	9	55.0.C.1.182	3571873765	KDDI/SOV41_jp_kdi/SOV41:9/55.0.C.1.182/3571873765:user/release-keys	2019-11-01		
KDDI	KDDI	V30+	LGV35	joan	joan_kddi_jp	9	PKQ1.190414.001	2007610508923	KDDI/joan_kddi_jp/joan:9/PKQ1.190414.001/2007610508923:user/release-keys	2020-03-01		
LAVA	LAVA	Iris61	LN9910	LN9910	LN9910	9	PPR1.180610.011	48	LAVA/LN9910/LN9910:9/PPR1.180610.011/48:user/release-keys	2019-06-05		
ONN	ONN	ONN	100005206	mid7015_mk_32	100005206	9	PPR1.180610.011	kanghua06104566	ONN/100005206/mid7015_mk_32:9/PPR1.180610.011/kanghua06104566:user/release-keys	2019-05-05		
OUKITEL	OUKITEL	C13 Pro	C13_Pro_EEA	C13_Pro	C13_Pro_EEA	9	P00610	1551174696	OUKITEL/C13_Pro_EEA/C13_Pro:9/P00610/1551174696:user/release-keys	2019-02-05		
Rakuten	Rakuten	C330	C330	C330	C330	9	PKQ1.190616.001	460	Rakuten/C330/C330:9/PKQ1.190616.001/460:user/release-keys	2021-02-05		
SUPERSONIC	HKC	Smart TV	SUPERSONIC 2K Smart TV	kanda	Sceptre_2K_ATV_US_SUP	9	PTO5.210706.001	7525990	SUPERSONIC/Sceptre_2K_ATV_US_SUP/kanda:9/PTO5.210706.001/7525990:user/release-keys	2021-06-05		
Sceptre	HKC	AOC	2K Smart TV	kanda	Sceptre_2K_ATV_US	9	PTO5.210108.001	7070405	Sceptre/Sceptre_2K_ATV_US/kanda:9/PTO5.210108.001/7070405:user/release-keys	2020-12-05		
SonyAudio	Sony	NW-A100	NW-A100Series	icx1293	icx1293_002	9	4.06.00	316	SonyAudio/icx1293_002/icx1293:9/4.06.00/316:user/release-keys	2021-11-01		
SonyAudio	Sony	NW-ZX500	NW-ZX500Series	icx1295	icx1295_002	9	4.06.00	316	SonyAudio/icx1295_002/icx1295:9/4.06.00/316:user/release-keys	2021-11-01		
Symphony	SPRD	TD Tech V800	Z15	Z15	Z15	9	PPR1.180610.011	26	Symphony/Z15/Z15:9/PPR1.180610.011/26:user/release-keys	2019-04-01		
Teclast	Teclast	T30_EEA	T30_EEA	T30	T30_eea	9	PPR1.180610.011	panyh09061416	Teclast/T30_eea/T30:9/PPR1.180610.011/panyh09061416:user/release-keys	2019-07-05		
UMIDIGI	UMIDIGI	A5Pro	A5_Pro_EEA	A5_Pro	A5_Pro_EEA	9	PPR1.180610.011	1559618658	UMIDIGI/A5_Pro_EEA/A5_Pro:9/PPR1.180610.011/1559618658:user/release-keys	2019-05-05		
UMIDIGI	A-gold	NewTab F1	F1_EEA	F1	F1_EEA	9	PPR1.180610.011	eng.root.20190125.104625	UMIDIGI/F1_EEA/F1:9/PPR1.180610.011/eng.root.20190125.104625:user/release-keys	2019-01-05		
UMIDIGI	A-gold	S3pro	S3_Pro_EEA	S3_Pro	S3_Pro_EEA	9	PPR1.180610.011	eng.root.20190329.175027	UMIDIGI/S3_Pro_EEA/S3_Pro:9/PPR1.180610.011/eng.root.20190329.175027:user/release-keys	2019-02-05		
Ulefone	Ulefone	Armor_7	Armor_7_EEA	Armor_7	Armor_7_EEA	9	PPR1.180610.011	1567770737	Ulefone/Armor_7_EEA/Armor_7:9/PPR1.180610.011/1567770737:user/release-keys	2019-08-05		
Ulefone	Ulefone	Ulfone_S11	Ulefone_S11_EEA	Ulefone_S11	Ulefone_S11_EEA	9	PPR1.180610.011	1565753768	Ulefone/Ulefone_S11_EEA/Ulefone_S11:9/PPR1.180610.011/1565753768:user/release-keys	2019-07-05		
Unihertz	A-gold	Signature Touch	Titan_EEA	Titan	Titan_EEA	9	PPR1.180610.011	root.20191205.185324	Unihertz/Titan_EEA/Titan:9/PPR1.180610.011/root.20191205.185324:user/release-keys	2019-10-05		
WIKO	TINNO	U307AS	U307AS	U307AS	U307AS	9	P00610	1582839720	WIKO/U307AS/U307AS:9/P00610/1582839720:user/release-keys	2020-03-05		
Hisense	Hisense	fushan_Toshiba	HiSmart 2K ATV4	hamamatsucho	fushan_emeu	9	PTO4.210817.001	7651950	Hisense/fushan_emeu/hamamatsucho:9/PTO4.210817.001/7651950:user/release-keys	2021-08-05		
Hisense	Hisense	fushan_Toshiba	HiSmart 2K ATV4	hamamatsucho	fushan_sa	9	PTO4.201203.001	7008959	Hisense/fushan_sa/hamamatsucho:9/PTO4.201203.001/7008959:user/release-keys	2020-10-05		
Micromax	Micromax	Ione Note	N8305	N8305	N8305	9	PPR1.180610.011	190	Micromax/N8305/N8305:9/PPR1.180610.011/190:user/release-keys			
vsmart	vsmart	Bee 3	Bee 3	clover	clover_open	9	PPR1.180610.011	V230A_OPEN_U_M7_20210220	vsmart/clover_open/clover:9/PPR1.180610.011/V230A_OPEN_U_M7_20210220:user/release-keys			
Nokia	Nokia	Nokia 9	FIH-AOP-FIH	AOP	Beholder_00CN	8.1.0	OPM1.171019.026	00CN_1_840	Nokia/Beholder_00CN/AOP:8.1.0/OPM1.171019.026/00CN_1_840:user/release-keys	2018-09-01		
Nokia	FIH	E1M	FIH-E1M-FIH	E1M	Dynamo_00WW	8.1.0	OPR1.170623.026	00WW_1_16G	Nokia/Dynamo_00WW/E1M:8.1.0/OPR1.170623.026/00WW_1_16G:user/release-keys	2019-07-01		
Nokia	Iron GAFP	Iron GAFP	Iron GAFP	IPA	IPA	8.1.0	OPM2.171019.012	0.1934.10.02	Nokia/IPA/IPA:8.1.0/OPM2.171019.012/0.1934.10.02:user/release-keys	2019-08-05		
Xiaomi	Xiaomi	MI PAD 4	MI PAD 4	clover	clover	8.1.0	OPM1.171019.019	V10.3.2.0.ODJCNXM	Xiaomi/clover/clover:8.1.0/OPM1.171019.019/V10.3.2.0.ODJCNXM:user/release-keys	2019-04-01		
Xiaomi	Xiaomi	dipper_old		dipper_old	dipper_old	8.1.0	OPM1.171019.011	8.4.10	Xiaomi/dipper_old/dipper_old:8.1.0/OPM1.171019.011/8.4.10:user/release-keys	2018-03-05		
Xiaomi	Xiaomi	MIX	MIX	lithium	lithium	8.0.0	OPR1.170623.032	8.9.13	Xiaomi/lithium/lithium:8.0.0/OPR1.170623.032/8.9.13:user/release-keys	2018-08-01	msm8996	msm8996
Xiaomi	Xiaomi	MI 5s Plus	MI 5s Plus	natrium	natrium	8.0.0	OPR1.170623.032	8.9.20	Xiaomi/natrium/natrium:8.0.0/OPR1.170623.032/8.9.20:user/release-keys	2018-08-01		
Xiaomi	Xiaomi	Redmi 5A	Redmi 5A	riva	riva	8.1.0	OPM1.171019.026	9.7.4	Xiaomi/riva/riva:8.1.0/OPM1.171019.026/9.7.4:user/release-keys	2019-07-01		
Xiaomi	Xiaomi	Redmi 5	Redmi 5	rosy	rosy	8.1.0	OPM1.171019.026	9.6.27	Xiaomi/rosy/rosy:8.1.0/OPM1.171019.026/9.6.27:user/release-keys	2019-06-01		
Xiaomi	Xiaomi	Redmi  Go	Redmi Go	tiare	tiare_in	8.1.0	OPM1.171019.026	V10.2.19.0.OCLINXM	Xiaomi/tiare_in/tiare:8.1.0/OPM1.171019.026/V10.2.19.0.OCLINXM:user/release-keys	2021-01-05		
samsung	samsung	Galaxy S7 Edge	SC-02H	SC-02H	SC-02H	8.0.0	R16NW	SC02HOMU1CSI1	samsung/SC-02H/SC-02H:8.0.0/R16NW/SC02HOMU1CSI1:user/release-keys	2018-08-01	msm8996	msm8996
samsung	samsung	Galaxy A5(2017)	SM-A520F	a5y17lte	a5y17ltexx	8.0.0	R16NW	A520FXXUCCSK2	samsung/a5y17ltexx/a5y17lte:8.0.0/R16NW/A520FXXUCCSK2:user/release-keys	2019-11-01		
samsung	samsung	Galaxy C7	SM-C7000	c7ltechn	c7ltezh	8.0.0	R16NW	C7000ZHS3CRJ1	samsung/c7ltezh/c7ltechn:8.0.0/R16NW/C7000ZHS3CRJ1:user/release-keys	2018-10-01	msm8953	msm8953
samsung	samsung	Galaxy C7 Pro	SM-C7010	c7proltechn	c7proltezc	8.0.0	R16NW	C7010ZCS3CSC1	samsung/c7proltezc/c7proltechn:8.0.0/R16NW/C7010ZCS3CSC1:user/release-keys	2019-03-01	msm8953	msm8953
samsung	samsung	Galaxy Tab A (2016)	SM-T585	gtaxllte	gtaxlltexx	8.1.0	M1AJQ	T585XXU6CTI1	samsung/gtaxlltexx/gtaxllte:8.1.0/M1AJQ/T585XXU6CTI1:user/release-keys	2020-04-01		
samsung	samsung	Galaxy S7 edge	SM-G935F	hero2lte	hero2ltexx	8.0.0	R16NW	G935FXXS7ETAB	samsung/hero2ltexx/hero2lte:8.0.0/R16NW/G935FXXS7ETAB:user/release-keys	2019-12-01		
samsung	samsung	Galaxy S7 edge	SM-G935U	hero2qlteue	hero2qlteue	8.0.0	R16NW	G935UUESBCTA3	samsung/hero2qlteue/hero2qlteue:8.0.0/R16NW/G935UUESBCTA3:user/release-keys	2019-12-01		
samsung	samsung	Galaxy S7	SM-G930F	herolte	heroltexx	8.0.0	R16NW	G930FXXS8ETC9	samsung/heroltexx/herolte:8.0.0/R16NW/G930FXXS8ETC9:user/release-keys	2020-02-01	exynos5	exynos5
samsung	samsung	Galaxy S7	SM-G930P	heroqltespr	heroqltespr	8.0.0	R16NW	G930PVPS9CSD1	samsung/heroqltespr/heroqltespr:8.0.0/R16NW/G930PVPS9CSD1:user/release-keys	2019-03-01		
samsung	samsung	Galaxy J2 Core	SM-J260F	j2corelte	j2coreltecis	8.1.0	M1AJB	J260FXXU9AUD3	samsung/j2coreltecis/j2corelte:8.1.0/M1AJB/J260FXXU9AUD3:user/release-keys	2021-04-01		
samsung	samsung	Galaxy J5	SM-J530F	j5y17lte	j5y17ltexx	8.1.0	M1AJQ	J530FXXU4BSC2	samsung/j5y17ltexx/j5y17lte:8.1.0/M1AJQ/J530FXXU4BSC2:user/release-keys	2019-03-01		
xiaomi	xiaomi	MI  PLAY	MI PLAY	lotus	lotus	8.1.0	O11019	9.7.11	xiaomi/lotus/lotus:8.1.0/O11019/9.7.11:user/release-keys	2019-06-01		
xiaomi	xiaomi	MI 5X	MI 5X	tiffany	tiffany	8.1.0	OPM1.171019.019	9.6.27	xiaomi/tiffany/tiffany:8.1.0/OPM1.171019.019/9.6.27:user/release-keys	2019-05-01		
Nokia	Nokia	Nokia 6	TA-1025	PLE	TA-1025_00WW	8.0.0	OPR1.170623.026	00WW_5_220	Nokia/TA-1025_00WW/PLE:8.0.0/OPR1.170623.026/00WW_5_220:user/release-keys	2018-01-01		
Xiaomi	Xiaomi	Bee 3	MI PAD 4	clover	clover	8.1.0	OPM1.171019.019	9.7.4	Xiaomi/clover/clover:8.1.0/OPM1.171019.019/9.7.4:user/release-keys			
Xiaomi	Xiaomi	MiTV	MiTV-AXSO0	dangal	dangal	8.1.0	OPM1.171019.011	1840	Xiaomi/dangal/dangal:8.1.0/OPM1.171019.011/1840:user/release-keys			
Xiaomi	Xiaomi	MiTV	MiTV-AXSO1	dangalFHD	dangalFHD	8.1.0	OPM1.171019.011	1637	Xiaomi/dangalFHD/dangalFHD:8.1.0/OPM1.171019.011/1637:user/release-keys		txlx	txlx
Xiaomi	Xiaomi	MiTV	MiTV-AXSO2	dangalUHD	dangalUHD	8.1.0	OPM1.171019.011	1808	Xiaomi/dangalUHD/dangalUHD:8.1.0/OPM1.171019.011/1808:user/release-keys		txlx	txlx
Xiaomi	Xiaomi	Redmi Go	Redmi Go	tiare	tiare	8.1.0	OPM1.171019.026	V10.2.12.0.OCLMIXM	Xiaomi/tiare/tiare:8.1.0/OPM1.171019.026/V10.2.12.0.OCLMIXM:user/release-keys			
google	google	Nexus 5X	Nexus 5X	bullhead	bullhead	8.0.0	OPR6.170623.013	4283548	google/bullhead/bullhead:8.0.0/OPR6.170623.013/4283548:user/release-keys			
google	google	Pixel C	Pixel C	dragon	ryu	8.1.0	OPM8.190605.005	5749003	google/ryu/dragon:8.1.0/OPM8.190605.005/5749003:user/release-keys			
motorola	motorola	Moto G(4)	Moto G (4)	athene	athene	8.1.0	OPJ28.111-22	532da	motorola/athene/athene:8.1.0/OPJ28.111-22/532da:user/release-keys			
motorola	motorola	Moto Z (2) Force	Moto Z (2)	nash	nash_tmo_c	8.0.0	OCXS27.109-51-14-7	12	motorola/nash_tmo_c/nash:8.0.0/OCXS27.109-51-14-7/12:user/release-keys			
motorola	motorola	Moto X (4)	moto x4	payton	payton	8.0.0	OPWS27.57-25-6-10	12	motorola/payton/payton:8.0.0/OPWS27.57-25-6-10/12:user/release-keys			
motorola	motorola	moto p30	XT1943-1	robusta	robusta	8.1.0	OPM1.171019.019	4.0.374_190123	motorola/robusta/robusta:8.1.0/OPM1.171019.019/4.0.374_190123:user/release-keys		sdm660	sdm660
motorola	motorola	Moto G (5S) Plus	Moto G (4)	sanders_n	sanders_n	8.1.0	OPS28.65-36-14	63857	motorola/sanders_n/sanders_n:8.1.0/OPS28.65-36-14/63857:user/release-keys			
samsung	samsung	SM-G6200	SM-G6200	Phoenix	Phoenix	8.1.0	OPM1.171019.026	G6200ZCU0ARK1	samsung/Phoenix/Phoenix:8.1.0/OPM1.171019.026/G6200ZCU0ARK1:user/release-keys		sdm660	sdm660
samsung	samsung	Galaxy A7(2017)	SM-A720F	a7y17lte	a7y17ltexx	8.0.0	R16NW	A720FXXU9CSK3	samsung/a7y17ltexx/a7y17lte:8.0.0/R16NW/A720FXXU9CSK3:user/release-keys			
samsung	samsung	Galaxy S8+	SM-G955F	dream2lte	dream2ltexx	8.0.0	R16NW	G955FXXU1CRC7	samsung/dream2ltexx/dream2lte:8.0.0/R16NW/G955FXXU1CRC7:user/release-keys			
samsung	samsung	Galaxy Tab S3	SM-T825	gts3llte	gts3lltexx	8.0.0	R16NW	T825XXU2BRL2	samsung/gts3lltexx/gts3llte:8.0.0/R16NW/T825XXU2BRL2:user/release-keys			
samsung	samsung	Galaxy S7 edge	SM-G935F	hero2lte	hero2ltexx	8.0.0	R16NW	G935FXXS4ESC3	samsung/hero2ltexx/hero2lte:8.0.0/R16NW/G935FXXS4ESC3:user/release-keys			
samsung	samsung	Galaxy S7	SM-G930F	herolte	heroltexx	8.0.0	R16NW	G930FXXU2ERD5	samsung/heroltexx/herolte:8.0.0/R16NW/G930FXXU2ERD5:user/release-keys			
samsung	samsung	Galaxy J2	SM-S260DL	j2corepltetfntmo	j2corepltetfntmo	8.1.0	M1AJQ	S260DLUDU1ASC7	samsung/j2corepltetfntmo/j2corepltetfntmo:8.1.0/M1AJQ/S260DLUDU1ASC7:user/release-keys			
vivo	vivo	vivo 1726	vivo 1726	1726	1726	8.1.0	O11019	1569335232	vivo/1726/1726:8.1.0/O11019/1569335232:user/release-keys		mt6765	mt6765
vivo	vivo	vivo 1802	vivo 1802	1802	1802	8.1.0	O11019	1569335325	vivo/1802/1802:8.1.0/O11019/1569335325:user/release-keys		mt6765	mt6765
vivo	vivo	vivo 1808	vivo 1808	1808	1808	8.1.0	O11019	1568709103	vivo/1808/1808:8.1.0/O11019/1568709103:user/release-keys		mt6765	mt6765
vivo	vivo	vivo 1812	vivo 1812	1812	1812	8.1.0	O11019	1563155832	vivo/1812/1812:8.1.0/O11019/1563155832:user/release-keys		mt6761	mt6761
vivo	vivo	vivo 1815	vivo 1815	1815	1815	8.1.0	O11019	1571216537	vivo/1815/1815:8.1.0/O11019/1571216537:user/release-keys		mt6765	mt6765
vivo	vivo	vivo 1820	vivo 1820	1820	1820	8.1.0	O11019	1569756860	vivo/1820/1820:8.1.0/O11019/1569756860:user/release-keys		mt6765	mt6765
vivo	vivo	Y93s	vivo PD1818C	PD1818C	PD1818C	8.1.0	O11019	1561720574	vivo/PD1818C/PD1818C:8.1.0/O11019/1561720574:user/release-keys		mt6765	mt6765
Meizu	Meizu	16 X	M1872	16X	meizu_16X_CN	8.1.0	OPM1.171019.026	1619609780	Meizu/meizu_16X_CN/16X:8.1.0/OPM1.171019.026/1619609780:user/release-keys	2020-03-01		
ZTE	ZTE	A2017U	ZTE A2017U	ailsa_ii	P996A01_O	8.0.0	OPR1.170623.032	20180815.171922	ZTE/P996A01_O/ailsa_ii:8.0.0/OPR1.170623.032/20180815.171922:user/release-keys	2018-07-01		
asus	asus	ZenPad Z8s	VZW_ASUS_P00J	ASUS_P00J	VZW_ASUS_P00J	8.0.0	OPR1.170623.032	VZW_ASUS_P00J-V5.1.5	asus/VZW_ASUS_P00J/ASUS_P00J:8.0.0/OPR1.170623.032/VZW_ASUS_P00J-V5.1.5:user/release-keys	2018-05-01	msm8952	msm8952
blackshark	Blackshark	Shark	SKR-H0	shark	SKR-H0	8.1.0	G66X1906170OS00MPX	bs.20190617.1746	blackshark/SKR-H0/shark:8.1.0/G66X1906170OS00MPX/bs.20190617.1746:user/release-keys	2019-05-05		
blackshark	blackshark	Shark	SKR-A0	shark	shark	8.1.0	G66X1812291CN00MPX	buildf07-2748	blackshark/shark/shark:8.1.0/G66X1812291CN00MPX/buildf07-2748:user/release-keys	2018-12-05		
Lenovo	Lenovo	K9	Lenovo L38043	K9	L38043	8.1.0	O11019	1551702904	Lenovo/L38043/K9:8.1.0/O11019/1551702904:user/release-keys		mt6765	mt6765
Lenovo	Lenovo	Lenovo Tab E10	LenovoTB-X104F	X104F	LenovoTB-X104F	8.1.0	OPM1.171019.026	043_190828_ROW	Lenovo/LenovoTB-X104F/X104F:8.1.0/OPM1.171019.026/043_190828_ROW:user/release-keys		msm8909	msm8909
Lenovo	Lenovo	Lenovo Tab E10	LenovoTB-X104L	X104L	LenovoTB-X104L	8.1.0	OPM1.171019.026	030_190902_ROW	Lenovo/LenovoTB-X104L/X104L:8.1.0/OPM1.171019.026/030_190902_ROW:user/release-keys		msm8909	msm8909
Lenovo	Lenovo	Lenovo Tab E10	LenovoTB-X104X	X104X	LenovoTB-X104X	8.1.0	OPM1.171019.026	022_191012_ROW	Lenovo/LenovoTB-X104X/X104X:8.1.0/OPM1.171019.026/022_191012_ROW:user/release-keys		msm8909	msm8909
Lenovo	Lenovo	Lenovo Tab P10	LenovoTB-X705F	X705F	LenovoTB-X705F	8.1.0	OPM1.171019.019	S000017_180831_ROW	Lenovo/LenovoTB-X705F/X705F:8.1.0/OPM1.171019.019/S000017_180831_ROW:user/release-keys		msm8953	msm8953
Lenovo	Lenovo	L38011	LenovoL38011_st	k5	k5	8.0.0	OPR1.170623.032	3.7.033_180413	Lenovo/k5/k5:8.0.0/OPR1.170623.032/3.7.033_180413:user/release-keys		msm8937	msm8937
Lenovo	Lenovo	K5X	Lenovo L38041	kunlun	kunlun	8.1.0	OPM1.171019.019	5.0.117_181225	Lenovo/kunlun/kunlun:8.1.0/OPM1.171019.019/5.0.117_181225:user/release-keys		sdm660	sdm660
Meizu	Meizu	16 X	meizu_16X_CN	16X	meizu_16X_CN	8.1.0	OPM1.171019.026	1572938190	Meizu/meizu_16X_CN/16X:8.1.0/OPM1.171019.026/1572938190:user/release-keys		sdm710	sdm710
Meizu	Meizu	16th	16th	16th	meizu_16th	8.1.0	OPM1.171019.026	1554756792	Meizu/meizu_16th/16th:8.1.0/OPM1.171019.026/1554756792:user/release-keys			
Meizu	Meizu	16th Plus	meizu_16thPlus_CN	16thPlus	meizu_16thPlus_CN	8.1.0	OPM1.171019.026	1533779901	Meizu/meizu_16thPlus_CN/16thPlus:8.1.0/OPM1.171019.026/1533779901:user/release-keys		sdm845	sdm845
Meizu	Meizu	16th	meizu_16th_CN	16th	meizu_16th_CN	8.1.0	OPM1.171019.026	1533779885	Meizu/meizu_16th_CN/16th:8.1.0/OPM1.171019.026/1533779885:user/release-keys		sdm845	sdm845
Meizu	Meizu	M1822	meizu_M1822_CN	M1822	meizu_M1822_CN	8.1.0	OPM1.171019.026	1574132388	Meizu/meizu_M1822_CN/M1822:8.1.0/OPM1.171019.026/1574132388:user/release-keys		msm8953	msm8953
Meizu	Meizu	M1852	meizu_M1852_CN	M1852	meizu_M1852_CN	8.1.0	OPM1.171019.026	1575272080	Meizu/meizu_M1852_CN/M1852:8.1.0/OPM1.171019.026/1575272080:user/release-keys		sdm710	sdm710
Meizu	Meizu	meizu note8	meizu_note8_EEA	meizunote8	meizu_note8_EEA	8.1.0	OPM1.171019.026	1563415055	Meizu/meizu_note8_EEA/meizunote8:8.1.0/OPM1.171019.026/1563415055:user/release-keys		msm8953	msm8953
Sony	Sony	Xperia X	F5121	F5121	F5121	8.0.0	34.4.A.2.118	1631208121	Sony/F5121/F5121:8.0.0/34.4.A.2.118/1631208121:user/release-keys			
Sony	Sony	Xperia X	F5122	F5122	F5122	8.0.0	34.4.A.2.118	1631208121	Sony/F5122/F5122:8.0.0/34.4.A.2.118/1631208121:user/release-keys			
Sony	Sony	Xperia X Compact	F5321	F5321	F5321	8.0.0	34.4.A.2.118	1631208121	Sony/F5321/F5321:8.0.0/34.4.A.2.118/1631208121:user/release-keys			
Sony	Sony	Xperia X Performance	F8131	F8131	F8131	8.0.0	41.3.A.2.99	1455830589	Sony/F8131/F8131:8.0.0/41.3.A.2.99/1455830589:user/release-keys			
Sony	Sony	Xperia X Performance	F8132	F8132	F8132	8.0.0	41.3.A.2.99	1455830589	Sony/F8132/F8132:8.0.0/41.3.A.2.99/1455830589:user/release-keys			
Sony	Sony	Xperia XZ	F8332	F8332	F8332	8.0.0	41.3.A.2.99	1455830589	Sony/F8332/F8332:8.0.0/41.3.A.2.99/1455830589:user/release-keys			
Sony	Sony	Xperia XZ Premium	G8141	G8141	G8141	8.0.0	47.1.A.12.179	1909673090	Sony/G8141/G8141:8.0.0/47.1.A.12.179/1909673090:user/release-keys			
Sony	Sony	Xperia XZ Premium	G8142	G8142	G8142	8.0.0	47.1.A.12.179	1909673090	Sony/G8142/G8142:8.0.0/47.1.A.12.179/1909673090:user/release-keys			
Sony	Sony	Xperia XZ1	G8341	G8341	G8341	8.0.0	47.1.A.12.179	1909673090	Sony/G8341/G8341:8.0.0/47.1.A.12.179/1909673090:user/release-keys			
Sony	Sony	Xperia XZ1	G8342	G8342	G8342	8.0.0	47.1.A.12.179	1909673090	Sony/G8342/G8342:8.0.0/47.1.A.12.179/1909673090:user/release-keys			
Sony	Sony	Xperia XA2	H4113	H4113	H4113	8.0.0	50.1.A.4.76	2209478692	Sony/H4113/H4113:8.0.0/50.1.A.4.76/2209478692:user/release-keys			
Sony	Sony	Xperia XZ2	H8216	H8216	H8216	8.0.0	51.1.A.3.159	620448843	Sony/H8216/H8216:8.0.0/51.1.A.3.159/620448843:user/release-keys			
Sony	Sony	Xperia XZ2 Compact	H8314	H8314	H8314	8.0.0	51.1.A.3.159	620448843	Sony/H8314/H8314:8.0.0/51.1.A.3.159/620448843:user/release-keys			
asus	asus	ZenFone Max Pro M1 (ZB602KL) (WW) / Max Pro M1 (ZB601KL) (IN)	RU_X00TD	ASUS_X00T_6	RU_X00TD	8.1.0	OPM1	15.2016.1902.340-20190216	asus/RU_X00TD/ASUS_X00T_6:8.1.0/OPM1/15.2016.1902.340-20190216:user/release-keys			
asus	asus	ZenFone 3 Max (ZC553KL)	WW_Phone	ASUS_X00DD	WW_Phone	8.1.0	OPM1.171019.011	15.0200.1812.503-0	asus/WW_Phone/ASUS_X00DD:8.1.0/OPM1.171019.011/15.0200.1812.503-0:user/release-keys			
Infinix	INFINIX MOBILITY LIMITED	Infinix NOTE 5	Infinix X604	Infinix-X604_sprout	H633	8.1.0	O11019	H-180628V207	Infinix/H633/Infinix-X604_sprout:8.1.0/O11019/H-180628V207:user/release-keys	2018-06-05		
TCL	TCL	Alcatel 3T 8	9027F	A3A_8_4G	9027F	8.1.0	O11019	vB7B-0	TCL/9027F/A3A_8_4G:8.1.0/O11019/vB7B-0:user/release-keys	2019-01-05		
htc	htc	U12+	HTC U12+	htc_imeuhl	imeuhl_00617	8.0.0	OPR1.170623.032	1050003.2	htc/imeuhl_00617/htc_imeuhl:8.0.0/OPR1.170623.032/1050003.2:user/release-keys	2018-09-01		
Infinix	Infinix	HOT 8 Lite	H8029	Infinix-X650	H8029	8.1.0	O11019	AB-190815V214	Infinix/H8029/Infinix-X650:8.1.0/O11019/AB-190815V214:user/release-keys		mt6580	mt6580
Itel	Itel	P33	F3103	itel-W5504	F3103	8.1.0	OPM2.171019.012	OP-V030-20190322	Itel/F3103/itel-W5504:8.1.0/OPM2.171019.012/OP-V030-20190322:user/release-keys		sp7731e	sp7731e
Itel	SPRD	itel A14	itel A14	itel-A14	SA215	8.1.0	OPM2.171019.012	06252253	Itel/SA215/itel-A14:8.1.0/OPM2.171019.012/06252253:user/release-keys		sp7731e	sp7731e
Itel	Itel	itel A14 Max	SA217	itel-W4003	SA217	8.1.0	OPM2.171019.012	OP-V021-20190521	Itel/SA217/itel-W4003:8.1.0/OPM2.171019.012/OP-V021-20190521:user/release-keys		sp7731e	sp7731e
Itel	Itel	itel A16 Plus	SA332	itel-A16-Plus	SA332	8.1.0	OPM2.171019.012	OP-V004-20180907	Itel/SA332/itel-A16-Plus:8.1.0/OPM2.171019.012/OP-V004-20180907:user/release-keys		sp7731e	sp7731e
Itel	Itel	A44 Air	SU375	itel-L5502	SU375	8.1.0	OPM2.171019.012	IN-V007-20181023	Itel/SU375/itel-L5502:8.1.0/OPM2.171019.012/IN-V007-20181023:user/release-keys		sp9832e	sp9832e
TCL	TCL	Alcatel 1C	5003D	Curie	5003D	8.1.0	OPM2.171019.012	5003D_ALWE_V1.1	TCL/5003D/Curie:8.1.0/OPM2.171019.012/5003D_ALWE_V1.1:user/release-keys		sp7731e	sp7731e
TCL	TCL	Alcatel 3T 8	9027Q	A3A_8_4G	9027Q	8.1.0	O11019	vB43-0	TCL/9027Q/A3A_8_4G:8.1.0/O11019/vB43-0:user/release-keys		mt6739	mt6739
htc	htc	HTC U11+	HTC U11 plus	htc_ocmdugl	ocmdugl_00401	8.0.0	OPR6.170623.013	1010171.2	htc/ocmdugl_00401/htc_ocmdugl:8.0.0/OPR6.170623.013/1010171.2:user/release-keys		msm8998	msm8998
htc	htc	U11	HTC U-3w	htc_ocndtwl	ocndtwl_01405	8.0.0	OPR6.170623.013	1017190.2	htc/ocndtwl_01405/htc_ocndtwl:8.0.0/OPR6.170623.013/1017190.2:user/release-keys			
htc	htc	U11	2PZC5	htc_ocnwhl	ocnwhl_00651	8.0.0	OPR6.170623.013	1002308.10	htc/ocnwhl_00651/htc_ocnwhl:8.0.0/OPR6.170623.013/1002308.10:user/release-keys			
lge	lge	V30	LG-H930	joan	joan_spr_us	8.0.0	OPR1.170623.026	190181203d401	lge/joan_spr_us/joan:8.0.0/OPR1.170623.026/190181203d401:user/release-keys			
ERGO	ERGO	ERGO V551 Aura	V551_Aura	V551_Aura	V551_Aura	8.1.0	O11019	1525180903	ERGO/V551_Aura/V551_Aura:8.1.0/O11019/1525180903:user/release-keys	2018-08-05		
FIH	FIH	E1M	FIH-E1M-FIH	E1M	E1M_00WW_FIH	8.1.0	OPR1.170623.026	00WW_1_15P	FIH/E1M_00WW_FIH/E1M:8.1.0/OPR1.170623.026/00WW_1_15P:user/release-keys	2018-10-01		
RED	RED	HydrogenONE	H1A1000	HydrogenONE	HydrogenONE	8.1.0	H1A1000.010ho.01.01.01r.109	109	RED/HydrogenONE/HydrogenONE:8.1.0/H1A1000.010ho.01.01.01r.109/109:user/release-keys	2018-12-01		
SHARP	FIH	SHARP AQUOS S3	FS8015	SD1	FS8015_00WW	8.0.0	OPR1.170623.027	00WW_1_380	SHARP/FS8015_00WW/SD1:8.0.0/OPR1.170623.027/00WW_1_380:user/release-keys	2018-06-01		
SHIFT	SHIFT	SHIFT6m	SHIFT6m_EEA	SHIFT6m	SHIFT6m_EEA	8.0.0	O00623	1545320289	SHIFT/SHIFT6m_EEA/SHIFT6m:8.0.0/O00623/1545320289:user/release-keys	2018-11-05		
Smartron	Smartron	Srtphone	T5524	rimo02a	srtphone	8.0.0	T5524INDURC-475	475	Smartron/srtphone/rimo02a:8.0.0/T5524INDURC-475/475:user/release-keys	2018-01-01		
Sonim	Sonim	KWSA80K	XP8812	XP8800	XP8812	8.1.0	8A.0.5-11-8.1.0-10.54.00	29	Sonim/XP8812/XP8800:8.1.0/8A.0.5-11-8.1.0-10.54.00/29:user/release-keys	2019-07-01	sdm660	sdm660
Yandex	Yandex	Amber	YNDX-000SB	Amber	Amber	8.1.0	8710.1.A.0041.20181119	11190039	Yandex/Amber/Amber:8.1.0/8710.1.A.0041.20181119/11190039:user/release-keys	2018-11-05		
Yekani	Yekani	T3A  Trend	Trend	T3A_Trend	T3A_Trend	8.1.0	OPM1.171019.026	20181115111612	Yekani/T3A_Trend/T3A_Trend:8.1.0/OPM1.171019.026/20181115111612:user/release-keys	2018-10-05		
ZUK	ZUK	Z2	ZUK Z2131	z2_plus	z2_plus	8.0.0	OPR1.170623.032	4.0.199_181018	ZUK/z2_plus/z2_plus:8.0.0/OPR1.170623.032/4.0.199_181018:user/release-keys	2018-08-01	msm8996	msm8996
Zebra	Zebra	Pixelbook	Google Pixelbook Go	atlas	atlas	8.1.0	02-32-04.00-OG-U00-STD	293	Zebra/atlas/atlas:8.1.0/02-32-04.00-OG-U00-STD/293:user/release-keys	2020-04-05	msm8952	msm8952
casio	CASIO	WSD-F20	CASIO WSD-F20	ayu	ayu	8.0.0	OWD3.180205.016	4710229	casio/ayu/ayu:8.0.0/OWD3.180205.016/4710229:user/release-keys	2018-03-05	exynos3	exynos3
ACE	ACE	AS0618	CLEVER 1	AS0618	AS0618	8.1.0	O11019	1538240865	ACE/AS0618/AS0618:8.1.0/O11019/1538240865:user/release-keys		mt6765	mt6765
BLU	BLU	Vivo XI	BLU_VIVO_XI	V0330WW	BLU_VIVO_XI	8.1.0	O11019	1543905757	BLU/BLU_VIVO_XI/V0330WW:8.1.0/O11019/1543905757:user/release-keys			
Coolpad	Coolpad	1803	1720_1803	Coolpad_1803	1720_1803	8.1.0	OPM2.171019.012	49420	Coolpad/1720_1803/Coolpad_1803:8.1.0/OPM2.171019.012/49420:user/release-keys		sp9850ka	sp9850ka
DEXP	DEXP	AL240	AL240_ru	AL240	AL240_ru	8.1.0	O11019	1545300327	DEXP/AL240_ru/AL240:8.1.0/O11019/1545300327:user/release-keys		mt6580	mt6580
DEXP	DEXP	B340	B340_ru	B340	B340_ru	8.1.0	O11019	1544146215	DEXP/B340_ru/B340:8.1.0/O11019/1544146215:user/release-keys		mt6580	mt6580
DEXP	DEXP	DEXP S380	S380	S380	S380	8.1.0	O11019	1527150168	DEXP/S380/S380:8.1.0/O11019/1527150168:user/release-keys		mt6580	mt6580
DIGMA	DIGMA	DIGMA CITI 1576 3G CS1194MG	CITI 1576 3G CS1194MG	CS1194MG	CITI_1576_3G	8.1.0	O11019	1529630276	DIGMA/CITI_1576_3G/CS1194MG:8.1.0/O11019/1529630276:user/release-keys		mt6580	mt6580
DIGMA	DIGMA	DIGMA CITI 1577 3G CS1195MG	CITI 1577 3G CS1195MG	CS1195MG	CITI_1577_3G	8.1.0	O11019	1529419705	DIGMA/CITI_1577_3G/CS1195MG:8.1.0/O11019/1529419705:user/release-keys		mt6580	mt6580
DIGMA	DIGMA	DIGMA CITI 1578 4G CS1196ML	CITI 1578 4G CS1196ML	CS1196ML	CITI_1578_4G	8.1.0	O11019	1533700980	DIGMA/CITI_1578_4G/CS1196ML:8.1.0/O11019/1533700980:user/release-keys		mt6737m	mt6737m
DIGMA	DIGMA	DIGMA CITI 7575 3G CS7193MG	CITI 7575 3G CS7193MG	CS7193MG	CITI_7575_3G	8.1.0	O11019	1529398583	DIGMA/CITI_7575_3G/CS7193MG:8.1.0/O11019/1529398583:user/release-keys		mt6580	mt6580
DIGMA	DIGMA	CITI_7586_3G	CITI_7586_3G_TS7203MG	TS7203MG	CITI_7586_3G	8.1.0	O11019	1548326090	DIGMA/CITI_7586_3G/TS7203MG:8.1.0/O11019/1548326090:user/release-keys		mt6580	mt6580
DIGMA	DIGMA	Digma LINX Alfa 3G LT4047MG	LINX ALFA 3G LT4047MG	LT4047MG	LINX_ALFA_3G	8.1.0	O11019	1532209171	DIGMA/LINX_ALFA_3G/LT4047MG:8.1.0/O11019/1532209171:user/release-keys		mt6580	mt6580
DIGMA	DIGMA	DIGMA LINX Joy 3G LT5048MG	LINX JOY 3G LT5048MG	LT5048MG	LINX_JOY_3G	8.1.0	O11019	1532159573	DIGMA/LINX_JOY_3G/LT5048MG:8.1.0/O11019/1532159573:user/release-keys		mt6580	mt6580
DIGMA	DIGMA	DIGMA LINX RAGE 4G LS5040PL	LINX RAGE 4G LS5040PL	LS5040PL	LINX_RAGE_4G	8.1.0	OPM2.171019.012	24521	DIGMA/LINX_RAGE_4G/LS5040PL:8.1.0/OPM2.171019.012/24521:user/release-keys		sp9850ka	sp9850ka
DIGMA	DIGMA	DIGMA LINX TRIX 4G LS5041PL	LINX TRIX 4G LS5041PL	LS5041PL	LINX_TRIX_4G	8.1.0	OPM2.171019.012	24521	DIGMA/LINX_TRIX_4G/LS5041PL:8.1.0/OPM2.171019.012/24521:user/release-keys		sp9850ka	sp9850ka
DIGMA	DIGMA	DIGMA LINX PAY 4G LS5053ML	Linx Pay 4G LS5053ML	LS5053ML	Linx_Pay_4G	8.1.0	O11019	1539866895	DIGMA/Linx_Pay_4G/LS5053ML:8.1.0/O11019/1539866895:user/release-keys		mt6739	mt6739
DIGMA	DIGMA	Optima_8027_3G	Optima_8027_3G_TS8211PG	TS8211PG	Optima_8027_3G	8.1.0	OPM2.171019.012	09315	DIGMA/Optima_8027_3G/TS8211PG:8.1.0/OPM2.171019.012/09315:user/release-keys		sp7731e	sp7731e
DIGMA	DIGMA	PS8163PL	Plane 8550S 4G PS8163PL	PS8163PL	Plane_8550S_4G	8.1.0	OPM2.171019.012	34217	DIGMA/Plane_8550S_4G/PS8163PL:8.1.0/OPM2.171019.012/34217:user/release-keys		sp9832e	sp9832e
DIGMA	DIGMA	Digma Plane 8580 4G PS8199ML	Plane 8580 4G PS8199ML	PS8199ML	Plane_8580_4G	8.1.0	O11019	1536640890	DIGMA/Plane_8580_4G/PS8199ML:8.1.0/O11019/1536640890:user/release-keys		mt6737m	mt6737m
DIGMA	DIGMA	Digma Platina 1579M 4G NS1800ML	Platina_1579M_4G	NS1800ML	Platina_1579M_4G	8.1.0	O11019	1535095493	DIGMA/Platina_1579M_4G/NS1800ML:8.1.0/O11019/1535095493:user/release-keys		mt6735	mt6735
FIH	FIH	SHARP AQUOS S2 Plus	SAT_0002_FIH01	SAT	SAT_0002_FIH01	8.0.0	OPR1.170623.027	0002_2_080	FIH/SAT_0002_FIH01/SAT:8.0.0/OPR1.170623.027/0002_2_080:user/release-keys		sdm660	sdm660
Fly	Fly	Fly View Max	View Max	ViewMax	viewmax	8.1.0	O11019	1544202410	Fly/viewmax/ViewMax:8.1.0/O11019/1544202410:user/release-keys		mt6739	mt6739
HOMTOM	HOMTOM	X6	C8	C8	C8	8.1.0	O11019	1548409401	HOMTOM/C8/C8:8.1.0/O11019/1548409401:user/release-keys		mt6739	mt6739
Haier	Haier	Alpha A3 Lite	A3_Lite	A3_Lite	A3_Lite	8.1.0	OPM2.171019.012	42311	Haier/A3_Lite/A3_Lite:8.1.0/OPM2.171019.012/42311:user/release-keys		sp9832e	sp9832e
LAVA	LAVA	LE9810	LAVA LE9810	LE9810	LE9810	8.1.0	O11019	1542802547	LAVA/LE9810/LE9810:8.1.0/O11019/1542802547:user/release-keys		mt6765	mt6765
LAVA	LAVA	LE9820	LAVA LE9820	LE9820	LE9820	8.1.0	O11019	1543294913	LAVA/LE9820/LE9820:8.1.0/O11019/1543294913:user/release-keys		mt6765	mt6765
LEAGOO	LEAGOO	M10c	M10	M10	M10	8.1.0	O11019	1545731738	LEAGOO/M10/M10:8.1.0/O11019/1545731738:user/release-keys		mt6739	mt6739
MITO	MITO	Mito_A37_Z1	MITO_A37_Z1plus	MITO_A37_Z1plus	MITO_A37_Z1plus	8.1.0	O21019	1544688505	MITO/MITO_A37_Z1plus/MITO_A37_Z1plus:8.1.0/O21019/1544688505:user/release-keys		sp9832e	sp9832e
Micromax	Micromax	Spark 4g	Micromax Q4002	Q4002	Q4002	8.1.0	OPM2.171019.012	134	Micromax/Q4002/Q4002:8.1.0/OPM2.171019.012/134:user/release-keys		sp9832e	sp9832e
OUKITEL	OUKITEL	C12_EEA	C12_EEA	C12	C12_EEA	8.1.0	O11019	1554082491	OUKITEL/C12_EEA/C12:8.1.0/O11019/1554082491:user/release-keys		mt6580	mt6580
PAX	PAX	A50	SPRD	A50	A50	8.1.0	OPM2.171019.012	12	PAX/A50/A50:8.1.0/OPM2.171019.012/12:user/release-keys		sp9832e	sp9832e
Philips	Philips	F5281CH	10BDL4551T	rk3288	rk3288	8.1.0	10BDL4551T	FB01.07T_TeamViwerUpdateFW	Philips/rk3288/rk3288:8.1.0/10BDL4551T/FB01.07T_TeamViwerUpdateFW:user/release-keys		rk3288	rk3288
Prestigio	Prestigio	MUZE V3	PSP3495DUO	TL49B4L	PSP3495DUO	8.1.0	O21019	1533625009	Prestigio/PSP3495DUO/TL49B4L:8.1.0/O21019/1533625009:user/release-keys		sp9850ka	sp9850ka
QMobile	QMobile	Q Infinity D	QMobile Q Infinity D	Q_Infinity_D	Q_Infinity_D	8.1.0	O11019	1524907776	QMobile/Q_Infinity_D/Q_Infinity_D:8.1.0/O11019/1524907776:user/release-keys		mt6580	mt6580
Symphony	Symphony	G100	Symphony G100	G100	G100	8.1.0	O11019	1530618779	Symphony/G100/G100:8.1.0/O11019/1530618779:user/release-keys		mt6739	mt6739
Texet	Texet	Texet TM-5584	TM-5584	TM-5584	TM-5584	8.1.0	O11019	1559646594	Texet/TM-5584/TM-5584:8.1.0/O11019/1559646594:user/release-keys		mt6739	mt6739
WIKO	WIKO	W-K200	W-K200TVIM	W-K200	W-K200TVIM	8.1.0	O11019	1535015911	WIKO/W-K200TVIM/W-K200:8.1.0/O11019/1535015911:user/release-keys		mt6580	mt6580
WIKO	WIKO	W_K400	W_K400TV	W_K400	W_K400TV	8.1.0	O11019	1533186647	WIKO/W_K400TV/W_K400:8.1.0/O11019/1533186647:user/release-keys		mt6580	mt6580
YU	YU	YU ACE	YU5014	YU5014	YU5014	8.1.0	O11019	1543909657	YU/YU5014/YU5014:8.1.0/O11019/1543909657:user/release-keys		mt6739	mt6739
YUHO	YUHO	Y1 PRO	YUHO_Y1_PRO	YUHO_Y1_PRO	YUHO_Y1_PRO	8.1.0	O11019	1530698598	YUHO/YUHO_Y1_PRO/YUHO_Y1_PRO:8.1.0/O11019/1530698598:user/release-keys		mt6739	mt6739
bq	bq	Aquaris X	Aquaris X	bardock	bardock	8.1.0	OPM1.171019.026	2015	bq/bardock/bardock:8.1.0/OPM1.171019.026/2015:user/release-keys			
bq	bq	Aquaris Vs	Aquaris VS	nappa_s	nappa_s	8.1.0	OPM1.171019.026	1446	bq/nappa_s/nappa_s:8.1.0/OPM1.171019.026/1446:user/release-keys			
bq	bq	Aquaris V Plus	Aquaris V Plus	raditz	raditz	8.1.0	OPM1.171019.026	1444	bq/raditz/raditz:8.1.0/OPM1.171019.026/1444:user/release-keys			
bq	bq	Aquaris Vs Plus	Aquaris VS Plus	raditz_s	raditz_s	8.1.0	OPM1.171019.026	1447	bq/raditz_s/raditz_s:8.1.0/OPM1.171019.026/1447:user/release-keys			
bq	bq	Aquaris U2	Aquaris U2	yamcha	yamcha	8.1.0	OPM1.171019.026	1445	bq/yamcha/yamcha:8.1.0/OPM1.171019.026/1445:user/release-keys			
mobvoi	mobvoi	TicWatch Pro	TicWatch Pro	catfish	catfish_sw	8.0.0	OWDM.180807.005.A1	5008766	mobvoi/catfish_sw/catfish:8.0.0/OWDM.180807.005.A1/5008766:user/release-keys			
Nokia	FIH	Nokia 7	TA-1041	C1N	TA-1041_00CN	7.1.1	NMF26F	00CN_0_430	Nokia/TA-1041_00CN/C1N:7.1.1/NMF26F/00CN_0_430:user/release-keys	2017-10-01	sdm660	sdm660
Xiaomi	Xiaomi	MI PAD 3	MI PAD 3	cappu	cappu	7.0	NRD90M	9.7.18	Xiaomi/cappu/cappu:7.0/NRD90M/9.7.18:user/release-keys	2019-03-01		
Xiaomi	Xiaomi	Redmi 4A	Redmi 4A	rolex	rolex	7.1.2	N2G47H	V10.2.3.0.NCCMIXM	Xiaomi/rolex/rolex:7.1.2/N2G47H/V10.2.3.0.NCCMIXM:user/release-keys	2018-07-01		
Xiaomi	Xiaomi	Redmi 4X	Redmi 4X	santoni	santoni	7.1.2	N2G47H	9.6.20	Xiaomi/santoni/santoni:7.1.2/N2G47H/9.6.20:user/release-keys	2018-10-01		
google	google	Nexus 6	Nexus 6	shamu	shamu	7.1.1	N6F27M	4299435	google/shamu/shamu:7.1.1/N6F27M/4299435:user/release-keys	2017-10-05	msm8084	msm8084
google	google	Nexus 9	Nexus 9	flounder	volantis	7.1.1	N9F27M	4333998	google/volantis/flounder:7.1.1/N9F27M/4333998:user/release-keys	2017-10-05	tegra132	tegra132
google	google	Nexus 9 LTE	Nexus 9	flounder_lte	volantisg	7.1.1	N4F27P	4333386	google/volantisg/flounder_lte:7.1.1/N4F27P/4333386:user/release-keys	2017-10-05		
motorola	motorola	Moto C	Moto C	namath	namath_54	7.0	NRD90M.041	1492857300	motorola/namath_54/namath:7.0/NRD90M.041/1492857300:user/release-keys	2017-03-05	mt6737m	mt6737m
motorola	motorola	Moto C Plus	Moto C Plus	panell_d	panell_21_d	7.0	NRD90M.03.045	045	motorola/panell_21_d/panell_d:7.0/NRD90M.03.045/045:user/release-keys	2018-09-05		
motorola	motorola	Moto C Plus	Moto C Plus	panell_dl	panell_23_dl	7.0	NRD90M.08.005	005	motorola/panell_23_dl/panell_dl:7.0/NRD90M.08.005/005:user/release-keys	2018-09-05		
motorola	motorola	Moto C	Moto C	watson	watson_50	7.0	NRD90M.055	1498721894	motorola/watson_50/watson:7.0/NRD90M.055/1498721894:user/release-keys	2017-06-05	mt6580	mt6580
samsung	samsung	Galaxy S8+	SM-G955F	dream2lte	dream2ltexx	7.0	NRD90M	G955FXXU1AQGB	samsung/dream2ltexx/dream2lte:7.0/NRD90M/G955FXXU1AQGB:user/release-keys	2017-07-01	exynos5	exynos5
samsung	samsung	Galaxy S8+	Xs	dream2qltesq	dream2qltesq	7.0	NRD90M	G955USQU1AQC9	samsung/dream2qltesq/dream2qltesq:7.0/NRD90M/G955USQU1AQC9:user/release-keys	2017-11-05		
samsung	samsung	Galaxy Grand Prime Pro	SM-J250F	j2y18lte	j2y18lteser	7.1.1	NMF26X	J250FXWU2ATL1	samsung/j2y18lteser/j2y18lte:7.1.1/NMF26X/J250FXWU2ATL1:user/release-keys	2019-10-01	msm8937	msm8937
samsung	samsung	Galaxy J5(2016)	SM-J510FN	j5xnlte	j5xnltexx	7.1.1	NMF26X	J510FNXXS3BTI1	samsung/j5xnltexx/j5xnlte:7.1.1/NMF26X/J510FNXXS3BTI1:user/release-keys	2019-07-01		
samsung	samsung	Galaxy J7 Prime	SM-J727T	j7popeltetmo	j7popeltetmo	7.0	NRD90M	FA70_J727TUVU3ARA1	samsung/j7popeltetmo/j7popeltetmo:7.0/NRD90M/FA70_J727TUVU3ARA1:user/release-keys	2017-02-01	exynos5	exynos5
samsung	samsung	SM-W2018	SM-W2018	kellyltechn	kellyltezc	7.1.1	NMF26X	W2018ZCU1ARH1	samsung/kellyltezc/kellyltechn:7.1.1/NMF26X/W2018ZCU1ARH1:user/release-keys	2018-08-01	msm8998	msm8998
samsung	samsung	Galaxy Note5	SM-N920C	noblelte	nobleltejv	7.0	NRD90M	N920CXXS5CRH2	samsung/nobleltejv/noblelte:7.0/NRD90M/N920CXXS5CRH2:user/release-keys	2018-08-01		
samsung	samsung	Galaxy On5	SM-G550FY	o5prolte	o5proltedd	7.1.1	NMF26X	G550FYXXU1CRF1	samsung/o5proltedd/o5prolte:7.1.1/NMF26X/G550FYXXU1CRF1:user/release-keys	2018-04-01	exynos3	exynos3
samsung	samsung	Galaxy S6	SM-G920F	zeroflte	zerofltexx	7.0	NRD90M	G920FXXS6ETI6	samsung/zerofltexx/zeroflte:7.0/NRD90M/G920FXXS6ETI6:user/release-keys	2018-06-01		
xiaomi	Xiaomi	Redmi Note 5A	Redmi Note 5A	ugg	ugg	7.1.2	N2G47H	V10.2.1.0.NDKCNXM	xiaomi/ugg/ugg:7.1.2/N2G47H/V10.2.1.0.NDKCNXM:user/release-keys	2018-12-01	msm8937	msm8937
xiaomi	Xiaomi	Redmi Note 5A	Redmi Note 5A	ugglite	ugglite	7.1.2	N2G47H	9.7.11	xiaomi/ugglite/ugglite:7.1.2/N2G47H/9.7.11:user/release-keys	2019-07-01	msm8937	msm8937
Huawei	Huawei	WATCH	HUAWEI WATCH	sturgeon	sturgeon	7.1.1	NWD1.171016.002	4398992	Huawei/sturgeon/sturgeon:7.1.1/NWD1.171016.002/4398992:user/release-keys			
Xiaomi	Xiaomi	achilles		achilles	achilles	7.1.1	NMF26X	7.6.14	Xiaomi/achilles/achilles:7.1.1/NMF26X/7.6.14:user/release-keys			
Xiaomi	Xiaomi	N651	N651	centaur	centaur	7.1.1	NMF26X	7.7.15	Xiaomi/centaur/centaur:7.1.1/NMF26X/7.7.15:user/release-keys			
Xiaomi	Xiaomi	Mi 4c	Mi-4c	libra	libra	7.0	NRD90M	V9.6.2.0.NXKCNFD	Xiaomi/libra/libra:7.0/NRD90M/V9.6.2.0.NXKCNFD:user/release-keys			
google	google	baracus		baracus	baracus	7.0	NRT1.240624.004	12020658	google/baracus/baracus:7.0/NRT1.240624.004/12020658:user/release-keys			
google	google	Nexus 6	Nexus 6	shamu	shamu	7.0	NBD92F	3753956	google/shamu/shamu:7.0/NBD92F/3753956:user/release-keys			
motorola	motorola	Moto X Pure Edition	XT1575	clark	clark_retus	7.0	NPHS25.200-23-1	1	motorola/clark_retus/clark:7.0/NPHS25.200-23-1/1:user/release-keys			
motorola	motorola	Moto X Play	Moto X Play	lux_uds	lux_retail_ds	7.1.1	NPD26.48-24-1	1	motorola/lux_retail_ds/lux_uds:7.1.1/NPD26.48-24-1/1:user/release-keys			
motorola	motorola	Moto X Play	Moto X Play	lux_uds	lux_retasia_ds	7.1.1	NPD26.48-24-1	1	motorola/lux_retasia_ds/lux_uds:7.1.1/NPD26.48-24-1/1:user/release-keys			
motorola	motorola	Moto E (4) Plus	Moto E (4) Plus	nicklaus_fn	nicklaus_fn	7.1.1	NMA26.42-156	183	motorola/nicklaus_fn/nicklaus_fn:7.1.1/NMA26.42-156/183:user/release-keys			
motorola	motorola	Moto C Plus	Moto C Plus	panell_d	panell_21_d	7.0	NRD90M.03.040	040	motorola/panell_21_d/panell_d:7.0/NRD90M.03.040/040:user/release-keys			
motorola	motorola	Moto G (5) Plus	Moto G (4)	potter_n	potter_n	7.0	NPNS25.137-33-11	11	motorola/potter_n/potter_n:7.0/NPNS25.137-33-11/11:user/release-keys			
motorola	motorola	Moto E (4)	Moto E (4)	sperry	sperry_sprint	7.1.1	NCQ26.69-64	68	motorola/sperry_sprint/sperry:7.1.1/NCQ26.69-64/68:user/release-keys			
samsung	samsung	Galaxy C7 Pro	SM-C7010	c7proltechn	c7proltezc	7.0	NRD90M	C7010ZCU1BQL3	samsung/c7proltezc/c7proltechn:7.0/NRD90M/C7010ZCU1BQL3:user/release-keys	2017-08-01		
samsung	samsung	Galaxy Tab E 8.0	SM-T377T	gtesltetmo	gtesltetmo	7.1.1	NMF26X	T377TUVU1BQI5	samsung/gtesltetmo/gtesltetmo:7.1.1/NMF26X/T377TUVU1BQI5:user/release-keys			
samsung	samsung	Galaxy Tab S2	SM-T813	gts210vewifi	gts210vewifixx	7.0	NRD90M	T813XXS2BSJ3	samsung/gts210vewifixx/gts210vewifi:7.0/NRD90M/T813XXS2BSJ3:user/release-keys			
samsung	samsung	Galaxy J2 Pro	SM-J250F	j2y18lte	j2y18ltejx	7.1.1	NMF26X	J250FXXU2ASK1	samsung/j2y18ltejx/j2y18lte:7.1.1/NMF26X/J250FXXU2ASK1:user/release-keys			
samsung	samsung	Galaxy J5(2016)	SM-J510FN	j5xnlte	j5xnltexx	7.1.1	NMF26X	J510FNXXS2BRA2	samsung/j5xnltexx/j5xnlte:7.1.1/NMF26X/J510FNXXS2BRA2:user/release-keys			
samsung	samsung	Galaxy A8+(2018)	SM-A730F	jackpot2lte	jackpot2ltexx	7.1.1	NMF26X	A730FXXU2ARD1	samsung/jackpot2ltexx/jackpot2lte:7.1.1/NMF26X/A730FXXU2ARD1:user/release-keys			
samsung	samsung	Galaxy Note5	SAMSUNG-SM-N920A	noblelteatt	noblelteuc	7.0	NRD90M	N920AUCU4EQC6	samsung/noblelteuc/noblelteatt:7.0/NRD90M/N920AUCU4EQC6:user/release-keys			
samsung	samsung	Galaxy J7 Prime	SM-G610F	on7xelte	on7xeltedd	7.0	NRD90M	G610FDXU1BQK2	samsung/on7xeltedd/on7xelte:7.0/NRD90M/G610FDXU1BQK2:user/release-keys			
samsung	samsung	Galaxy S6	SM-G920F	zeroflte	zerofltexx	7.0	NRD90M	G920FXXS5EQL1	samsung/zerofltexx/zeroflte:7.0/NRD90M/G920FXXS5EQL1:user/release-keys			
samsung	samsung	Galaxy S6 edge	SM-G925I	zerolte	zeroltexx	7.0	NRD90M	G925FXXS5EQL1	samsung/zeroltexx/zerolte:7.0/NRD90M/G925FXXS5EQL1:user/release-keys			
Lenovo	LENOVO	Lenovo TAB 7 Essential	LenovoTB-7304F_ROW	TB-7304F	LenovoTB-7304F	7.0	NRD90M	TB-7304F_S000060_171019_ROW	Lenovo/LenovoTB-7304F/TB-7304F:7.0/NRD90M/TB-7304F_S000060_171019_ROW:user/release-keys	2017-09-05	mt8167	mt8167
Lenovo	Lenovo	Lenovo TAB 7 Essential	LenovoTB-7304F	TB-7304F	LenovoTB-7304F	7.0	NRD90M	TB-7304F_S100012_190528_ROW	Lenovo/LenovoTB-7304F/TB-7304F:7.0/NRD90M/TB-7304F_S100012_190528_ROW:user/release-keys	2019-04-05		
Lenovo	Lenovo	Lenovo TAB 7	LenovoTB-7504F	TB-7504F	LenovoTB-7504F	7.0	NRD90M	TB-7504F_S000032_180823_ROW	Lenovo/LenovoTB-7504F/TB-7504F:7.0/NRD90M/TB-7504F_S000032_180823_ROW:user/release-keys	2018-07-01		
Lenovo	Lenovo	Lenovo TAB4 8 Plus	TB-8704V	TB-8704V	TB-8704V	7.1.1	NMF26F	TB-8704V_USR_S045_181122_ROW	Lenovo/TB-8704V/TB-8704V:7.1.1/NMF26F/TB-8704V_USR_S045_181122_ROW:user/release-keys	2018-11-01		
Lenovo	Lenovo	Lenovo YOGA Tab 3 Plus	Lenovo YT-X703X	YT-X703X	YT-X703X	7.1.1	S100	YT-X703X_S000973_180524_ROW	Lenovo/YT-X703X/YT-X703X:7.1.1/S100/YT-X703X_S000973_180524_ROW:user/release-keys	2018-05-01		
Meizu	Meizu	15 Plus	Meizu_15Plus_CN	15Plus	Meizu_15Plus_CN	7.0	NRD90M	1523520245	Meizu/Meizu_15Plus_CN/15Plus:7.0/NRD90M/1523520245:user/release-keys	2018-03-05		
Meizu	Meizu	M15	Meizu_M15_CN	M15	Meizu_M15_CN	7.1.2	N2G47H	1555439922	Meizu/Meizu_M15_CN/M15:7.1.2/N2G47H/1555439922:user/release-keys	2019-09-01		
Meizu	Meizu	15	15	15	meizu_15	7.1.1	NGI77B	1530694553	Meizu/meizu_15/15:7.1.1/NGI77B/1530694553:user/release-keys	2018-06-01		
Meizu	Meizu	15	meizu_15_CN	15	meizu_15_CN	7.1.1	NGI77B	1523428748	Meizu/meizu_15_CN/15:7.1.1/NGI77B/1523428748:user/release-keys	2018-02-05		
asus	asus	ZenFone AR (ZS571KL)	ZS571KL	ASUS_A002	WW_ASUS_A002	7.0	NRD90M	14.1600.1805.51-20180626	asus/WW_ASUS_A002/ASUS_A002:7.0/NRD90M/14.1600.1805.51-20180626:user/release-keys	2018-05-05	msm8996	msm8996
asus	asus	ZenFone AR (ZS571KL)	ASUS_A002	ASUS_A002_2	WW_ASUS_A002_2	7.0	NRD90M	14.1610.1802.18-20180321	asus/WW_ASUS_A002_2/ASUS_A002_2:7.0/NRD90M/14.1610.1802.18-20180321:user/release-keys	2018-02-05	msm8996	msm8996
asus	asus	ZenFone 4 Max (ZC520KL)	ASUS_X00HD	ASUS_X00HD_4	WW_Phone	7.1.1	NMF26F	14.2016.1807.375-20180730	asus/WW_Phone/ASUS_X00HD_4:7.1.1/NMF26F/14.2016.1807.375-20180730:user/release-keys	2018-07-01		
asus	asus	ZenFone 4 Selfie Pro (ZD552KL)	ASUS_Z01MD	ASUS_Z01M_1	WW_Z01M	7.1.1	NMF26F	WW_71.50.395.99_20190918	asus/WW_Z01M/ASUS_Z01M_1:7.1.1/NMF26F/WW_71.50.395.99_20190918:user/release-keys	2019-09-05	msm8953	msm8953
Lenovo	Lenovo	Lenovo TAB4	702LV	702LV	702LV	7.1.1	NMF26F	702LV_S018_171215	Lenovo/702LV/702LV:7.1.1/NMF26F/702LV_S018_171215:user/release-keys			
Lenovo	Lenovo	VIBE K6 Note	Lenovo K53a48	K53a48	karatep	7.0	NRD90N	K53_S228_171114_ROW	Lenovo/karatep/K53a48:7.0/NRD90N/K53_S228_171114_ROW:user/release-keys			
Lenovo	Lenovo	P2	Lenovo P2a42	P2a42	kuntao_row	7.0	NRD90N	P2a42_S251_171107_ROW	Lenovo/kuntao_row/P2a42:7.0/NRD90N/P2a42_S251_171107_ROW:user/release-keys			
Sony	Sony	Xperia Z5 Compact	E5823	E5823	E5823	7.1.1	32.4.A.1.54	3761073091	Sony/E5823/E5823:7.1.1/32.4.A.1.54/3761073091:user/release-keys			
Sony	Sony	Xperia Z5	E6603	E6603	E6603	7.1.1	32.4.A.1.54	3761073091	Sony/E6603/E6603:7.1.1/32.4.A.1.54/3761073091:user/release-keys			
Sony	Sony	Xperia Z5 dual	E6633	E6633	E6633	7.1.1	32.4.A.1.54	3761073091	Sony/E6633/E6633:7.1.1/32.4.A.1.54/3761073091:user/release-keys			
Sony	Sony	Xperia Z5	E6653	E6653	E6653	7.1.1	32.4.A.1.54	3761073091	Sony/E6653/E6653:7.1.1/32.4.A.1.54/3761073091:user/release-keys			
Sony	Sony	Xperia Z5 Premium	E6853	E6853	E6853	7.1.1	32.4.A.1.54	3761073091	Sony/E6853/E6853:7.1.1/32.4.A.1.54/3761073091:user/release-keys			
Sony	Sony	Xperia Z5 Premium	E6883	E6883	E6883	7.1.1	32.4.A.1.54	3761073091	Sony/E6883/E6883:7.1.1/32.4.A.1.54/3761073091:user/release-keys			
ZTE	ZTE	ZTE A2017U	P996A01_N	ailsa_ii	P996A01_N	7.1.1	NMF26V	20171211.005949	ZTE/P996A01_N/ailsa_ii:7.1.1/NMF26V/20171211.005949:user/release-keys			
asus	asus	ZenFone 3 Ultra (ZU680KL)	WW_Phone	ASUS_A001	WW_Phone	7.0	NRD90M	14.1010.1804.75-20180612	asus/WW_Phone/ASUS_A001:7.0/NRD90M/14.1010.1804.75-20180612:user/release-keys			
Infinix	Infinix	NOTE 3	Infinix NOTE 3	X601	X601-A1	7.0	NRD90M	X601-H536A1-N-170324V139	Infinix/X601-A1/X601:7.0/NRD90M/X601-H536A1-N-170324V139:user/release-keys	2017-02-05	mt6753	mt6753
htc	HTC	M9	HTC One M9	htc_himaulatt	himaulatt_na_gen_unlock	7.0	NRD90M	894012.12	htc/himaulatt_na_gen_unlock/htc_himaulatt:7.0/NRD90M/894012.12:user/release-keys	2017-04-01	msm8994	msm8994
lge	LGE	LG Smart Folder	LGM-X100S	cf2	cf2_skt_kr	7.1.2	N2G47H	1926716323e6f	lge/cf2_skt_kr/cf2:7.1.2/N2G47H/1926716323e6f:user/release-keys	2019-09-01	msm8909	msm8909
htc	htc	HTC Bolt	2PYB2	htc_acawhl	acawhl_00651	7.0	NRD90M	821651.15	htc/acawhl_00651/htc_acawhl:7.0/NRD90M/821651.15:user/release-keys			
lge	lge	LG Stylo 2	LG-K540	ph1	ph1_spr_us	7.0	NRD90U	170331315db4e	lge/ph1_spr_us/ph1:7.0/NRD90U/170331315db4e:user/release-keys			
GIGI	GIGI	U1	GIGI_U1	GIGI_U1	GIGI_U1	7.0	NRD90M	1535561303	GIGI/GIGI_U1/GIGI_U1:7.0/NRD90M/1535561303:user/release-keys	2018-08-05		
KDDI	KDDI	Galaxy S6 Edge	SCV31_jp_kdi	SCV31	SCV31_jp_kdi	7.0	NRD90M	SCV31KDU1CQG1	KDDI/SCV31_jp_kdi/SCV31:7.0/NRD90M/SCV31KDU1CQG1:user/release-keys	2017-07-01	exynos5	exynos5
SHARP	FIH	SHARP AQUOS S2 Plus	FS8016	SAT	FS8016_00WW	7.1.1	NMF26X	00WW_1_35F	SHARP/FS8016_00WW/SAT:7.1.1/NMF26X/00WW_1_35F:user/release-keys	2018-02-01	sdm660	sdm660
Symphony	Symphony	V47	V47	V47	V47	7.0	NRD90M	1490694394	Symphony/V47/V47:7.0/NRD90M/1490694394:user/release-keys	2017-08-05	mt6580	mt6580
Telkom	Telkom	Play TV	DV8219_2G	DV8219	DV8219_2G	7.1.2	NHG47L	20171121	Telkom/DV8219_2G/DV8219:7.1.2/NHG47L/20171121:user/release-keys	2017-10-01		
Umx	Teleepoch	U2VR	U2VR	U2VR	U2VR	7.1.1	U2_01.01.15	332210	Umx/U2VR/U2VR:7.1.1/U2_01.01.15/332210:user/release-keys	2018-02-01	msm8952	msm8952
Verizon	Verizon	Galaxy S6 Edge	SM-G925V	zeroltevzw	zeroltevzw	7.0	NRD90M	G925VVRU4DRE1	Verizon/zeroltevzw/zeroltevzw:7.0/NRD90M/G925VVRU4DRE1:user/release-keys	2018-03-01		
acer	acer	Acer Holo360	C01	acer_c01	c01_ww	7.1.1	NMF26F	1521514970	acer/c01_ww/acer_c01:7.1.1/NMF26F/1521514970:user/release-keys	2018-04-01		
nvidia	NVIDIA	SHIELD Tablet	SHIELD Tablet K1	shieldtablet	sb_na_wf	7.0	NRD90M	1928188_904.2811	nvidia/sb_na_wf/shieldtablet:7.0/NRD90M/1928188_904.2811:user/release-keys	2017-04-01	tegra	tegra
nvidia	NVIDIA	SHIELD Tablet	SHIELD Tablet	shieldtablet	wx_na_wf	7.0	NRD90M	1928188_1006.1489	nvidia/wx_na_wf/shieldtablet:7.0/NRD90M/1928188_1006.1489:user/release-keys	2017-11-05	tegra	tegra
nvidia	NVIDIA	SHIELD Tablet	SHIELD Tablet	shieldtablet	wx_un_do	7.0	NRD90M	1928188_1065.2559	nvidia/wx_un_do/shieldtablet:7.0/NRD90M/1928188_1065.2559:user/release-keys	2018-01-05	tegra	tegra
DIGMA	DIGMA	DIGMA Plane 1572N 3G PS1187MG	Plane 1572N 3G PS1187MG	PS1187MG	Plane_1572N_3G	7.0	NRD90M	1518006799	DIGMA/Plane_1572N_3G/PS1187MG:7.0/NRD90M/1518006799:user/release-keys			
VOTO	VOTO	SICO Mega2	Sico Mega2	sp9832a_2h11	sp9832a_2h11_4mvoltesea_tee	7.0	NRD90M	1101	VOTO/sp9832a_2h11_4mvoltesea_tee/sp9832a_2h11:7.0/NRD90M/1101:user/release-keys	2017-09-05		
ZUK	ZUK	Z2 Pro	Z2_PRO	z2_row	z2_row	7.0	NRD90M	2.5.435_170525	ZUK/z2_row/z2_row:7.0/NRD90M/2.5.435_170525:user/release-keys			
nvidia	nvidia	SHIELD Tablet	SHIELD Tablet	shieldtablet	sb_na_wf	7.0	NRD90M	1928188_1065.2559	nvidia/sb_na_wf/shieldtablet:7.0/NRD90M/1928188_1065.2559:user/release-keys			
Xiaomi	Xiaomi	Redmi 3S	Redmi 3S	land	land	6.0.1	MMB29M	V10.2.2.0.MALMIXM	Xiaomi/land/land:6.0.1/MMB29M/V10.2.2.0.MALMIXM:user/release-keys	2017-04-01		
Xiaomi	Xiaomi	Redmi 4	Redmi 4	markw	markw	6.0.1	MMB29M	V10.2.2.0.MBEMIXM	Xiaomi/markw/markw:6.0.1/MMB29M/V10.2.2.0.MBEMIXM:user/release-keys	2018-04-01		
google	asus	Nexus 7 (2012)	Nexus 7	flo	razor	6.0.1	MOB30X	3036618	google/razor/flo:6.0.1/MOB30X/3036618:user/release-keys	2016-08-05	msm8960	msm8960
google	asus	Nexus 7 (2012)	Nexus 7	deb	razorg	6.0.1	MOB30X	3036618	google/razorg/deb:6.0.1/MOB30X/3036618:user/release-keys	2016-08-05	msm8960	msm8960
motorola	motorola	Moto E3 Power	XT1706	taido_row	taido_row	6.0	MRA58K	XT1706_S152_190315_ROW	motorola/taido_row/taido_row:6.0/MRA58K/XT1706_S152_190315_ROW:user/release-keys	2018-05-05		
motorola	motorola	Moto X (2nd Gen)	XT1092	victara	victara_retgb	6.0	MPES24.49-18-7	7	motorola/victara_retgb/victara:6.0/MPES24.49-18-7/7:user/release-keys	2016-08-01	msm8974	msm8974
oneplus	OnePlus	One	A0001	A0001	bacon	6.0.1	MHC19Q	ZNH2KAS3P0	oneplus/bacon/A0001:6.0.1/MHC19Q/ZNH2KAS3P0:user/release-keys	2016-09-01	msm8974	msm8974
samsung	samsung	Galaxy Note7	SM-N930F	gracelte	graceltexx	6.0.1	MMB29K	FA60_N930FXXU2APK3	samsung/graceltexx/gracelte:6.0.1/MMB29K/FA60_N930FXXU2APK3:user/release-keys	2016-07-01	exynos5	exynos5
samsung	samsung	Galaxy J2 Prime	SM-G532G	grandpplte	grandpplteins	6.0.1	MMB29T	G532GDDU1APL1	samsung/grandpplteins/grandpplte:6.0.1/MMB29T/G532GDDU1APL1:user/release-keys	2016-12-01	mt6737t	mt6737t
samsung	samsung	Galaxy J5	SM-J500M	j5lte	j5lteub	6.0.1	MMB29M	J500MUBU1BPL1	samsung/j5lteub/j5lte:6.0.1/MMB29M/J500MUBU1BPL1:user/release-keys	2016-12-01	msm8916	msm8916
samsung	samsung	Galaxy S5 Mini	SM-G800H	kmini3g	kmini3gxx	6.0.1	MMB29M	G800HXXS1CRJ2	samsung/kmini3gxx/kmini3g:6.0.1/MMB29M/G800HXXS1CRJ2:user/release-keys	2016-11-01	msm8226	msm8226
samsung	samsung	Galaxy S7 Active	SAMSUNG-SM-G891A	poseidonlteatt	poseidonlteuc	6.0.1	MMB29M	G891AUCU1APG7	samsung/poseidonlteuc/poseidonlteatt:6.0.1/MMB29M/G891AUCU1APG7:user/release-keys	2016-07-01	msm8996	msm8996
OnePlus	OnePlus	OnePlus	OnePlus	OnePlus	OnePlus	6.0.1	MMB29M	10281213	OnePlus/OnePlus/OnePlus:6.0.1/MMB29M/10281213:user/release-keys			
OnePlus	OnePlus	2	OnePlus2	OnePlus2	OnePlus2	6.0.1	MMB29M	1447841200	OnePlus/OnePlus2/OnePlus2:6.0.1/MMB29M/1447841200:user/release-keys			
Xiaomi	Xiaomi	Kate	Redmi Note 3	kate	kate	6.0.1	MMB29M	V8.1.3.0.MHRMIDI	Xiaomi/kate/kate:6.0.1/MMB29M/V8.1.3.0.MHRMIDI:user/release-keys			
Xiaomi	Xiaomi	Redmi 3S	Redmi 3S	land	land	6.0.1	MMB29M	9.3.28	Xiaomi/land/land:6.0.1/MMB29M/9.3.28:user/release-keys			
Xiaomi	Xiaomi	Redmi Note 4	Redmi Note 4	nikel	nikel	6.0	MRA58K	V9.2.2.0.MBFMIEK	Xiaomi/nikel/nikel:6.0/MRA58K/V9.2.2.0.MBFMIEK:user/release-keys			
google	google	Nexus 5	Nexus 5	hammerhead	hammerhead	6.0.1	M4B30Z	3437181	google/hammerhead/hammerhead:6.0.1/M4B30Z/3437181:user/release-keys			
motorola	motorola	Moto X Style	XT1575	clark	clark_reteu	6.0	MPHS24.49-18-8	4	motorola/clark_reteu/clark:6.0/MPHS24.49-18-8/4:user/release-keys			
motorola	motorola	Moto G (3rd Gen)	MotoG3	osprey_ud2	osprey_retasia_ds_2gb	6.0.1	MPI24.107-55-2	2	motorola/osprey_retasia_ds_2gb/osprey_ud2:6.0.1/MPI24.107-55-2/2:user/release-keys			
motorola	motorola	Moto E with 4G LTE (2nd Gen)	MotoE2(4G-LTE)	surnia_uds	surnia_retbr_ds	6.0	MPI24.65-39-4	3	motorola/surnia_retbr_ds/surnia_uds:6.0/MPI24.65-39-4/3:user/release-keys			
motorola	motorola	Moto X (2nd Gen)	XT1092	victara	victara_retgb	6.0	MPE24.49-18	16	motorola/victara_retgb/victara:6.0/MPE24.49-18/16:user/release-keys			
motorola	motorola	Moto X (2nd Gen)	XT1092	victara	victara_tmo	6.0	MPE24.49-18	20	motorola/victara_tmo/victara:6.0/MPE24.49-18/20:user/release-keys			
motorola	motorola	Moto X (2nd Gen)	XT1095	victara	victara_tmo	6.0	MPES24.49-18-7	7	motorola/victara_tmo/victara:6.0/MPES24.49-18-7/7:user/release-keys			
samsung	samsung	Galaxy A3	SM-A300FU	a3ulte	a3ultexx	6.0.1	MMB29M	A300FUXXU1CRF1	samsung/a3ultexx/a3ulte:6.0.1/MMB29M/A300FUXXU1CRF1:user/release-keys			
samsung	samsung	Galaxy A5	SM-A500FU	a5ulte	a5ultexx	6.0.1	MMB29M	A500FUXXU1CPH3	samsung/a5ultexx/a5ulte:6.0.1/MMB29M/A500FUXXU1CPH3:user/release-keys			
samsung	samsung	Galaxy A7(2016)	SM-A710F	a7xelte	a7xeltexx	6.0.1	MMB29K	A710FXXU2BQA2	samsung/a7xeltexx/a7xelte:6.0.1/MMB29K/A710FXXU2BQA2:user/release-keys			
samsung	samsung	Galaxy A8	SM-A800F	a8elte	a8eltejv	6.0.1	MMB29K	A800FXXS1BPK1	samsung/a8eltejv/a8elte:6.0.1/MMB29K/A800FXXS1BPK1:user/release-keys			
samsung	samsung	Galaxy A8	SM-A800I	a8hplte	a8hpltedx	6.0.1	MMB29K	A800IXXS2BQC3	samsung/a8hpltedx/a8hplte:6.0.1/MMB29K/A800IXXS2BQC3:user/release-keys			
samsung	samsung	Galaxy A8	SM-A8000	a8ltechn	a8ltezc	6.0.1	MMB29M	A8000ZCU2BQE1	samsung/a8ltezc/a8ltechn:6.0.1/MMB29M/A8000ZCU2BQE1:user/release-keys			
samsung	samsung	Galaxy Note7	SM-N930P	graceqltespr	graceqltespr	6.0.1	MMB29M	N930PVPU1APGC	samsung/graceqltespr/graceqltespr:6.0.1/MMB29M/N930PVPU1APGC:user/release-keys			
samsung	samsung	Galaxy J2 Prime	SM-G532G	grandpplte	grandpplteser	6.0.1	MMB29T	G532FXXU1AQB4	samsung/grandpplteser/grandpplte:6.0.1/MMB29T/G532FXXU1AQB4:user/release-keys			
samsung	samsung	Galaxy Tab A	SM-P550	gt5note10wifi	gt5note10wifixx	6.0.1	MMB29M	P550XXU1BPF3	samsung/gt5note10wifixx/gt5note10wifi:6.0.1/MMB29M/P550XXU1BPF3:user/release-keys			
samsung	samsung	Galaxy S7 Edge	SM-G935P	hero2qltespr	hero2qltespr	6.0.1	MMB29M	G935PVPS2APG1	samsung/hero2qltespr/hero2qltespr:6.0.1/MMB29M/G935PVPS2APG1:user/release-keys			
samsung	samsung	Galaxy J1	SAMSUNG-SM-J120AZ	j1xlteaio	j1xltetu	6.0.1	MMB29K	J120AZTUS2AQB2	samsung/j1xltetu/j1xlteaio:6.0.1/MMB29K/J120AZTUS2AQB2:user/release-keys			
samsung	samsung	Galaxy J3 Pop	SM-S327VL	j3popltetfnvzw	j3popltetfnvzw	6.0.1	MMB29M	S327VLUDU3ARC1	samsung/j3popltetfnvzw/j3popltetfnvzw:6.0.1/MMB29M/S327VLUDU3ARC1:user/release-keys			
samsung	samsung	Galaxy J5	SM-J500H	j53g	j53gxx	6.0.1	MMB29M	J500HXXS2BRJ2	samsung/j53gxx/j53g:6.0.1/MMB29M/J500HXXS2BRJ2:user/release-keys			
samsung	samsung	Galaxy J5	SM-J5007	j5lte	j5ltexx	6.0.1	MMB29M	J500FXXS1BQC1	samsung/j5ltexx/j5lte:6.0.1/MMB29M/J500FXXS1BQC1:user/release-keys			
samsung	samsung	Galaxy J5	SM-J500FN	j5nlte	j5nltexx	6.0.1	MMB29M	J500FNXXS1BQG1	samsung/j5nltexx/j5nlte:6.0.1/MMB29M/J500FNXXS1BQG1:user/release-keys			
samsung	samsung	Galaxy J5(2016)	SM-J510FN	j5xnlte	j5xnltedx	6.0.1	MMB29M	J510GNDXU1APF4	samsung/j5xnltedx/j5xnlte:6.0.1/MMB29M/J510GNDXU1APF4:user/release-keys			
samsung	samsung	Galaxy J7	SM-J700H	j7e3g	j7e3gxx	6.0.1	MMB29K	J700HXXU3BRC1	samsung/j7e3gxx/j7e3g:6.0.1/MMB29K/J700HXXU3BRC1:user/release-keys			
samsung	samsung	Galaxy J7	SM-J700F	j7elte	j7eltexx	6.0.1	MMB29K	J700FXXU4BRL2	samsung/j7eltexx/j7elte:6.0.1/MMB29K/J700FXXU4BRL2:user/release-keys			
samsung	samsung	Galaxy J7 Pop	SM-S727VL	j7popqltetfnvzw	j7popqltetfnvzw	6.0.1	MMB29M	S727VLUDU3ARC1	samsung/j7popqltetfnvzw/j7popqltetfnvzw:6.0.1/MMB29M/S727VLUDU3ARC1:user/release-keys			
samsung	samsung	Galaxy S5	SM-G900H	k3g	k3gxx	6.0.1	MMB29K	G900HXXS1CQD7	samsung/k3gxx/k3g:6.0.1/MMB29K/G900HXXS1CQD7:user/release-keys			
samsung	samsung	Galaxy S5 LTE-A	SM-G901F	kccat6	kccat6xx	6.0.1	MMB29M	G901FXXU1CRH4	samsung/kccat6xx/kccat6:6.0.1/MMB29M/G901FXXU1CRH4:user/release-keys			
samsung	samsung	Galaxy S5	SM-G900T	kltetmo	kltetmo	6.0.1	MMB29M	G900TUVU1GQC2	samsung/kltetmo/kltetmo:6.0.1/MMB29M/G900TUVU1GQC2:user/release-keys			
samsung	samsung	Galaxy S5	SAMSUNG-SM-G900A	klteatt	klteuc	6.0.1	MMB29M	G900AUCU4DPE3	samsung/klteuc/klteatt:6.0.1/MMB29M/G900AUCU4DPE3:user/release-keys			
samsung	samsung	Galaxy S5	SM-G9008W	klte	kltexx	6.0.1	MMB29M	G900FXXS1CQDB	samsung/kltexx/klte:6.0.1/MMB29M/G900FXXS1CQDB:user/release-keys			
samsung	samsung	Galaxy S5	SM-G906L	lentisltelgt	lentisltelgt	6.0.1	MMB29M	G906LKLU1CPF2	samsung/lentisltelgt/lentisltelgt:6.0.1/MMB29M/G906LKLU1CPF2:user/release-keys			
samsung	samsung	Galaxy Grand2	SM-G7102	ms013g	ms013gxx	6.0.1	MOB31K	c7c635374b	samsung/ms013gxx/ms013g:6.0.1/MOB31K/c7c635374b:user/release-keys			
samsung	samsung	Galaxy Note5	SM-N9200	nobleltehk	nobleltezh	6.0.1	MMB29K	N9200ZHU2BPF2	samsung/nobleltezh/nobleltehk:6.0.1/MMB29K/N9200ZHU2BPF2:user/release-keys			
samsung	samsung	Galaxy On5	SM-S550TL	on5ltetfntmo	on5ltetfntmo	6.0.1	MMB29K	S550TLUDU1APG1	samsung/on5ltetfntmo/on5ltetfntmo:6.0.1/MMB29K/S550TLUDU1APG1:user/release-keys			
samsung	samsung	Galaxy S7 Active	SAMSUNG-SM-G891A	poseidonlteatt	poseidonlteuc	6.0.1	MMB29M	G891AUCS2API2	samsung/poseidonlteuc/poseidonlteatt:6.0.1/MMB29M/G891AUCS2API2:user/release-keys			
samsung	samsung	Galaxy S5 Neo	SM-G903F	s5neolte	s5neoltexx	6.0.1	MMB29K	G903FXXU1BPD3	samsung/s5neoltexx/s5neolte:6.0.1/MMB29K/G903FXXU1BPD3:user/release-keys			
samsung	samsung	Galaxy Note4	SM-N910C	trelte	treltexx	6.0.1	MMB29K	N910CXXS2DQHA	samsung/treltexx/trelte:6.0.1/MMB29K/N910CXXS2DQHA:user/release-keys			
samsung	samsung	Galaxy Note4	SM-N910F	trlte	trltedt	6.0.1	MMB29M	N910GDTU1DQL2	samsung/trltedt/trlte:6.0.1/MMB29M/N910GDTU1DQL2:user/release-keys			
samsung	samsung	Galaxy Note4	SM-N910P	trltespr	trltespr	6.0.1	MMB29M	N910PVPU5DQI5	samsung/trltespr/trltespr:6.0.1/MMB29M/N910PVPU5DQI5:user/release-keys			
samsung	samsung	Galaxy Note4	SM-N910T	trltetmo	trltetmo	6.0.1	MMB29M	N910TUVS2EPG2	samsung/trltetmo/trltetmo:6.0.1/MMB29M/N910TUVS2EPG2:user/release-keys			
samsung	samsung	Galaxy Note4	SM-N910T	trltetmo	trltetmofrp	6.0.1	MMB29M	N910T3UVS3EQG1	samsung/trltetmofrp/trltetmo:6.0.1/MMB29M/N910T3UVS3EQG1:user/release-keys			
samsung	samsung	Galaxy Note4	SM-N910F	trlte	trltexx	6.0.1	MMB29M	N910FXXS1DQH9	samsung/trltexx/trlte:6.0.1/MMB29M/N910FXXS1DQH9:user/release-keys			
samsung	samsung	Galaxy S6	SM-G920F	zeroflte	zerofltedv	6.0.1	MMB29K	G920IDVU3EPFC	samsung/zerofltedv/zeroflte:6.0.1/MMB29K/G920IDVU3EPFC:user/release-keys			
samsung	samsung	Galaxy S6	SAMSUNG-SM-G920A	zeroflteatt	zeroflteuc	6.0.1	MMB29K	G920AUCS4CPG1	samsung/zeroflteuc/zeroflteatt:6.0.1/MMB29K/G920AUCS4CPG1:user/release-keys			
vivo	vivo	PD1628F_EX	PD1628F_EX	PD1628F_EX	PD1628F_EX	6.0.1	MMB29M	compiler01052117	vivo/PD1628F_EX/PD1628F_EX:6.0.1/MMB29M/compiler01052117:user/release-keys			
Lenovo	LENOVO	VIBE K10	Lenovo K10a40	K10a40	K10a40	6.0	MRA58K	K10a40_S111_170505_ROW_WE	Lenovo/K10a40/K10a40:6.0/MRA58K/K10a40_S111_170505_ROW_WE:user/release-keys	2017-03-05	mt6735m	mt6735m
Lenovo	Lenovo	K10e70	Lenovo K10e70	K10e70	K10e70	6.0.1	MMB29M	K10e70_S201_170109	Lenovo/K10e70/K10e70:6.0.1/MMB29M/K10e70_S201_170109:user/release-keys	2016-10-01	msm8909	msm8909
Lenovo	Lenovo	Lenovo TAB3 10 Plus	LenovoTB3-X70F	TB3-X70F	LenovoTB3-X70F	6.0	MRA58K	TB3-X70F_S000008_180326_ROW_P	Lenovo/LenovoTB3-X70F/TB3-X70F:6.0/MRA58K/TB3-X70F_S000008_180326_ROW_P:user/release-keys	2018-01-05		
Lenovo	Lenovo	Lenovo TAB3 10 Plus	LenovoTB3-X70L	TB3-X70L	LenovoTB3-X70L	6.0	MRA58K	TB3-X70L_S000007_180326_ROW_P	Lenovo/LenovoTB3-X70L/TB3-X70L:6.0/MRA58K/TB3-X70L_S000007_180326_ROW_P:user/release-keys	2018-01-05		
Lenovo	Lenovo	Lenovo PHAB2	Lenovo PB2-650M	PB2	PB2-650M	6.0	MRA58K	PB2-650M_S050_181101_ROW	Lenovo/PB2-650M/PB2:6.0/MRA58K/PB2-650M_S050_181101_ROW:user/release-keys	2018-08-05		
Lenovo	Lenovo	Lenovo PHAB2	Lenovo PB2-650Y	PB2	PB2-650Y	6.0	MRA58K	PB2-650Y_S041_181101_ROW	Lenovo/PB2-650Y/PB2:6.0/MRA58K/PB2-650Y_S041_181101_ROW:user/release-keys	2018-08-05		
Lenovo	Lenovo	PB2 plus	Lenovo PB2-670M1	PB2-670M1	PB2PLUS	6.0	MRA58K	PB2-670M1_S000002_180409_ROW	Lenovo/PB2PLUS/PB2-670M1:6.0/MRA58K/PB2-670M1_S000002_180409_ROW:user/release-keys	2018-03-05		
Lenovo	Lenovo	K3 Note	Lenovo K50a40	K50a40	aio_otfp	6.0	MRA58K	K50a40_S433_160909_ROW	Lenovo/aio_otfp/K50a40:6.0/MRA58K/K50a40_S433_160909_ROW:user/release-keys	2016-06-01		
Meizu	Meizu	MDC M5	MDC M5	M5	meizu_M5	6.0	MRA58K	1494477473	Meizu/meizu_M5/M5:6.0/MRA58K/1494477473:user/release-keys	2017-03-05	mt6750	mt6750
Meizu	Meizu	U10	meizu_U10	U10	meizu_U10	6.0	MRA58K	1474911011	Meizu/meizu_U10/U10:6.0/MRA58K/1474911011:user/release-keys	2016-08-05	mt6750	mt6750
ZTE	ZTE	BLADE V7	ZTE BLADE V7	P653A10	P653A10_ES_TME	6.0	MRA58K	20160929.094548	ZTE/P653A10_ES_TME/P653A10:6.0/MRA58K/20160929.094548:user/release-keys	2016-08-05	mt6753	mt6753
asus	asus	ZenFone 3 Deluxe (ZS570KL)	ASUS_Z016D	Z016	JP_Z016	6.0.1	MXB48T	JP_user_4.11.40.1162_20161005	asus/JP_Z016/Z016:6.0.1/MXB48T/JP_user_4.11.40.1162_20161005:user/release-keys	2016-09-01	msm8996	msm8996
asus	asus	ZenFone 3 Ultra (ZU680KL)	ASUS_A001	ASUS_A001	WW_Phone	6.0.1	MMB29P	13.6.8.17-20161003	asus/WW_Phone/ASUS_A001:6.0.1/MMB29P/13.6.8.17-20161003:user/release-keys	2016-08-01	msm8952	msm8952
asus	asus	ZenFone 2 Laser (ZE500KL)	ASUS_Z00ED	ASUS_Z00E_2	WW_Phone	6.0.1	MMB29P	13.1010.1612.53-20170202	asus/WW_Phone/ASUS_Z00E_2:6.0.1/MMB29P/13.1010.1612.53-20170202:user/release-keys	2016-12-01	msm8916	msm8916
Lenovo	Lenovo	A6600 Plus	Lenovo A6600a40	A6600a40	A6600a40	6.0	MRA58K	A6600a40_S305_170109_ROW	Lenovo/A6600a40/A6600a40:6.0/MRA58K/A6600a40_S305_170109_ROW:user/release-keys			
Lenovo	Lenovo	Lenovo TAB3 8	LenovoTB3-850F	TB3-850F	LenovoTB3-850F	6.0	MRA58K	TB3-850F_S100031_171010_ROW	Lenovo/LenovoTB3-850F/TB3-850F:6.0/MRA58K/TB3-850F_S100031_171010_ROW:user/release-keys			
Lenovo	Lenovo	Lenovo TAB3 8	LenovoTB3-850M	TB3-850M	LenovoTB3-850M	6.0	MRA58K	TB3-850M_S100007_161226_SK	Lenovo/LenovoTB3-850M/TB3-850M:6.0/MRA58K/TB3-850M_S100007_161226_SK:user/release-keys			
Lenovo	Lenovo	PB1-750M/Lenovo PHAB	Lenovo PB1-750M	PB1-750M	PB1-750M	6.0.1	S100	PB1-750M_S000685_170915_ROW	Lenovo/PB1-750M/PB1-750M:6.0.1/S100/PB1-750M_S000685_170915_ROW:user/release-keys			
Lenovo	Lenovo	Lenovo PHAB2 Plus	Lenovo PB2-670M	PB2-670M	PB2PLUS	6.0	MRA58K	PB2-670M_S000050_171016_ROW	Lenovo/PB2PLUS/PB2-670M:6.0/MRA58K/PB2-670M_S000050_171016_ROW:user/release-keys			
Lenovo	Lenovo	Lenovo TAB 2 A10-30	Lenovo TB2-X30L	TB2-X30L	TB2-X30L	6.0.1	LenovoTB2-X30L	TB2-X30L_S000103_170524_IN	Lenovo/TB2-X30L/TB2-X30L:6.0.1/LenovoTB2-X30L/TB2-X30L_S000103_170524_IN:user/release-keys			
Lenovo	Lenovo	Lenovo TAB3 7	Lenovo TB3-730X	TB3-730X	TB3-730X	6.0	MRA58K	TB3-730X_S002_160621_ROMANIA	Lenovo/TB3-730X/TB3-730X:6.0/MRA58K/TB3-730X_S002_160621_ROMANIA:user/release-keys			
Lenovo	Lenovo	YOGA Tab 3 8”	Lenovo YT3-850M	YT3-850M	YT3-850M	6.0.1	MMB29M	YT3-850M_USR_S124_170330_Q1241_ROW	Lenovo/YT3-850M/YT3-850M:6.0.1/MMB29M/YT3-850M_USR_S124_170330_Q1241_ROW:user/release-keys			
Lenovo	Lenovo	YOGA Tab 3 10”	Lenovo YT3-X50L	YT3-X50L	YT3-X50L	6.0.1	MMB29M	YT3-X50L_USR_S129_171227_Q1241_ROW	Lenovo/YT3-X50L/YT3-X50L:6.0.1/MMB29M/YT3-X50L_USR_S129_171227_Q1241_ROW:user/release-keys			
Lenovo	Lenovo	YOGA Tab 3 PRO 10”	YT3_10_row_lte	YT3	YT3_10_row_lte	6.0.1	MMB29M	LenovoYT3-X90L_S200307_170614	Lenovo/YT3_10_row_lte/YT3:6.0.1/MMB29M/LenovoYT3-X90L_S200307_170614:user/release-keys			
Lenovo	Lenovo	YOGA Tab 3 PRO 10”	Lenovo YT3-X90X	YT3	YT3_10_row_lte_oth	6.0.1	MMB29M	LenovoYT3-X90X_S200303_170614	Lenovo/YT3_10_row_lte_oth/YT3:6.0.1/MMB29M/LenovoYT3-X90X_S200303_170614:user/release-keys			
Lenovo	Lenovo	K50-T5	Lenovo K50-t5	aio_otfp_m	aio_otfp_m	6.0	MRA58K	R1467020928.06271749	Lenovo/aio_otfp_m/aio_otfp_m:6.0/MRA58K/R1467020928.06271749:user/release-keys			
Lenovo	Lenovo	K5 Note	Lenovo A7020a48	A7020a48	k52_a48	6.0	MRA58K	A7020a48_S401_190328_ROW	Lenovo/k52_a48/A7020a48:6.0/MRA58K/A7020a48_S401_190328_ROW:user/release-keys			
Sony	Sony	Xperia Z3 Compact	D5803	D5803	D5803	6.0.1	23.5.A.1.291	2769308465	Sony/D5803/D5803:6.0.1/23.5.A.1.291/2769308465:user/release-keys			
Sony	Sony	Xperia Z2	D6503	D6503	D6503	6.0.1	23.5.A.1.291	2769308465	Sony/D6503/D6503:6.0.1/23.5.A.1.291/2769308465:user/release-keys			
Sony	Sony	Xperia Z3	D6603	D6603	D6603	6.0.1	23.5.A.1.291	2769308465	Sony/D6603/D6603:6.0.1/23.5.A.1.291/2769308465:user/release-keys			
Sony	Sony	Xperia Z3 Dual	D6633	D6633	D6633	6.0.1	23.5.A.1.291	2769308465	Sony/D6633/D6633:6.0.1/23.5.A.1.291/2769308465:user/release-keys			
Sony	Sony	Xperia Z3 Tablet Compact	SGP621	SGP621	SGP621	6.0.1	23.5.A.1.291	3706784398	Sony/SGP621/SGP621:6.0.1/23.5.A.1.291/3706784398:user/release-keys			
Sony	Sony	Xperia Z3	D6603	leo	leo	6.0.1	MMB29X.Z1	3582-somc	Sony/leo/leo:6.0.1/MMB29X.Z1/3582-somc:user/release-keys			
ZTE	ZTE	Blade A462	P809A50_MY_MAX	P809A50	P809A50_MY_MAX	6.0.1	MMB29M	20161017.095504	ZTE/P809A50_MY_MAX/P809A50:6.0.1/MMB29M/20161017.095504:user/release-keys			
ZTE	ZTE	Stack	Z799VL	martell	Z799VL	6.0.1	MMB29M	20170125.103843	ZTE/Z799VL/martell:6.0.1/MMB29M/20170125.103843:user/release-keys			
ZTE	ZTE	Chapel	Z831	chapel	Z831	6.0.1	MMB29M	20160926.162304	ZTE/Z831/chapel:6.0.1/MMB29M/20160926.162304:user/release-keys			
ZTE	ZTE	Grand X Max 2	Z988	jerry	Z988	6.0.1	MMB29M	20160322.132726	ZTE/Z988/jerry:6.0.1/MMB29M/20160322.132726:user/release-keys			
ZTE	ZTE	GrayJoy	ZTE_GRAYJOY	grayjoy	ZTE_GRAYJOY	6.0.1	MMB29M	20170223.104940	ZTE/ZTE_GRAYJOY/grayjoy:6.0.1/MMB29M/20170223.104940:user/release-keys			
asus	asus	ZenPad S 8.0 (Z580CA)	WW_P01M	P01M_3	WW_P01M	6.0.1	MMB29P	WW_P01M-V5.6.0-20170608	asus/WW_P01M/P01M_3:6.0.1/MMB29P/WW_P01M-V5.6.0-20170608:user/release-keys			
asus	asus	ZenFone Go (ZB500KL)	WW_Phone	ASUS_X00AD_2	WW_Phone	6.0.1	MMB29M	13.0.0.321-20180626	asus/WW_Phone/ASUS_X00AD_2:6.0.1/MMB29M/13.0.0.321-20180626:user/release-keys			
asus	asus	ZenFone Max (ZC550KL)	ASUS_Z010D	ASUS_Z010	WW_Phone	6.0.1	MMB29P	13.8.26.110-20180110	asus/WW_Phone/ASUS_Z010:6.0.1/MMB29P/13.8.26.110-20180110:user/release-keys			
asus	asus	ZenFone Max (ZC550KL)	WW_Phone	ASUS_Z010_2	WW_Phone	6.0.1	MMB29P	13.8.26.98-20170502	asus/WW_Phone/ASUS_Z010_2:6.0.1/MMB29P/13.8.26.98-20170502:user/release-keys			
asus	asus	ZenFone 2 (ZE551ML)	WW_Z00A	Z00A	WW_Z00A	6.0.1	MMB29P	4.21.40.61_20160603_3939_user	asus/WW_Z00A/Z00A:6.0.1/MMB29P/4.21.40.61_20160603_3939_user:user/release-keys			
asus	asus	ZenFone 2 Laser (ZE550KL)	WW_Z00L	ASUS_Z00L_63	WW_Z00L	6.0.1	MMB29P	WW_user_21.40.1220.1615_20160517	asus/WW_Z00L/ASUS_Z00L_63:6.0.1/MMB29P/WW_user_21.40.1220.1615_20160517:user/release-keys			
asus	asus	ZenFone 2 Laser (ZE551KL)	WW_Z00T	ASUS_Z00T	WW_Z00T	6.0.1	MMB29P	WW_user_21.40.1220.1794_20160722	asus/WW_Z00T/ASUS_Z00T:6.0.1/MMB29P/WW_user_21.40.1220.1794_20160722:user/release-keys			
TCL	TCL	ALCATEL_ 4034A	Alcatel Pixi 4 (4)	Pixi4-4	4034A	6.0	MRA58K	v3D4B-0	TCL/4034A/Pixi4-4:6.0/MRA58K/v3D4B-0:user/release-keys	2016-03-01	mt6580	mt6580
htc	HTC	One (M8)	HTC One_M8	htc_m8	brightstarus_wwe	6.0	MRA58K	662736.4	htc/brightstarus_wwe/htc_m8:6.0/MRA58K/662736.4:user/release-keys	2015-12-01	msm8974	msm8974
htc	HTC	One (M8)	HTC One_M8	htc_m8	m8_google	6.0	MRA58K.H15	666676	htc/m8_google/htc_m8:6.0/MRA58K.H15/666676:user/release-keys	2016-07-01	msm8974	msm8974
htc	HTC	10	HTC 10	htc_pmewl	pmewl_00531	6.0.1	MMB29M	737608.1	htc/pmewl_00531/htc_pmewl:6.0.1/MMB29M/737608.1:user/release-keys	2016-03-01	msm8996	msm8996
htc	HTC	One (M8)	831C	htc_m8whl	sprint_wwe_harman	6.0	MRA58K	682910.3	htc/sprint_wwe_harman/htc_m8whl:6.0/MRA58K/682910.3:user/release-keys	2016-01-01	msm8974	msm8974
TCL	TCL	alcatel U5	5044T	BUZZ6T4G	5044T	6.0	MRA58K	v4H6G-0	TCL/5044T/BUZZ6T4G:6.0/MRA58K/v4H6G-0:user/release-keys			
TCL	TCL	No	Alcatel_4060O	Pixi445Cricket	Alcatel_4060O	6.0.1	MMB29M	vYA45-0	TCL/Alcatel_4060O/Pixi445Cricket:6.0.1/MMB29M/vYA45-0:user/release-keys			
htc	htc	10	HTCOneM10vzw	htc_pmewl	HTCOneM10vzw	6.0.1	MMB29M	774095.8	htc/HTCOneM10vzw/htc_pmewl:6.0.1/MMB29M/774095.8:user/release-keys			
htc	htc	Desire 530	HTC_D530u	htc_a16ul	a16ul_01550	6.0.1	MMB29M	854277.14	htc/a16ul_01550/htc_a16ul:6.0.1/MMB29M/854277.14:user/release-keys			
htc	htc	One M9	HTC One M9	htc_himawhl	himawhl_sprint_wwe	6.0	MRA58K	695981.4	htc/himawhl_sprint_wwe/htc_himawhl:6.0/MRA58K/695981.4:user/release-keys			
lge	lge	INHON G3	AS985	g3	g3_tmo_us	6.0	MRA58K	171101634919a	lge/g3_tmo_us/g3:6.0/MRA58K/171101634919a:user/release-keys			
lge	lge	INHON G3	AS985	g3	g3_vzw	6.0	MRA58K	160141503d43c	lge/g3_vzw/g3:6.0/MRA58K/160141503d43c:user/release-keys			
lge	lge	LG G Stylo	LGLS770	g4stylusc	g4stylusc_spr_us	6.0	MRA58K	170601420543d	lge/g4stylusc_spr_us/g4stylusc:6.0/MRA58K/170601420543d:user/release-keys			
lge	lge	Phoenix 3	LG-M153	lv1	lv1_global_ca	6.0.1	MXB48T	1725709239b13	lge/lv1_global_ca/lv1:6.0.1/MXB48T/1725709239b13:user/release-keys			
lge	lge	LG K10	LG-K425	m209n	m209n_tmo_us	6.0.1	MMB29M	161350909abd7	lge/m209n_tmo_us/m209n:6.0.1/MMB29M/161350909abd7:user/release-keys			
lge	lge	LG K10 LTE	LG-K430	m253	m253_global_com	6.0	MRA58K	1616121440a63	lge/m253_global_com/m253:6.0/MRA58K/1616121440a63:user/release-keys			
lge	lge	LG K3	LGLS450	me0	me0_spr_us	6.0.1	MXB48T	16256112877be	lge/me0_spr_us/me0:6.0.1/MXB48T/16256112877be:user/release-keys			
lge	lge	LG X power	LGLS755	mk6p55	mk6p55_spr_us	6.0.1	MXB48T	180321549bbb7	lge/mk6p55_spr_us/mk6p55:6.0.1/MXB48T/180321549bbb7:user/release-keys			
lge	lge	LG K8	LG-K350	mm1v	mm1v_global_com	6.0	MRA58K	1726515044572	lge/mm1v_global_com/mm1v:6.0/MRA58K/1726515044572:user/release-keys			
lge	lge	T10	AS986	p1	p1_global_com	6.0	MRA58K	1603420026ed5	lge/p1_global_com/p1:6.0/MRA58K/1603420026ed5:user/release-keys			
lge	lge	T10	AS986	p1	p1_rgs_ca	6.0	MRA58K	1601215569825	lge/p1_rgs_ca/p1:6.0/MRA58K/1601215569825:user/release-keys			
lge	lge	T10	AS986	p1	p1_tmo_us	6.0	MRA58K	161651603dd1f	lge/p1_tmo_us/p1:6.0/MRA58K/161651603dd1f:user/release-keys			
LeEco	LeEco	Le s2	Le2_CN	le_s2	Le2_CN	6.0.1	IEXCNFN6003009094S	86	LeEco/Le2_CN/le_s2:6.0.1/IEXCNFN6003009094S/86:user/release-keys	2016-12-01		
ZUK	ZUK	Lenovo Z2 Plus	ZUK Z2132	z2_plus_hw	z2_plus_hw	6.0.1	MMB29M	2.0.093_160811	ZUK/z2_plus_hw/z2_plus_hw:6.0.1/MMB29M/2.0.093_160811:user/release-keys	2016-08-01	msm8996	msm8996
Cat	Cat	ALTICE S60	S60	CatS60	CatS60	6.0.1	MMB29M	LTE_D0201121.0_S60_0.031.02	Cat/CatS60/CatS60:6.0.1/MMB29M/LTE_D0201121.0_S60_0.031.02:user/release-keys			
DOOGEE	DOOGEE	X7	X7	s6061_dg_a50_m	s6061_dg_a50_m	6.0	MRA58K	1479701900	DOOGEE/s6061_dg_a50_m/s6061_dg_a50_m:6.0/MRA58K/1479701900:user/release-keys			
DOOGEE	DOOGEE	X6pro	X6pro	x5602_fxkj_k20	x5602_fxkj_k20	6.0	MRA58K	1498880553	DOOGEE/x5602_fxkj_k20/x5602_fxkj_k20:6.0/MRA58K/1498880553:user/release-keys			
Fly	Fly	Cirrus 4	FS507	Cirrus_4	FS507	6.0	MRA58K	1463657936	Fly/FS507/Cirrus_4:6.0/MRA58K/1463657936:user/release-keys			
Lanix	hesc	Ilium LT510	VP29	Ilium_LT510	Ilium_LT510	6.0	MRA58K	20160325.162508	Lanix/Ilium_LT510/Ilium_LT510:6.0/MRA58K/20160325.162508:user/release-keys		sp9832e	sp9832e
LeEco	LeEco	Le 2	Le2_WW	le_s2_ww	Le2_WW	6.0.1	IMXOSOP5801910311S	62	LeEco/Le2_WW/le_s2_ww:6.0.1/IMXOSOP5801910311S/62:user/release-keys			
LeEco	LeEco	LePro3	ZL1_NA	le_zl1	ZL1_NA	6.0.1	WEXNAOP5802101261S	letv01261206	LeEco/ZL1_NA/le_zl1:6.0.1/WEXNAOP5802101261S/letv01261206:user/release-keys			
MetroPCS	MetroPCS	LG G Stylo	LG-H634	g4stylusn	g4stylusn_mpcs_us	6.0	MRA58K	1620303179df8	MetroPCS/g4stylusn_mpcs_us/g4stylusn:6.0/MRA58K/1620303179df8:user/release-keys			
MetroPCS	MetroPCS	LG K10	LG-K420	m209n	m209n_mpcs_us	6.0.1	MMB29M	163580920a8dd	MetroPCS/m209n_mpcs_us/m209n:6.0.1/MMB29M/163580920a8dd:user/release-keys			
MetroPCS	MetroPCS	LG Stylus2 Plus	LG-K535	ph2n	ph2n_mpcs_us	6.0.1	MXB48T	161451537e5c9	MetroPCS/ph2n_mpcs_us/ph2n:6.0.1/MXB48T/161451537e5c9:user/release-keys			
Micromax	Micromax	Vdeo 4	Q4251	Q4251	Q4251	6.0.1	MMB29M	spwork11232047	Micromax/Q4251/Q4251:6.0.1/MMB29M/spwork11232047:user/release-keys			
RCA	RCA	10 Viking Pro	RCT6303W87M	RCT6303W87M	RCT6303W87M	6.0	MRA58K	1462626528	RCA/RCT6303W87M/RCT6303W87M:6.0/MRA58K/1462626528:user/release-keys			
Tele2	Tele2	Maxi_Plus	Tele2_Maxi_Plus	Tele2_Maxi_Plus	Tele2_Maxi_Plus	6.0	MRA58K	1481779106	Tele2/Tele2_Maxi_Plus/Tele2_Maxi_Plus:6.0/MRA58K/1481779106:user/release-keys			
Tele2	Tele2	Midi	Tele2_Midi	Tele2_Midi	Tele2_Midi	6.0	MRA58K	1467165777	Tele2/Tele2_Midi/Tele2_Midi:6.0/MRA58K/1467165777:user/release-keys			
UMI	UMI	Diamond	UMI_Diamond	Diamond	UMI_Diamond	6.0	MRA58K	20161208.194714	UMI/UMI_Diamond/Diamond:6.0/MRA58K/20161208.194714:user/release-keys			
Verizon	Verizon	Galaxy Tab E 9.6	SM-T560NU	gtelltevzw	gtelltevzw	6.0.1	MMB29M	T567VVRS1BPL1	Verizon/gtelltevzw/gtelltevzw:6.0.1/MMB29M/T567VVRS1BPL1:user/release-keys			
Verizon	Verizon	Galaxy S5	SC-04F	kltevzw	kltevzw	6.0.1	MMB29M	G900VVRS2DQA1	Verizon/kltevzw/kltevzw:6.0.1/MMB29M/G900VVRS2DQA1:user/release-keys			
Verizon	Verizon	Galaxy Note4	SM-N910F	trltevzw	trltevzw	6.0.1	MMB29M	N910VVRU2CPF3	Verizon/trltevzw/trltevzw:6.0.1/MMB29M/N910VVRU2CPF3:user/release-keys			
Vodafone	Vodafone	Tab mini 7	VFD1100	Tab7	VFD1100	6.0	MRA58K	vEGF-0	Vodafone/VFD1100/Tab7:6.0/MRA58K/vEGF-0:user/release-keys			
WIKO	WIKO	TOMMY	P4901AC	P4901AC	P4901AC	6.0.1	MMB29M	android05232003	WIKO/P4901AC/P4901AC:6.0.1/MMB29M/android05232003:user/release-keys			
WIKO	WIKO	SUNNY	V2502AN	V2502AN	V2502AN	6.0	MRA58K	1464258422	WIKO/V2502AN/V2502AN:6.0/MRA58K/1464258422:user/release-keys			
archos	archos	55 Helium	MTKAC55HE	ac55he	MTKAC55HE	6.0	MRA58K	20181129.010922	archos/MTKAC55HE/ac55he:6.0/MRA58K/20181129.010922:user/release-keys			
razer	razer	Forge TV	Forge	pearlyn	pearlyn	6.0.1	M-MMB29M-rzs-us-sf-bld2-19HP-08.02.AM	144	razer/pearlyn/pearlyn:6.0.1/M-MMB29M-rzs-us-sf-bld2-19HP-08.02.AM/144:user/release-keys			
OPPO	OPPO	A33w	A33w	A33w	A33w	5.1	LMY47I	1487829433	OPPO/A33w/A33w:5.1/LMY47I/1487829433:user/release-keys	2017-03-05		
Xiaomi	Xiaomi	Redmi 3	Redmi 3	ido	ido	5.1.1	LMY47V	V7.5.2.0.LAIMIDE	Xiaomi/ido/ido:5.1.1/LMY47V/V7.5.2.0.LAIMIDE:user/release-keys	2016-07-01	msm8916	msm8916
motorola	motorola	Moto E with 4G LTE (2nd Gen)	MotoE2(4G-LTE)	surnia_umts	surnia_att	5.1	LPIS23.29-18.9-2	2	motorola/surnia_att/surnia_umts:5.1/LPIS23.29-18.9-2/2:user/release-keys	2016-04-01	msm8916	msm8916
samsung	samsung	Galaxy Core Prime	SM-G361F	coreprimevelte	coreprimeveltexx	5.1.1	LMY48B	G361FXXU1APB1	samsung/coreprimeveltexx/coreprimevelte:5.1.1/LMY48B/G361FXXU1APB1:user/release-keys	2016-02-01	mrvl	mrvl
samsung	samsung	Galaxy Grand Prime	SM-G530H	fortunave3g	fortunave3gxx	5.0.2	LRX22G	G530HXCU1BPH1	samsung/fortunave3gxx/fortunave3g:5.0.2/LRX22G/G530HXCU1BPH1:user/release-keys	2016-08-01	msm8916	msm8916
samsung	samsung	Galaxy Note3	SM-N900	ha3g	ha3gub	5.0	LRX21V	N900UBUEBOK1	samsung/ha3gub/ha3g:5.0/LRX21V/N900UBUEBOK1:user/release-keys	2015-11-01	exynos5	exynos5
samsung	samsung	Galaxy J1(2016)	SM-J120H	j1x3g	j1x3gxx	5.1.1	LMY47V	J120HXXU0ARB1	samsung/j1x3gxx/j1x3g:5.1.1/LMY47V/J120HXXU0ARB1:user/release-keys	2018-02-01	sc8830	sc8830
samsung	samsung	Galaxy J3(2016)	SM-J320F	j3xlte	j3xltejt	5.1.1	LMY47V	J320FXXU0ARL2	samsung/j3xltejt/j3xlte:5.1.1/LMY47V/J320FXXU0ARL2:user/release-keys	2018-03-01		
samsung	samsung	Galaxy J3 Pro	SM-J3110	j3xproltechn	j3xproltezc	5.1.1	LMY47X	J3110ZCS1ARG2	samsung/j3xproltezc/j3xproltechn:5.1.1/LMY47X/J3110ZCS1ARG2:user/release-keys	2018-01-01		
samsung	samsung	Galaxy S4 Active	GT-I9295	jactivelte	jactiveltexx	5.0.1	LRX22C	I9295XXSDQD6	samsung/jactiveltexx/jactivelte:5.0.1/LRX22C/I9295XXSDQD6:user/release-keys	2016-06-01	msm8960	msm8960
samsung	samsung	Galaxy S4	SPH-L720	jfltespr	jfltespr	5.0.1	LRX22C	L720VPSGPL1	samsung/jfltespr/jfltespr:5.0.1/LRX22C/L720VPSGPL1:user/release-keys	2016-09-01	msm8960	msm8960
samsung	samsung	Galaxy S4	GT-I9505	jflte	jfltexx	5.0.1	LRX22C	I9505XXUPQG1	samsung/jfltexx/jflte:5.0.1/LRX22C/I9505XXUPQG1:user/release-keys	2017-07-01	msm8960	msm8960
samsung	samsung	Galaxy S4	GT-I9515	jfvelte	jfveltexx	5.0.1	LRX22C	I9515XXU1BQD2	samsung/jfveltexx/jfvelte:5.0.1/LRX22C/I9515XXU1BQD2:user/release-keys	2017-04-01	msm8960	msm8960
HUAWEI	HUAWEI	M2	HUAWEI M2-801L	HWMozart	M2	5.1.1	HUAWEIM2-801L	C209B007	HUAWEI/M2/HWMozart:5.1.1/HUAWEIM2-801L/C209B007:user/release-keys		hi3635	hi3635
ONEPLUS	ONEPLUS	One	One	A0001	A0001	5.0.2	LRX22G	34	ONEPLUS/A0001/A0001:5.0.2/LRX22G/34:user/release-keys		msm8974	msm8974
OPPO	OPPO	A1603	A1603	A1603	A1603	5.1	LMY47I	1489407760	OPPO/A1603/A1603:5.1/LMY47I/1489407760:user/release-keys			
Xiaomi	Xiaomi	Aqua	MI 4S	aqua	aqua	5.1.1	LMY47V	V7.2.3.0.LAJCNDA	Xiaomi/aqua/aqua:5.1.1/LMY47V/V7.2.3.0.LAJCNDA:user/release-keys			
Xiaomi	Xiaomi	Redmi 3	Redmi 3	ido	ido	5.1.1	LMY47V	V9.6.2.0.LAIMIFD	Xiaomi/ido/ido:5.1.1/LMY47V/V9.6.2.0.LAIMIFD:user/release-keys	2017-01-01		
Xiaomi	Xiaomi	MIPAD2	MI PAD 2	latte	latte	5.1	LMY47I	V8.2.2.0.LACCNDL	Xiaomi/latte/latte:5.1/LMY47I/V8.2.2.0.LACCNDL:user/release-keys			
google	google	Nexus 10	Nexus 10	manta	mantaray	5.1.1	LMY48T	2237560	google/mantaray/manta:5.1.1/LMY48T/2237560:user/release-keys			
google	Google	ADT-1	ADT-1	molly	molly	5.0.2	LRX22G	1649326	google/molly/molly:5.0.2/LRX22G/1649326:user/release-keys		tegra4	tegra4
google	asus	Nexus 7 (2012)	Nexus 7	grouper	nakasi	5.1.1	LMY47V	1836172	google/nakasi/grouper:5.1.1/LMY47V/1836172:user/release-keys		tegra3	tegra3
google	asus	Nexus 7 (2012)	Nexus 7	tilapia	nakasig	5.1.1	LMY47V	1836172	google/nakasig/tilapia:5.1.1/LMY47V/1836172:user/release-keys		tegra3	tegra3
google	google	Nexus 4	Nexus 4	mako	occam	5.1.1	LMY48T	2237560	google/occam/mako:5.1.1/LMY48T/2237560:user/release-keys			
motorola	motorola	Moto E (1st Gen)	XT1022	condor_umtsds	condor_retbr_ds	5.1	LPC23.13-34.8	12	motorola/condor_retbr_ds/condor_umtsds:5.1/LPC23.13-34.8/12:user/release-keys			
motorola	motorola	Moto E (1st Gen)	XT1022	condor_umtsds	condor_retbr_ds	5.1	LPCS23.13-34.8-3	3	motorola/condor_retbr_ds/condor_umtsds:5.1/LPCS23.13-34.8-3/3:user/release-keys			
motorola	motorola	Moto G (1st Gen)	XT1033	falcon_umtsds	falcon_asia_ds	5.1	LPB23.13-56	55	motorola/falcon_asia_ds/falcon_umtsds:5.1/LPB23.13-56/55:user/release-keys			
motorola	motorola	Moto G (1st Gen)	XT1033	falcon_umtsds	falcon_asia_ds	5.1	LPBS23.13-56-2	2	motorola/falcon_asia_ds/falcon_umtsds:5.1/LPBS23.13-56-2/2:user/release-keys			
motorola	motorola	Moto G Google Play edition	XT1002	falcon_umts	falcon_bwaca	5.0.2	LXB22.46-32	30	motorola/falcon_bwaca/falcon_umts:5.0.2/LXB22.46-32/30:user/release-keys			
motorola	motorola	Moto G Google Play edition	XT1002	falcon_umts	falcon_iusmx_fe	5.1	LPB23.13-56	58	motorola/falcon_iusmx_fe/falcon_umts:5.1/LPB23.13-56/58:user/release-keys			
motorola	motorola	Moto G (1st Gen)	XT1003	falcon_umts	falcon_iusmx_fe	5.1	LPBS23.13-56-2	2	motorola/falcon_iusmx_fe/falcon_umts:5.1/LPBS23.13-56-2/2:user/release-keys			
motorola	motorola	Moto G Google Play edition	XT1002	falcon_umts	falcon_reteu	5.0.2	LXB22.46-28.1	1	motorola/falcon_reteu/falcon_umts:5.0.2/LXB22.46-28.1/1:user/release-keys			
motorola	motorola	Moto G Google Play edition	XT1002	falcon_umts	falcon_retla_fe	5.1	LPB23.13-56	57	motorola/falcon_retla_fe/falcon_umts:5.1/LPB23.13-56/57:user/release-keys			
motorola	motorola	Moto G (1st Gen)	XT1002	falcon_umts	falcon_retla_fe	5.1	LPBS23.13-56-2	2	motorola/falcon_retla_fe/falcon_umts:5.1/LPBS23.13-56-2/2:user/release-keys			
motorola	motorola	Ghost	XT1049	ghost	ghost_sprint	5.1	LPA23.12-39.10-9	13	motorola/ghost_sprint/ghost:5.1/LPA23.12-39.10-9/13:user/release-keys			
motorola	motorola	Moto G (3rd Gen)	MotoG3	osprey_cdma	osprey_sprint	5.1.1	LPI23.72-32-S.28.5	6	motorola/osprey_sprint/osprey_cdma:5.1.1/LPI23.72-32-S.28.5/6:user/release-keys			
motorola	motorola	Moto E (2nd Gen)	XT1021	otus_ds	otus_reteu_ds	5.1	LPCS23.13-56-5	5	motorola/otus_reteu_ds/otus_ds:5.1/LPCS23.13-56-5/5:user/release-keys			
motorola	motorola	Moto E with 4G LTE (2nd Gen)	MotoE2	surnia_cdma	surnia_acg_lte	5.1	LPI23.29-30	35	motorola/surnia_acg_lte/surnia_cdma:5.1/LPI23.29-30/35:user/release-keys			
motorola	motorola	Moto E with 4G LTE (2nd Gen)	MotoE2(4G-LTE)	surnia_umts	surnia_retus	5.1	LPI23.29-15	19	motorola/surnia_retus/surnia_umts:5.1/LPI23.29-15/19:user/release-keys			
motorola	motorola	Moto E with 4G LTE (2nd Gen)	MotoE2	surnia_cdma	surnia_verizon	5.1	LPIS23.29-17.5-2	2	motorola/surnia_verizon/surnia_cdma:5.1/LPIS23.29-17.5-2/2:user/release-keys			
motorola	motorola	Moto G (2nd Gen)	XT1069	titan_udstv	titan_retbr_dstv	5.0	LXB22.46-16	16	motorola/titan_retbr_dstv/titan_udstv:5.0/LXB22.46-16/16:user/release-keys			
motorola	motorola	Moto X (2nd Gen)	XT1092	victara	victara_acg_lte	5.1	LPE23.32-52.3	3	motorola/victara_acg_lte/victara:5.1/LPE23.32-52.3/3:user/release-keys			
motorola	motorola	Moto X (2nd Gen)	XT1093	victara	victara_acg_lte	5.1	LPES23.32-52.3-2	2	motorola/victara_acg_lte/victara:5.1/LPES23.32-52.3-2/2:user/release-keys			
motorola	motorola	Moto X (2nd Gen)	XT1092	victara	victara_att	5.1	LPE23.32-21.9	3	motorola/victara_att/victara:5.1/LPE23.32-21.9/3:user/release-keys			
motorola	motorola	Moto X (2nd Gen)	XT1097	victara	victara_att	5.1	LPES23.32-21.9-8	5	motorola/victara_att/victara:5.1/LPES23.32-21.9-8/5:user/release-keys			
motorola	motorola	Moto X (2nd Gen)	XT1092	victara	victara_lra	5.1	LPE23.32-52.5	5	motorola/victara_lra/victara:5.1/LPE23.32-52.5/5:user/release-keys			
motorola	motorola	Moto X (2nd Gen)	XT1098	victara	victara_lra	5.1	LPES23.32-52.5-5	3	motorola/victara_lra/victara:5.1/LPES23.32-52.5-5/3:user/release-keys			
motorola	motorola	Moto X (2nd Gen)	XT1092	victara	victara_usc	5.1	LPE23.32-21.7-3	3	motorola/victara_usc/victara:5.1/LPE23.32-21.7-3/3:user/release-keys			
motorola	motorola	Moto X (2nd Gen)	XT1092	victara	victara_verizon	5.1	LPE23.32-25-5	13	motorola/victara_verizon/victara:5.1/LPE23.32-25-5/13:user/release-keys			
motorola	motorola	Moto X (2nd Gen)	XT1096	victara	victara_verizon	5.1	LPES23.32-25-5-5	3	motorola/victara_verizon/victara:5.1/LPES23.32-25-5-5/3:user/release-keys			
samsung	samsung	Galaxy A3	SM-A300M	a3lte	a3lteub	5.0.2	LRX22G	A300MUBU1BOI1	samsung/a3lteub/a3lte:5.0.2/LRX22G/A300MUBU1BOI1:user/release-keys		msm8916	msm8916
samsung	samsung	Galaxy A3	SM-A300FU	a3ulte	a3ultedv	5.0.2	LRX22G	A300YDVU1BOJ4	samsung/a3ultedv/a3ulte:5.0.2/LRX22G/A300YDVU1BOJ4:user/release-keys			
samsung	samsung	Galaxy A5	SM-A500H	a53g	a53gxx	5.0.2	LRX22G	A500HXXU1BPE1	samsung/a53gxx/a53g:5.0.2/LRX22G/A500HXXU1BPE1:user/release-keys			
samsung	samsung	Galaxy Tab S 10.5	SM-T800	chagallwifi	chagallwifixx	5.0.2	LRX22G	T800XXU1BOE3	samsung/chagallwifixx/chagallwifi:5.0.2/LRX22G/T800XXU1BOE3:user/release-keys			
samsung	samsung	Galaxy Core Prime	SM-G360F	coreprimelte	coreprimeltexx	5.0.2	LRX22G	G360FXXS1BQD2	samsung/coreprimeltexx/coreprimelte:5.0.2/LRX22G/G360FXXS1BQD2:user/release-keys			
samsung	samsung	Galaxy Core Prime	SM-G361HU	coreprimeve3g	coreprimeve3gxx	5.1.1	LMY48B	G361HXXS0ARK1	samsung/coreprimeve3gxx/coreprimeve3g:5.1.1/LMY48B/G361HXXS0ARK1:user/release-keys			
samsung	samsung	Galaxy Core Prime	SM-G360T1	cprimeltemtr	cprimeltemtr	5.1.1	LMY47X	G360T1UVS2APK3	samsung/cprimeltemtr/cprimeltemtr:5.1.1/LMY47X/G360T1UVS2APK3:user/release-keys			
samsung	samsung	Galaxy Tab4 7.0	SM-T237P	degasltespr	degasltespr	5.1.1	LMY47X	T237PVPU1BOH7	samsung/degasltespr/degasltespr:5.1.1/LMY47X/T237PVPU1BOH7:user/release-keys			
samsung	samsung	Galaxy E5	SM-E500H	e53g	e53gxx	5.1.1	LMY47X	E500HXXU1BOL3	samsung/e53gxx/e53g:5.1.1/LMY47X/E500HXXU1BOL3:user/release-keys			
samsung	samsung	Galaxy Grand Prime	SM-G530BT	fortuna3gdtv	fortuna3gdtvvj	5.0.2	LRX22G	G530BTVJU1BPH4	samsung/fortuna3gdtvvj/fortuna3gdtv:5.0.2/LRX22G/G530BTVJU1BPH4:user/release-keys			
samsung	samsung	Galaxy Grand Prime	SM-G530T1	gprimeltemtr	gprimeltemtr	5.1.1	LMY47X	G530T1UVS2AQE3	samsung/gprimeltemtr/gprimeltemtr:5.1.1/LMY47X/G530T1UVS2AQE3:user/release-keys			
samsung	samsung	Galaxy Grand Prime	SM-G531H	grandprimeve3g	grandprimeve3gxx	5.1.1	LMY48B	G531HXXU0AOH4	samsung/grandprimeve3gxx/grandprimeve3g:5.1.1/LMY48B/G531HXXU0AOH4:user/release-keys			
samsung	samsung	Galaxy Grand Prime	SM-G531F	grandprimevelte	grandprimeveltexx	5.1.1	LMY48B	G531FDDU1AOL1	samsung/grandprimeveltexx/grandprimevelte:5.1.1/LMY48B/G531FDDU1AOL1:user/release-keys			
samsung	samsung	Galaxy Tab A 7.0	SM-T285	gtexslte	gtexsltexx	5.1.1	LMY47V	T285XXU0AQH2	samsung/gtexsltexx/gtexslte:5.1.1/LMY47V/T285XXU0AQH2:user/release-keys			
samsung	samsung	Galaxy Tab A 7.0	SM-T280	gtexswifi	gtexswifixx	5.1.1	LMY47V	T280XXU0AQK2	samsung/gtexswifixx/gtexswifi:5.1.1/LMY47V/T280XXU0AQK2:user/release-keys			
samsung	samsung	Galaxy Note3	SM-N900	ha3g	ha3gxx	5.0	LRX21V	N900XXSEBRH3	samsung/ha3gxx/ha3g:5.0/LRX21V/N900XXSEBRH3:user/release-keys	2016-01-01		
samsung	samsung	Galaxy Note3 Duos	SM-N900U	hlte	hltedx	5.0	LRX21V	N9005DXUGBOF1	samsung/hltedx/hlte:5.0/LRX21V/N9005DXUGBOF1:user/release-keys			
samsung	samsung	Galaxy Note3	SM-N900L	hltelgt	hltelgt	5.0	LRX21V	N900LKLU0GOC4	samsung/hltelgt/hltelgt:5.0/LRX21V/N900LKLU0GOC4:user/release-keys			
samsung	samsung	Galaxy Note3	SM-N900T	hltetmo	hltetmo	5.0	LRX21V	N900TUVSFPH3	samsung/hltetmo/hltetmo:5.0/LRX21V/N900TUVSFPH3:user/release-keys			
samsung	samsung	Galaxy Note3 Duos	SM-N900U	hlte	hltexx	5.0	LRX21V	N9005XXSGBPL6	samsung/hltexx/hlte:5.0/LRX21V/N9005XXSGBPL6:user/release-keys			
samsung	samsung	Galaxy Note3 Duos	SM-N900U	hlte	hltezh	5.0	LRX21V	N9005ZSUGPJ2	samsung/hltezh/hlte:5.0/LRX21V/N9005ZSUGPJ2:user/release-keys			
samsung	samsung	Galaxy J1 (2016)	SM-J120F	j1xlte	j1xltejt	5.1.1	LMY47X	J120FXXU2ARK1	samsung/j1xltejt/j1xlte:5.1.1/LMY47X/J120FXXU2ARK1:user/release-keys			
samsung	samsung	Galaxy J2	SM-J200H	j23g	j23gdd	5.1.1	LMY48B	J200HXXU0AQK2	samsung/j23gdd/j23g:5.1.1/LMY48B/J200HXXU0AQK2:user/release-keys			
samsung	samsung	Galaxy J2	SM-J200GU	j2lte	j2ltedx	5.1.1	LMY47X	J200GUDXU1APJ1	samsung/j2ltedx/j2lte:5.1.1/LMY47X/J200GUDXU1APJ1:user/release-keys			
samsung	samsung	Galaxy J2	SM-J200GU	j2lte	j2lteub	5.1.1	LMY47X	J200MUBU1AOJ3	samsung/j2lteub/j2lte:5.1.1/LMY47X/J200MUBU1AOJ3:user/release-keys			
samsung	samsung	Galaxy J3	SM-J320P	j3ltespr	j3ltespr	5.1.1	LMY47X	J320PVPS1ARA1	samsung/j3ltespr/j3ltespr:5.1.1/LMY47X/J320PVPS1ARA1:user/release-keys			
samsung	samsung	Galaxy J3(2016)	SM-J320F	j3xlte	j3xlteub	5.1.1	LMY47V	J320MUBU0ARD1	samsung/j3xlteub/j3xlte:5.1.1/LMY47V/J320MUBU0ARD1:user/release-keys			
samsung	samsung	Galaxy J3(2016)	SM-J320FN	j3xnlte	j3xnltexx	5.1.1	LMY47V	J320FNXXU0ARB1	samsung/j3xnltexx/j3xnlte:5.1.1/LMY47V/J320FNXXU0ARB1:user/release-keys			
samsung	samsung	Galaxy S4 Duos	GT-I9502	ja3gchnduos	ja3gchnduoszn	5.0.1	LRX22C	I9502ZNUJOC3	samsung/ja3gchnduoszn/ja3gchnduos:5.0.1/LRX22C/I9502ZNUJOC3:user/release-keys			
samsung	samsung	Galaxy S4	GT-I9500	ja3g	ja3gxx	5.0.1	LRX22C	I9500XXUHOH6	samsung/ja3gxx/ja3g:5.0.1/LRX22C/I9500XXUHOH6:user/release-keys			
samsung	samsung	Galaxy S4	SAMSUNG-SGH-I337	jflteatt	jflteuc	5.0.1	LRX22C	I337UCUGOK2	samsung/jflteuc/jflteatt:5.0.1/LRX22C/I337UCUGOK2:user/release-keys			
samsung	samsung	Galaxy S4	SGH-I337M	jfltecan	jfltevl	5.0.1	LRX22C	I337MVLSGQB1	samsung/jfltevl/jfltecan:5.0.1/LRX22C/I337MVLSGQB1:user/release-keys		msm8960	msm8960
samsung	samsung	Galaxy S4	GT-I9505	jflte	jfltexx	5.0.1	LRX22C	I9505XXUHOJ2	samsung/jfltexx/jflte:5.0.1/LRX22C/I9505XXUHOJ2:user/release-keys			
samsung	samsung	Galaxy S5	SM-G900P	kltespr	kltespr	5.0	LRX21T	G900PVPU3BOK4	samsung/kltespr/kltespr:5.0/LRX21T/G900PVPU3BOK4:user/release-keys			
samsung	samsung	Galaxy S5	SM-G900W8	kltecan	kltevl	5.0	LRX21T	G900W8VLU1BOC2	samsung/kltevl/kltecan:5.0/LRX21T/G900W8VLU1BOC2:user/release-keys			
samsung	samsung	Galaxy S5	SM-G9008W	klte	kltezh	5.0	LRX21T	G900FZHS1BPC2	samsung/kltezh/klte:5.0/LRX21T/G900FZHS1BPC2:user/release-keys			
samsung	samsung	Galaxy Note 10.1 2014 Edition	SM-P600	lt03wifi	lt03wifixx	5.1.1	LMY47X	P600XXUDOJ3	samsung/lt03wifixx/lt03wifi:5.1.1/LMY47X/P600XXUDOJ3:user/release-keys			
samsung	samsung	Galaxy S6 Active	SAMSUNG-SM-G890A	marinelteatt	marinelteuc	5.0.2	LRX22G	G890AUCU2AOF4	samsung/marinelteuc/marinelteatt:5.0.2/LRX22G/G890AUCU2AOF4:user/release-keys			
samsung	samsung	Galaxy Tab4 10.1	SM-T530NU	matissewifiue	matissewifiue	5.0.2	LRX22G	T530NUUEU1BQC1	samsung/matissewifiue/matissewifiue:5.0.2/LRX22G/T530NUUEU1BQC1:user/release-keys			
samsung	samsung	Galaxy Tab4 8.0	SM-T330NU	milletwifiue	milletwifiue	5.1.1	LMY47X	T330NUUES1BPL1	samsung/milletwifiue/milletwifiue:5.1.1/LMY47X/T330NUUES1BPL1:user/release-keys			
samsung	samsung	Galaxy Tab 4 8.0	SM-T330X	milletwifi	milletwifixx	5.1.1	LMY47X	T330XXS1BPL3	samsung/milletwifixx/milletwifi:5.1.1/LMY47X/T330XXS1BPL3:user/release-keys			
samsung	samsung	Galaxy Note5	SM-N920C	noblelte	nobleltezt	5.1.1	LMY47X	N9208ZTU2AOL1	samsung/nobleltezt/noblelte:5.1.1/LMY47X/N9208ZTU2AOL1:user/release-keys			
samsung	samsung	Galaxy S5 Neo	SM-G903W	s5neoltecan	s5neoltevl	5.1.1	LMY47X	G903WVLU1AOJ9	samsung/s5neoltevl/s5neoltecan:5.1.1/LMY47X/G903WVLU1AOJ9:user/release-keys			
samsung	samsung	Galaxy Note4	SM-N910W8	trltecan	trltecan	5.0.1	LRX22C	N910FXXU1BOE5	samsung/trltecan/trltecan:5.0.1/LRX22C/N910FXXU1BOE5:user/release-keys			
samsung	samsung	Galaxy Note4	SM-N910F	trlteatt	trlteuc	5.0.1	LRX22C	N910AUCU2COC5	samsung/trlteuc/trlteatt:5.0.1/LRX22C/N910AUCU2COC5:user/release-keys			
samsung	samsung	Galaxy Note Pro	SM-P900	v1awifi	v1awifixx	5.0.2	LRX22G	P900XXU0BOI1	samsung/v1awifixx/v1awifi:5.0.2/LRX22G/P900XXU0BOI1:user/release-keys			
samsung	samsung	Galaxy S6 Edge+	SAMSUNG-SM-G928A	zenlteatt	zenlteuc	5.1.1	LMY47X	FA51_G928AUCU5ARA1	samsung/zenlteuc/zenlteatt:5.1.1/LMY47X/FA51_G928AUCU5ARA1:user/release-keys			
samsung	samsung	Galaxy S6 edge+	SM-G928F	zenlte	zenltexx	5.1.1	LMY47X	FA51_G928FXXU5ARH1	samsung/zenltexx/zenlte:5.1.1/LMY47X/FA51_G928FXXU5ARH1:user/release-keys			
samsung	samsung	Galaxy S6 Edge	SM-G925P	zeroltespr	zeroltespr	5.1.1	LMY47X	G925PVPU3BOL1	samsung/zeroltespr/zeroltespr:5.1.1/LMY47X/G925PVPU3BOL1:user/release-keys			
samsung	samsung	Galaxy S6 Edge	SM-G925T	zeroltetmo	zeroltetmo	5.0.2	LRX22G	G925TUVU1AOCG	samsung/zeroltetmo/zeroltetmo:5.0.2/LRX22G/G925TUVU1AOCG:user/release-keys		exynos5	exynos5
vivo	vivo	X7Plus	PD1603	PD1603	PD1603	5.1.1	LMY47V	compiler08221507	vivo/PD1603/PD1603:5.1.1/LMY47V/compiler08221507:user/release-keys			
Lenovo	Lenovo	A1010	Lenovo A1010a20	A1010a20	A1010a20	5.1	LMY47I	A1010a20_S259_171011.171011	Lenovo/A1010a20/A1010a20:5.1/LMY47I/A1010a20_S259_171011.171011:user/release-keys			
Lenovo	LENOVO	K30-T	Lenovo K30-T	K30-T	K30-T	5.0.2	LRX22G	VIBEUI_V2.5_1541_7.173.1_ST_K30-T	Lenovo/K30-T/K30-T:5.0.2/LRX22G/VIBEUI_V2.5_1541_7.173.1_ST_K30-T:user/release-keys		msm8916	msm8916
Lenovo	Lenovo	A6000	Lenovo A6000	Kraft-A6000	Kraft-A6000	5.0.2	LRX22G	A6000_S016_150815_8G_BG	Lenovo/Kraft-A6000/Kraft-A6000:5.0.2/LRX22G/A6000_S016_150815_8G_BG:user/release-keys			
Lenovo	Lenovo	S1La40	Lenovo S1La40	S1La40	S1La40	5.1	LMY47D	S1La40_S303_1603091650.160309	Lenovo/S1La40/S1La40:5.1/LMY47D/S1La40_S303_1603091650.160309:user/release-keys			
Lenovo	Lenovo	Z90a40/VIBE Shot	Lenovo Z90a40	zoom_row	zoom_row	5.1	LMY47O	Z90a40_S226_151022_ROW	Lenovo/zoom_row/zoom_row:5.1/LMY47O/Z90a40_S226_151022_ROW:user/release-keys			
Meizu	Meizu	MIX 2	MIX 2	m2	meizu_m2	5.1	LMY47D	1450664547	Meizu/meizu_m2/m2:5.1/LMY47D/1450664547:user/release-keys			
Sony	Sony	Xperia ZR	C5502	C5502	C5502	5.0.2	10.6.A.0.454	266452109	Sony/C5502/C5502:5.0.2/10.6.A.0.454/266452109:user/release-keys			
Sony	Sony	Xperia Z	C6603	C6603	C6603	5.1.1	10.7.A.0.228	58103698	Sony/C6603/C6603:5.1.1/10.7.A.0.228/58103698:user/release-keys			
Sony	Sony	Xperia Z Ultra	C6802	C6802	C6802	5.1.1	14.6.A.0.368	331501306	Sony/C6802/C6802:5.1.1/14.6.A.0.368/331501306:user/release-keys			
Sony	Sony	Xperia Z1	C6902	C6902	C6902	5.0.2	14.5.A.0.242	2953600412	Sony/C6902/C6902:5.0.2/14.5.A.0.242/2953600412:user/release-keys			
Sony	Sony	Xperia Z1	C6903	C6903	C6903	5.1.1	14.6.A.1.236	2031203603	Sony/C6903/C6903:5.1.1/14.6.A.1.236/2031203603:user/release-keys			
Sony	Sony	Xperia M2 Dual	D2302	D2302	D2302	5.1.1	18.6.A.0.182	1643041205	Sony/D2302/D2302:5.1.1/18.6.A.0.182/1643041205:user/release-keys			
Sony	Sony	Xperia M2	XPERIA M2 HSPASS	D2305	D2305	5.1.1	18.6.A.0.182	1807889774	Sony/D2305/D2305:5.1.1/18.6.A.0.182/1807889774:user/release-keys		msm8226	msm8226
Sony	Sony	Xperia C3 Dual	D2502	D2502	D2502	5.1.1	19.4.A.0.182	26220503	Sony/D2502/D2502:5.1.1/19.4.A.0.182/26220503:user/release-keys			
Sony	Sony	Xperia™ M4 Aqua Dual	E2312	E2312	E2312	5.0	26.1.B.2.147	2665676838	Sony/E2312/E2312:5.0/26.1.B.2.147/2665676838:user/release-keys			
ZTE	ZTE	Blade A452	P635F33	P635F33	P635F33	5.1	LMY47D	20161201.135616	ZTE/P635F33/P635F33:5.1/LMY47D/20161201.135616:user/release-keys			
ZTE	ZTE	Blade L5 Plus	P680A20_EU_GEL	P680A20	P680A20_EU_GEL	5.1	LMY47I	20170302.190736	ZTE/P680A20_EU_GEL/P680A20:5.1/LMY47I/20170302.190736:user/release-keys			
ZTE	ZTE	Z813	P816A06	xuantan	P816A06	5.1	LMY47O	20160501.145912	ZTE/P816A06/xuantan:5.1/LMY47O/20160501.145912:user/release-keys			
ZTE	ZTE	ZTE N939Sc	LS-5504	zx55q05_64	zx55q05_64	5.1.1	LMY47V	ZTE_Blade_X9_J136_20151126.010353	ZTE/zx55q05_64/zx55q05_64:5.1.1/LMY47V/ZTE_Blade_X9_J136_20151126.010353:user/release-keys			
asus	asus	ZenFone Go (ZC500TG)	WW_Phone	ASUS_Z00VD	WW_Phone	5.1	LMY47I	WW_Phone-12.1.0.62-20170430	asus/WW_Phone/ASUS_Z00VD:5.1/LMY47I/WW_Phone-12.1.0.62-20170430:user/release-keys			
asus	asus	ZenFone Go (ZC451TG)	WW_Phone2G	ASUS_Z00SD	WW_Phone2G	5.1	LMY47I	WW_Phone2G-12.1.0.12-20160404	asus/WW_Phone2G/ASUS_Z00SD:5.1/LMY47I/WW_Phone2G-12.1.0.12-20160404:user/release-keys			
zte	zte	N9518	N9518	warp6	zte_warp6	5.1	LMY47O	20151015.233325	zte/zte_warp6/warp6:5.1/LMY47O/20151015.233325:user/release-keys			
lge	LGE	LG Wine Smart	LG-H410	cf	cf_global_com	5.1.1	LMY47V	160701349ee0b	lge/cf_global_com/cf:5.1.1/LMY47V/160701349ee0b:user/release-keys	2016-03-01	msm8909	msm8909
lge	LGE	LG K4 LTE	LG-K120	e1q	e1q_crk_us	5.1.1	LMY47V	162061344e9b5	lge/e1q_crk_us/e1q:5.1.1/LMY47V/162061344e9b5:user/release-keys	2016-07-01	msm8909	msm8909
htc	htc	Desire 526	HTCDesire526vzw	htc_a13wl	HTCDesire526vzw	5.1	LMY47O	569777.2	htc/HTCDesire526vzw/htc_a13wl:5.1/LMY47O/569777.2:user/release-keys			
htc	htc	One Google Play edition	HTC 801e	m7	bm	5.0.2	LRX22G	468180.7	htc/bm/m7:5.0.2/LRX22G/468180.7:user/release-keys			
htc	htc	One (M8)	HTC One_M8	htc_m8	cingular_us	5.0.2	LRX22G	511189.1	htc/cingular_us/htc_m8:5.0.2/LRX22G/511189.1:user/release-keys			
htc	htc	One (M8)	HTC One_M8 dual sim	htc_m8dug	htc_europe	5.0.2	LRX22G	499095.15	htc/htc_europe/htc_m8dug:5.0.2/LRX22G/499095.15:user/release-keys			
lge	lge	G Vista	LG-D690	b2lds	b2lds_global_com	5.0.2	LRX22G	1513423341321	lge/b2lds_global_com/b2lds:5.0.2/LRX22G/1513423341321:user/release-keys			
lge	lge	G Pad 7.0	LG-V400	e7wifi	e7wifi_open_kr	5.0.2	LRX22G	1507923049b98	lge/e7wifi_open_kr/e7wifi:5.0.2/LRX22G/1507923049b98:user/release-keys			
lge	lge	LG G Pad 8.0 LTE	LG-V490	e8lte	e8lte_global_com	5.0.2	LRX22G	1526418012670	lge/e8lte_global_com/e8lte:5.0.2/LRX22G/1526418012670:user/release-keys			
lge	lge	Touch-Screen-Monitor	LG-D801	g2	g2_att_us	5.0.2	LRX22G	152471713471f	lge/g2_att_us/g2:5.0.2/LRX22G/152471713471f:user/release-keys			
lge	lge	Touch-Screen-Monitor	LG-D801	g2	g2_spr_us	5.0.2	LRX22G	1530615348499	lge/g2_spr_us/g2:5.0.2/LRX22G/1530615348499:user/release-keys			
lge	lge	LG G2	LG-D801	g2	g2_tmo_us	5.0.2	LRX22G	1507914346dda	lge/g2_tmo_us/g2:5.0.2/LRX22G/1507914346dda:user/release-keys			
lge	lge	Touch-Screen-Monitor	LG-D801	g2	g2_vzw	5.0.2	LRX22G	15046001715f9	lge/g2_vzw/g2:5.0.2/LRX22G/15046001715f9:user/release-keys			
lge	lge	G2 MINI	LG-D620	g2m	g2m_global_com	5.0.2	LRX22G	152541901f156	lge/g2m_global_com/g2m:5.0.2/LRX22G/152541901f156:user/release-keys			
lge	lge	INHON G3	LG-D852G	g3	g3_global_com	5.0	LRX21R.A1422018487	1422018487	lge/g3_global_com/g3:5.0/LRX21R.A1422018487/1422018487:user/release-keys			
lge	lge	INHON G3	AS985	g3	g3_spr_us	5.0.1	LRX21Y	151521322b575	lge/g3_spr_us/g3:5.0.1/LRX21Y/151521322b575:user/release-keys			
lge	lge	LG Optimus G Pro	LG-F240L	geefhd4g	geefhd4g_lgu_kr	5.0.1	LRX21Y	1504107421a8c	lge/geefhd4g_lgu_kr/geefhd4g:5.0.1/LRX21Y/1504107421a8c:user/release-keys			
lge	lge	LG Treasure	LG-AS330	m1	m1_tmo_us	5.1.1	LMY47V	1709601364994	lge/m1_tmo_us/m1:5.1.1/LMY47V/1709601364994:user/release-keys			
lge	LGE	LG G4	LGLS991	p1	p1_spr_us	5.1	LMY47D	1523616304272	lge/p1_spr_us/p1:5.1/LMY47D/1523616304272:user/release-keys		msm8992	msm8992
lge	lge	LG G3 Cat.6	LG-F460K	tiger6	tiger6_skt_kr	5.0.1	LRX21Y	F460S20g.1423798169	lge/tiger6_skt_kr/tiger6:5.0.1/LRX21Y/F460S20g.1423798169:user/release-keys			
lge	lge	W7	LG-D400	w7	w7_tmo_us	5.0.2	LRX22G	152261732bf5c	lge/w7_tmo_us/w7:5.0.2/LRX22G/152261732bf5c:user/release-keys			
Amazon	Amazon	TCL 20 SE	T671E	austin	austin	5.1.1	LVY48F	55.6.5.9_user_659664620	Amazon/austin/austin:5.1.1/LVY48F/55.6.5.9_user_659664620:user/release-keys	2019-07-01	mt8127	mt8127
Amazon	Amazon	motorola edge 50	motorola edge 50	tank	full_tank	5.1.1	LVY48F	288.5.5.5_user_555164620	Amazon/full_tank/tank:5.1.1/LVY48F/288.5.5.5_user_555164620:user/release-keys	2016-06-01	mt8127	mt8127
BLU	BLU	PURE XL	BLU_PURE_XL	BLU_PURE_XL	BLU_PURE_XL	5.1	P0010UU	1448243667	BLU/BLU_PURE_XL/BLU_PURE_XL:5.1/P0010UU/1448243667:user/release-keys			
Beeline	Beeline	Fast-Plus	Beeline_Fast_Plus	Fast_Plus	Beeline_Fast_Plus	5.1.1	LMY47V	TBL576113_0004_V010125	Beeline/Beeline_Fast_Plus/Fast_Plus:5.1.1/LMY47V/TBL576113_0004_V010125:user/release-keys			
Coolpad	Coolpad	3622A-mpcs	Coolpad 3622A	cp3622a	cp3622a_mpcs	5.1.1	LMY47V	1670629	Coolpad/cp3622a_mpcs/cp3622a:5.1.1/LMY47V/1670629:user/release-keys			
Emerson	Emerson	Emerson EM756	EM756	EM756	EM756	5.1.1	LMY47V	jingy07292246	Emerson/EM756/EM756:5.1.1/LMY47V/jingy07292246:user/release-keys			
Fly	Fly	Nimbus 7	FS505	Nimbus_7	FS505	5.1	LMY47I	1457779695	Fly/FS505/Nimbus_7:5.1/LMY47I/1457779695:user/release-keys			
Hudl	Hudl	hudl 2	HTF8A4XX	HTF8A4	HTF8A4XX	5.1	LMY47I	rel.android-build.20150917.142239	Hudl/HTF8A4XX/HTF8A4:5.1/LMY47I/rel.android-build.20150917.142239:user/release-keys			
InFocus	InFocus	M810	M810_00WW	VNA	M810_00WW	5.0.2	LRX22G	00WW_4_230	InFocus/M810_00WW/VNA:5.0.2/LRX22G/00WW_4_230:user/release-keys			
Letv	Letv	Le Max	LeMax_WW	max1_in	LeMax_WW	5.0.2	CHXOSOP5000812091S	78	Letv/LeMax_WW/max1_in:5.0.2/CHXOSOP5000812091S/78:user/release-keys			
MetroPCS	MetroPCS	LG Treasure	LGL51AL	m1	m1_mpcs_us	5.1.1	LMY47V	1730518539138	MetroPCS/m1_mpcs_us/m1:5.1.1/LMY47V/1730518539138:user/release-keys			
Micromax	Micromax	Bolt	D305	D305	D305	5.1	LMY47I	1441954463	Micromax/D305/D305:5.1/LMY47I/1441954463:user/release-keys			
Micromax	Micromax	Bolt	Q326	Q326	Q326	5.1	LMY47D	jks.1452136674	Micromax/Q326/Q326:5.1/LMY47D/jks.1452136674:user/release-keys			
Micromax	Micromax	Sliver 5	Q450	Q450	Q450	5.1.1	LMY47V	android01181213	Micromax/Q450/Q450:5.1.1/LMY47V/android01181213:user/release-keys			
NKJ_AQT100	NKJ_AQT100	AQT100	NKJ_AQT100	NKJ_AQT100	NKJ_AQT100	5.1.1	NKJ.02.42.01.04	01	NKJ_AQT100/NKJ_AQT100/NKJ_AQT100:5.1.1/NKJ.02.42.01.04/01:user/release-keys			
Neffos	Neffos	C5 Max	TP702B	C5_Max	TP702B	5.1	LMY47D	H10S102D02B20170313R1011.170313	Neffos/TP702B/C5_Max:5.1/LMY47D/H10S102D02B20170313R1011.170313:user/release-keys			
Philips	Philips	V377	Philips_V377_RU	Philips_V377	Philips_V377_RU	5.1	LMY47I	1460450089	Philips/Philips_V377_RU/Philips_V377:5.1/LMY47I/1460450089:user/release-keys			
Prestigio	Prestigio	Multipad Wize 3508 4G	PMT3508_4G	LS80A1L	PMT3508_4G	5.1	LMY47D	1461206365	Prestigio/PMT3508_4G/LS80A1L:5.1/LMY47D/1461206365:user/release-keys			
Reliance	Reliance	RC501L	Orbic	RC501L	Orbic	5.1	LMY47D	1452005901	Reliance/Orbic/RC501L:5.1/LMY47D/1452005901:user/release-keys			
Smartfren	Smartfren	HS- L682	I46D1G	HS8916QC	I46D1G	5.0.2	LRX22G	L1074L.6.05.01	Smartfren/I46D1G/HS8916QC:5.0.2/LRX22G/L1074L.6.05.01:user/release-keys			
Verizon	Verizon	Galaxy Core Prime	SM-G360H	coreprimeltevzw	coreprimeltevzw	5.1.1	LMY48B	G360VVRU3BOK2	Verizon/coreprimeltevzw/coreprimeltevzw:5.1.1/LMY48B/G360VVRU3BOK2:user/release-keys			
Verizon	Verizon	Galaxy J1	SM-J100H	j1qltevzw	j1qltevzw	5.1.1	LMY48B	J100VPPVRU4APH5	Verizon/j1qltevzw/j1qltevzw:5.1.1/LMY48B/J100VPPVRU4APH5:user/release-keys			
Verizon	Verizon	Galaxy S4	SCH-I545	jfltevzw	jfltevzw	5.0.1	LRX22C	I545VRSGPL1	Verizon/jfltevzw/jfltevzw:5.0.1/LRX22C/I545VRSGPL1:user/release-keys		msm8960	msm8960
Verizon	Verizon	Galaxy S4	SC-04E	jfltevzwpp	jfltevzwpp	5.0.1	LRX22C	I545PPVRUAOH7	Verizon/jfltevzwpp/jfltevzwpp:5.0.1/LRX22C/I545PPVRUAOH7:user/release-keys			
Vodafone	Vodafone	Smart ultra 6	P839V55	P839V55	P839V55	5.1.1	LMY47V	20161227.134319.15534	Vodafone/P839V55/P839V55:5.1.1/LMY47V/20161227.134319.15534:user/release-keys			
Vodafone	Vodafone	Blade Apex3	P839V55	msm8916_32	P839V55	5.1.1	LMY47V	20151116.124145.11931	Vodafone/P839V55/msm8916_32:5.1.1/LMY47V/20151116.124145.11931:user/release-keys			
Vodafone	Vodafone	Smart first 7	VFD200	P731V35	VFD200	5.1	LMY47D	20181224.152241.2706	Vodafone/VFD200/P731V35:5.1/LMY47D/20181224.152241.2706:user/release-keys			
YU	YU	YUNIQUE	YU4711	YU4711	YU4711	5.1.1	LMY47V	1450865915	YU/YU4711/YU4711:5.1.1/LMY47V/1450865915:user/release-keys			
acer	acer	Liquid T2	T02_ww	acer_T02	T02_ww	5.1	LMY47D	1464248381	acer/T02_ww/acer_T02:5.1/LMY47D/1464248381:user/release-keys			
nvidia	nvidia	TegraNote	Tegra Note 7	tegranote7c	tn7c_114gp	5.1	LMY47D	28954_540.8758	nvidia/tn7c_114gp/tegranote7c:5.1/LMY47D/28954_540.8758:user/release-keys			
nvidia	NVIDIA	SHIELD Tablet	SHIELD Tablet	shieldtablet	wx_na_do	5.1.1	LMY48C	35398_567.2193	nvidia/wx_na_do/shieldtablet:5.1.1/LMY48C/35398_567.2193:user/release-keys		tegra	tegra
samsung	samsung	Galaxy Tab3 7.0	SM-T210	lt02wifi	lt02wifixx	4.4.2	KOT49H	T210XXBPJ2	samsung/lt02wifixx/lt02wifi:4.4.2/KOT49H/T210XXBPJ2:user/release-keys	2016-10-01	mrvl	mrvl
Google	Google	glass_1	Glass 1	glass-1	glass_1	4.4.4	XRH19	3926992	Google/glass_1/glass-1:4.4.4/XRH19/3926992:user/release-keys		omap4	omap4
Huawei	HUAWEI	G620S-UL00	G620S-UL0	hwG620S-UL00	G620S-UL00	4.4.4	HuaweiG620S-UL00	C17B360	Huawei/G620S-UL00/hwG620S-UL00:4.4.4/HuaweiG620S-UL00/C17B360:user/release-keys		msm8916	msm8916
Huawei	Huawei	MediaPad	MediaPad	hws10101w	MediaPad	4.1.2	HuaweiMediaPad	UNKNOW	Huawei/MediaPad/hws10101w:4.1.2/HuaweiMediaPad/UNKNOW:user/release-keys			
Huawei	Huawei	MediaPad	MediaPad	hws7300u	MediaPad	4.0.3	HuaweiMediaPad	C002B010SP30	Huawei/MediaPad/hws7300u:4.0.3/HuaweiMediaPad/C002B010SP30:user/release-keys			
Huawei	Huawei	MediaPad	MediaPad	hwt1701	MediaPad	4.4.2	HuaweiMediaPad	T1701uV1R1C199B101	Huawei/MediaPad/hwt1701:4.4.2/HuaweiMediaPad/T1701uV1R1C199B101:user/release-keys			
Huawei	Huawei	mp7charm		hi6620oem	mp7charm	4.4.2	KOT49H	eng.jslave.20141126.163842	Huawei/mp7charm/hi6620oem:4.4.2/KOT49H/eng.jslave.20141126.163842:user/release-keys			
Huawei	Huawei	MediaPad X1 7.0	7D-501u	hw7d501l	mp7charm	4.2.2	JDQ39	eng.jslave.20140624.024522	Huawei/mp7charm/hw7d501l:4.2.2/JDQ39/eng.jslave.20140624.024522:user/release-keys			
Huawei	Huawei	T1	T1-821w	hwt1821l	t1_8p0lte	4.4.4	HuaweiMediaPad	T1821LV1R1C238B003	Huawei/t1_8p0lte/hwt1821l:4.4.4/HuaweiMediaPad/T1821LV1R1C238B003:user/release-keys			
OPPO	OPPO	Blade Apex3	ZTE Blade Apex3	msm8916_32	msm8916_32	4.4.4	KTU84P	eng.root.20141205	OPPO/msm8916_32/msm8916_32:4.4.4/KTU84P/eng.root.20141205:user/release-keys			
Xiaomi	Xiaomi	HM 1SLTETD	HM2014501	HM2014501	2014501	4.4.2	KOT49H	KHHCNBF3.0	Xiaomi/2014501/HM2014501:4.4.2/KOT49H/KHHCNBF3.0:user/release-keys			
Xiaomi	Xiaomi	HM 2LTE-CU	HM2014811	HM2014811	2014811	4.4.4	KTU84P	V6.6.7.0.KHJMICF	Xiaomi/2014811/HM2014811:4.4.4/KTU84P/V6.6.7.0.KHJMICF:user/release-keys			
Xiaomi	Xiaomi	HM 1SC	HM 1AC	armani	armani	4.3	JLS36C	JHCCNBA94.0	Xiaomi/armani/armani:4.3/JLS36C/JHCCNBA94.0:user/release-keys			
Xiaomi	Xiaomi	MiBOX2	MiBOX2	dredd	dredd	4.4.2	KOT49H	3229	Xiaomi/dredd/dredd:4.4.2/KOT49H/3229:user/release-keys			
Xiaomi	Xiaomi	HM NOTE 1W	HM NOTE 1W	lcsh92_wet_jb9	lcsh92_wet_jb9	4.4.2	KOT49H	5.9.17	Xiaomi/lcsh92_wet_jb9/lcsh92_wet_jb9:4.4.2/KOT49H/5.9.17:user/release-keys			
Xiaomi	Xiaomi	HM NOTE 1TD	HM NOTE 1TD	lcsh92_wet_tdd	lcsh92_wet_tdd	4.2.2	JDQ39	JHECNBA23.0	Xiaomi/lcsh92_wet_tdd/lcsh92_wet_tdd:4.2.2/JDQ39/JHECNBA23.0:user/release-keys			
Xiaomi	Xiaomi	MI PAD	MI PAD	mocha	mocha	4.4.4	KTU84P	7.11.16	Xiaomi/mocha/mocha:4.4.4/KTU84P/7.11.16:user/release-keys			
Xiaomi	Xiaomi	MI 3W	MI 3W	virgo	virgo_lte_ct	4.4.4	KTU84P	5.12.4	Xiaomi/virgo_lte_ct/virgo:4.4.4/KTU84P/5.12.4:user/release-keys			
google	google	Nexus 5	Nexus 5	hammerhead	aosp_hammerhead	4.4.4	KTU84P	5.9.17	google/aosp_hammerhead/hammerhead:4.4.4/KTU84P/5.9.17:user/release-keys			
google	google	Nexus S	Nexus S	crespo4g	sojus	4.1.2	JZO54K	485486	google/sojus/crespo4g:4.1.2/JZO54K/485486:user/release-keys			
google	google	Galaxy Nexus	Galaxy Nexus	maguro	takju	4.3	JWR66V	737497	google/takju/maguro:4.3/JWR66V/737497:user/release-keys			
google	Google	Project Tango Tablet Development Kit	Yellowstone	yellowstone	tango	4.4.2	KOT49H	140829D	google/tango/yellowstone:4.4.2/KOT49H/140829D:user/release-keys		tegra	tegra
google	google	Nexus Q	Nexus Q	phantasm	tungsten	4.0.4	IAN67K	403218	google/tungsten/phantasm:4.0.4/IAN67K/403218:user/release-keys		omap4	omap4
motorola	motorola	RAZR HD	XT925_rtfr	vanquish_u	XT925_rtfr	4.4.2	KDA20.127	59	motorola/XT925_rtfr/vanquish_u:4.4.2/KDA20.127/59:user/release-keys			
motorola	motorola	RAZR HD	XT926_verizon	vanquish	XT926_verizon	4.1.2	9.8.1Q-62_VQW_MR-4	9	motorola/XT926_verizon/vanquish:4.1.2/9.8.1Q-62_VQW_MR-4/9:user/release-keys			
motorola	motorola	Moto E (1st Gen)	XT1022	condor_umtsds	condor_retaildsds	4.4.4	KXC21.5-40	46	motorola/condor_retaildsds/condor_umtsds:4.4.4/KXC21.5-40/46:user/release-keys			
motorola	motorola	Moto G Google Play edition	XT1002	falcon_umts	falcon_amxar	4.4.4	KXB21.14-L1.40	37	motorola/falcon_amxar/falcon_umts:4.4.4/KXB21.14-L1.40/37:user/release-keys			
motorola	motorola	Moto G Google Play edition	XT1002	falcon_umts	falcon_amxco	4.4.2	KXB20.9-1.10-1.24-1.1	1	motorola/falcon_amxco/falcon_umts:4.4.2/KXB20.9-1.10-1.24-1.1/1:user/release-keys			
motorola	motorola	Moto G Google Play edition	XT1002	falcon_umts	falcon_amxmx	4.4.4	KXB21.14-L1.40	38	motorola/falcon_amxmx/falcon_umts:4.4.4/KXB21.14-L1.40/38:user/release-keys			
motorola	motorola	Moto G (1st Gen)	XT1028	falcon_cdma	falcon_boost	4.4.2	KXB20.9-1.10-1.18-1.1	1	motorola/falcon_boost/falcon_cdma:4.4.2/KXB20.9-1.10-1.18-1.1/1:user/release-keys			
motorola	motorola	Moto G (1st Gen)	XT1028	falcon_cdma	falcon_repw	4.4.2	KXB20.9-1.10-2.27	33	motorola/falcon_repw/falcon_cdma:4.4.2/KXB20.9-1.10-2.27/33:user/release-keys			
motorola	motorola	Moto G Google Play edition	XT1002	falcon_umts	falcon_tefcl	4.3	14.10.0Q3.X-76-LCG-8	53	motorola/falcon_tefcl/falcon_umts:4.3/14.10.0Q3.X-76-LCG-8/53:user/release-keys			
motorola	motorola	Moto G (1st Gen)	XT1028	falcon_cdma	falcon_verizon	4.4.4	KXB21.14-L1.41	42	motorola/falcon_verizon/falcon_cdma:4.4.4/KXB21.14-L1.41/42:user/release-keys			
motorola	motorola	Moto X (1st Gen)	XT1053	ghost	ghost_retail	4.4.2	KXA20.16-1.25	31	motorola/ghost_retail/ghost:4.4.2/KXA20.16-1.25/31:user/release-keys		msm8960	msm8960
motorola	motorola	Moto X (1st Gen)	XT1052	ghost	ghost_retgb	4.4.2	KLA20.16-2.16	9	motorola/ghost_retgb/ghost:4.4.2/KLA20.16-2.16/9:user/release-keys		msm8960	msm8960
motorola	motorola	Moto X (1st Gen)	XT1056	ghost	ghost_sprint	4.4.2	KXA20.16-1.32	37	motorola/ghost_sprint/ghost:4.4.2/KXA20.16-1.32/37:user/release-keys		msm8960	msm8960
motorola	motorola	Moto G with 4G LTE (1st Gen)	XT1039	peregrine	peregrine_retde	4.4.4	KXB21.14-L1.56	52	motorola/peregrine_retde/peregrine:4.4.4/KXB21.14-L1.56/52:user/release-keys			
samsung	samsung	Galaxy Ace2	GT-I8160	GT-I8160	GT-I8160	4.1.2	JZO54K	I8160XXNB1	samsung/GT-I8160/GT-I8160:4.1.2/JZO54K/I8160XXNB1:user/release-keys		montblanc	montblanc
samsung	samsung	Galaxy S2 Plus	GT-I9100G	GT-I9100G	GT-I9100G	4.1.2	JZO54K	I9100GDXLS8	samsung/GT-I9100G/GT-I9100G:4.1.2/JZO54K/I9100GDXLS8:user/release-keys		omap4	omap4
samsung	samsung	Galaxy S2	GT-I9103	GT-I9103	GT-I9103	4.0.4	IMM76D	XWLP8	samsung/GT-I9103/GT-I9103:4.0.4/IMM76D/XWLP8:user/release-keys		tegra	tegra
samsung	samsung	Galaxy Note	GT-N7000	GT-N7000	GT-N7000	4.1.2	JZO54K	N7000XXLT5	samsung/GT-N7000/GT-N7000:4.1.2/JZO54K/N7000XXLT5:user/release-keys		exynos4	exynos4
samsung	samsung	Galaxy Note3	SC-01F	SC-01F	SC-01F	4.3	JSS15J	SC01FOMUBNB3	samsung/SC-01F/SC-01F:4.3/JSS15J/SC01FOMUBNB3:user/release-keys		msm8974	msm8974
samsung	samsung	Galaxy A5	SM-A500F	a5lte	a5ltexx	4.4.4	KTU84P	A500FXXU1ANL1	samsung/a5ltexx/a5lte:4.4.4/KTU84P/A500FXXU1ANL1:user/release-keys			
samsung	samsung	Galaxy Core LTE	SM-G386F	afyonlte	afyonltexx	4.2.2	JDQ39	G386FXXUANB5	samsung/afyonltexx/afyonlte:4.2.2/JDQ39/G386FXXUANB5:user/release-keys		u2	u2
samsung	samsung	Galaxy Discover	SCH-R740C	amazing3gcri	amazing3gcri	4.1.2	JZO54K	R740CVVBNA5.NAKED	samsung/amazing3gcri/amazing3gcri:4.1.2/JZO54K/R740CVVBNA5.NAKED:user/release-keys			
samsung	samsung	Galaxy Style Duos	SCH-I829	aruba3gduosctc	aruba3gduosctc	4.1.2	JZO54K	I829KEAMG3	samsung/aruba3gduosctc/aruba3gduosctc:4.1.2/JZO54K/I829KEAMG3:user/release-keys		msm7627a	msm7627a
samsung	samsung	GT-I8262D	GT-I8262D	aruba3gchn	aruba3gzc	4.1.2	JZO54K	I8262DZCAMJ1	samsung/aruba3gzc/aruba3gchn:4.1.2/JZO54K/I8262DZCAMJ1:user/release-keys		msm7627a	msm7627a
samsung	samsung	Galaxy Duos	GT-I8268	aruba3gcmcc	aruba3gzm	4.1.2	JZO54K	I8268ZMAML2	samsung/aruba3gzm/aruba3gcmcc:4.1.2/JZO54K/I8268ZMAML2:user/release-keys		mrvl	mrvl
samsung	samsung	Galaxy Core Safe	GT-I8260E	arubaslimss	arubaslimssuh	4.1.2	JZO54K	I8260EUHAMK3	samsung/arubaslimssuh/arubaslimss:4.1.2/JZO54K/I8260EUHAMK3:user/release-keys		msm7627a	msm7627a
samsung	samsung	Galaxy Core	GT-I8260	arubaslimss	arubaslimssxx	4.1.2	JZO54K	I8260XXAML3	samsung/arubaslimssxx/arubaslimss:4.1.2/JZO54K/I8260XXAML3:user/release-keys		msm7627a	msm7627a
samsung	samsung	Galaxy S3 Duos	GT-I8262B	arubaslim	arubaslimvj	4.1.2	JZO54K	I8262BUBAMG1	samsung/arubaslimvj/arubaslim:4.1.2/JZO54K/I8262BUBAMG1:user/release-keys		msm7627a	msm7627a
samsung	samsung	Galaxy Core	GT-I8262	arubaslim	arubaslimxx	4.1.2	JZO54K	I8262XXANB2	samsung/arubaslimxx/arubaslim:4.1.2/JZO54K/I8262XXANB2:user/release-keys		msm7627a	msm7627a
samsung	samsung	Galaxy Grand Neo	GT-I9060	baffinlite	baffinlitexx	4.2.2	JDQ39	I9060POUANB1	samsung/baffinlitexx/baffinlite:4.2.2/JDQ39/I9060POUANB1:user/release-keys		java	java
samsung	samsung	Galaxy Grand	GT-I9080L	baffinss	baffinssvj	4.2.2	JDQ39	I9080LUBUBMK3	samsung/baffinssvj/baffinss:4.2.2/JDQ39/I9080LUBUBMK3:user/release-keys		capri	capri
samsung	samsung	Galaxy Grand	SHV-E275S	baffinveskt	baffinveskt	4.1.2	JZO54K	E275SKSUANA1	samsung/baffinveskt/baffinveskt:4.1.2/JZO54K/E275SKSUANA1:user/release-keys		exynos4	exynos4
samsung	samsung	Z716BL	GT-I9082i	baffin	baffinxx	4.2.2	JDQ39	I9082XXUBMK5	samsung/baffinxx/baffin:4.2.2/JDQ39/I9082XXUBMK5:user/release-keys			
samsung	samsung	Galaxy Grand Duos	GT-I9082	baffin	baffinxx	4.2.2	JDQ39	I9082XXUBNC1	samsung/baffinxx/baffin:4.2.2/JDQ39/I9082XXUBNC1:user/release-keys		capri	capri
samsung	samsung	Galaxy Exhibit	SGH-T599N	codinaMetroPCS	codinaMetroPCS	4.1.2	JZO54K	T599NUVAMD4	samsung/codinaMetroPCS/codinaMetroPCS:4.1.2/JZO54K/T599NUVAMD4:user/release-keys		montblanc	montblanc
samsung	samsung	Galaxy Exhibit	SGH-T599V	codinavid	codinavid	4.1.2	JZO54K	T599VVLAME3	samsung/codinavid/codinavid:4.1.2/JZO54K/T599VVLAME3:user/release-keys		montblanc	montblanc
samsung	samsung	Galaxy Core Prime	SM-G360HU	core33g	core33gdd	4.4.4	KTU84P	G360HDDU0APA3	samsung/core33gdd/core33g:4.4.4/KTU84P/G360HDDU0APA3:user/release-keys			
samsung	samsung	Galaxy Core Prime	SM-G360P	coreprimeltespr	coreprimeltespr	4.4.4	KTU84P	S820LUDU1ANL8	samsung/coreprimeltespr/coreprimeltespr:4.4.4/KTU84P/S820LUDU1ANL8:user/release-keys			
samsung	samsung	Galaxy Core Prime	SM-S820L	coreprimeltetfnvzw	coreprimeltetfnvzw	4.4.4	KTU84P	S820LUDU2AOC1	samsung/coreprimeltetfnvzw/coreprimeltetfnvzw:4.4.4/KTU84P/S820LUDU2AOC1:user/release-keys			
samsung	samsung	Galaxy Pocket	GT-S5301	coriplus	coriplusub	4.0.4	IMM76D	S5301LUBAME1	samsung/coriplusub/coriplus:4.0.4/IMM76D/S5301LUBAME1:user/release-keys			
samsung	samsung	Galaxy Mega 5.8	SCH-P709	crater3gctc	crater3gctc	4.2.2	JDQ39	P709KEUCNC1	samsung/crater3gctc/crater3gctc:4.2.2/JDQ39/P709KEUCNC1:user/release-keys		msm8960	msm8960
samsung	samsung	Galaxy Mega 5.8	GT-I9150	craterss	craterssub	4.2.2	JDQ39	I9150UBUANB4	samsung/craterssub/craterss:4.2.2/JDQ39/I9150UBUANB4:user/release-keys		capri	capri
samsung	samsung	Galaxy Mega 5.8	GT-I9158	cratertd3g	cratertd3gzm	4.2.2	JDQ39	I9158ZMUANA1	samsung/cratertd3gzm/cratertd3g:4.2.2/JDQ39/I9158ZMUANA1:user/release-keys		msm8960	msm8960
samsung	samsung	Galaxy Mega 5.8	GT-I9152	crater	craterxx	4.2.2	JDQ39	I9152XWUANA6	samsung/craterxx/crater:4.2.2/JDQ39/I9152XWUANA6:user/release-keys		capri	capri
samsung	samsung	Galaxy Core Plus	SM-G350	cs02	cs02xx	4.2.2	JDQ39	G350XXUANB1	samsung/cs02xx/cs02:4.2.2/JDQ39/G350XXUANB1:user/release-keys		hawaii	hawaii
samsung	samsung	Galaxy S3	SGH-T999N	d2lteMetroPCS	d2lteMetroPCS	4.3	JSS15J	T999NUVUBNC1	samsung/d2lteMetroPCS/d2lteMetroPCS:4.3/JSS15J/T999NUVUBNC1:user/release-keys		msm8960	msm8960
samsung	samsung	Galaxy S3	SGH-T999L	d2ltetmo	d2ltetmo	4.3	JSS15J	T999LUVUBMK4	samsung/d2ltetmo/d2ltetmo:4.3/JSS15J/T999LUVUBMK4:user/release-keys		msm8960	msm8960
samsung	samsung	Galaxy S3	SPH-L710	d2spr	d2spr	4.3	JSS15J	L710VPUCMK3	samsung/d2spr/d2spr:4.3/JSS15J/L710VPUCMK3:user/release-keys		msm8960	msm8960
samsung	samsung	Galaxy S3	SGH-T999	d2tmo	d2tmo	4.3	JSS15J	T999UVUEMJC	samsung/d2tmo/d2tmo:4.3/JSS15J/T999UVUEMJC:user/release-keys		msm8960	msm8960
samsung	samsung	Galaxy S3	SAMSUNG-SGH-I747	d2att	d2uc	4.3	JSS15J	I747UCUEMJB	samsung/d2uc/d2att:4.3/JSS15J/I747UCUEMJB:user/release-keys		msm8960	msm8960
samsung	samsung	Galaxy S3	SGH-I747M	d2can	d2vl	4.3	JSS15J	I747MVLUEMK5	samsung/d2vl/d2can:4.3/JSS15J/I747MVLUEMK5:user/release-keys		msm8960	msm8960
samsung	samsung	Galaxy S3	SGH-I747M	d2can	d2vl	4.4.2	KOT49H	I747MVLUFNH2	samsung/d2vl/d2can:4.4.2/KOT49H/I747MVLUFNH2:user/release-keys			
samsung	samsung	Galaxy S3	SGH-T999V	d2can	d2vw	4.3	JSS15J	T999VVLUEML2	samsung/d2vw/d2can:4.3/JSS15J/T999VVLUEML2:user/release-keys		msm8960	msm8960
samsung	samsung	Galaxy Tab4 7.0	SM-T231	degas3g	degas3gxx	4.4.2	KOT49H	T231XXU0AOI2	samsung/degas3gxx/degas3g:4.4.2/KOT49H/T231XXU0AOI2:user/release-keys			
samsung	samsung	Galaxy Tab4 7.0	SM-T230NU	degaswifiue	degaswifiue	4.4.2	KOT49H	T230NUUEU0APA1	samsung/degaswifiue/degaswifiue:4.4.2/KOT49H/T230NUUEU0APA1:user/release-keys			
samsung	samsung	Galaxy Win	GT-I8552	delos3geur	delos3gxx	4.1.2	JZO54K	I8552XXAMD4	samsung/delos3gxx/delos3geur:4.1.2/JZO54K/I8552XXAMD4:user/release-keys			
samsung	samsung	Galaxy E7	SM-E700H	e73g	e73gxx	4.4.4	KTU84P	E700HXXU1AOE4	samsung/e73gxx/e73g:4.4.4/KTU84P/E700HXXU1AOE4:user/release-keys			
samsung	samsung	Galaxy Tab2 10.1	GT-P5100	espresso10rf	espresso10rfxx	4.0.4	IMM76D	P5100XWBLF3	samsung/espresso10rfxx/espresso10rf:4.0.4/IMM76D/P5100XWBLF3:user/release-keys			
samsung	samsung	Galaxy Tab2 10.1	GT-P5100	espresso10rf	espresso10rfxx	4.2.2	JDQ39	P5100XXDNA1	samsung/espresso10rfxx/espresso10rf:4.2.2/JDQ39/P5100XXDNA1:user/release-keys		omap4	omap4
samsung	samsung	Galaxy Tab2 10.1	SAMSUNG-SGH-I497	espresso10att	espresso10uc	4.1.2	JZO54K	I497UCBMF2	samsung/espresso10uc/espresso10att:4.1.2/JZO54K/I497UCBMF2:user/release-keys			
samsung	samsung	Galaxy Tab2 10.1	GT-P5110	espresso10wifi	espresso10wifixx	4.2.2	JDQ39	P5110XXDML1	samsung/espresso10wifixx/espresso10wifi:4.2.2/JDQ39/P5110XXDML1:user/release-keys		omap4	omap4
samsung	samsung	Galaxy Tab2 7.0	GT-P3100	espressorf	espressorfxx	4.2.2	JDQ39	P3100XWDMK1	samsung/espressorfxx/espressorf:4.2.2/JDQ39/P3100XWDMK1:user/release-keys		omap4	omap4
samsung	samsung	Galaxy Tab2 7.0	GT-P3113	espressowifi	espressowifiue	4.2.2	JDQ39	P3113UEUCMK3	samsung/espressowifiue/espressowifi:4.2.2/JDQ39/P3113UEUCMK3:user/release-keys		omap4	omap4
samsung	samsung	Galaxy Tab2 7.0	GT-P3110	espressowifi	espressowifixx	4.2.2	JDQ39	P3110XXDNE1	samsung/espressowifixx/espressowifi:4.2.2/JDQ39/P3110XXDNE1:user/release-keys			
samsung	samsung	Galaxy Grand Prime	SM-G530H	fortuna3g	fortuna3gdd	4.4.4	KTU84P	G530HXXU2AOA2	samsung/fortuna3gdd/fortuna3g:4.4.4/KTU84P/G530HXXU2AOA2:user/release-keys			
samsung	samsung	Galaxy Grand Prime	SM-G530H	fortuna3g	fortuna3gxx	4.4.4	KTU84P	G530HXXU2AOE5	samsung/fortuna3gxx/fortuna3g:4.4.4/KTU84P/G530HXXU2AOE5:user/release-keys			
samsung	samsung	Galaxy Grand Prime	SM-G530H	fortunave3g	fortunave3gxx	4.4.4	KTU84P	G530HXCU1AOE2	samsung/fortunave3gxx/fortunave3g:4.4.4/KTU84P/G530HXCU1AOE2:user/release-keys			
samsung	samsung	Galaxy S3 Mini	GT-I8190	golden	goldendx	4.1.2	JZO54K	I8190DXAMA2	samsung/goldendx/golden:4.1.2/JZO54K/I8190DXAMA2:user/release-keys			
samsung	samsung	Galaxy S3 Mini	SM-G730W8	goldenltebmc	goldenltebmc	4.2.2	JDQ39	G730W8VLUAMK1	samsung/goldenltebmc/goldenltebmc:4.2.2/JDQ39/G730W8VLUAMK1:user/release-keys		msm8960	msm8960
samsung	samsung	Galaxy S3 Mini	SAMSUNG-SM-G730A	goldenlteatt	goldenlteuc	4.2.2	JDQ39	G730AUCUAMH4	samsung/goldenlteuc/goldenlteatt:4.2.2/JDQ39/G730AUCUAMH4:user/release-keys		msm8960	msm8960
samsung	samsung	Galaxy S3 Mini	GT-I8190N	golden	goldennfcxx	4.1.2	JZO54K	I8190NXXALL6	samsung/goldennfcxx/golden:4.1.2/JZO54K/I8190NXXALL6:user/release-keys		montblanc	montblanc
samsung	samsung	Galaxy S3 Mini	GT-I8190L	golden	goldenub	4.1.2	JZO54K	I8190LUBAMH1	samsung/goldenub/golden:4.1.2/JZO54K/I8190LUBAMH1:user/release-keys		montblanc	montblanc
samsung	samsung	Galaxy S3 Mini	GT-I8190	golden	goldenxx	4.1.2	JZO54K	I8190XXAMJ3	samsung/goldenxx/golden:4.1.2/JZO54K/I8190XXAMJ3:user/release-keys		montblanc	montblanc
samsung	samsung	Galaxy Tab Plus 7.0	SM-T116BU	goyave3gsea	goyave3gdx	4.4.4	KTU84P	T116NUXXU0AOD1	samsung/goyave3gdx/goyave3gsea:4.4.4/KTU84P/T116NUXXU0AOD1:user/release-keys			
samsung	samsung	Galaxy Tab3 Lite 7.0	SM-T113	goyavewifi	goyavewifixx	4.4.4	KTU84P	T113XXS0AQC2	samsung/goyavewifixx/goyavewifi:4.4.4/KTU84P/T113XXS0AQC2:user/release-keys			
samsung	samsung	Galaxy Tab E	SM-T561M	gtel3g	gtel3gxx	4.4.4	KTU84P	T561XXU0AQA2	samsung/gtel3gxx/gtel3g:4.4.4/KTU84P/T561XXU0AQA2:user/release-keys			
samsung	samsung	Galaxy Tab E	SM-T560	gtelwifi	gtelwifixx	4.4.4	KTU84P	T560XXU0APE2	samsung/gtelwifixx/gtelwifi:4.4.4/KTU84P/T560XXU0APE2:user/release-keys			
samsung	samsung	Galaxy Note3 Duos	SM-N900U	hlte	h3gzc	4.3	JSS15J	N9006ZCUDMK2	samsung/h3gzc/hlte:4.3/JSS15J/N9006ZCUDMK2:user/release-keys			
samsung	samsung	Galaxy Ace Style	SM-G357FZ	heatqlte	heatqltexx	4.4.4	KTU84P	G357FZXXU1AOB2	samsung/heatqltexx/heatqlte:4.4.4/KTU84P/G357FZXXU1AOB2:user/release-keys			
samsung	samsung	Galaxy Star2 Plus	SM-G350E	higgs2g	higgs2gxx	4.4.2	KOT49H	G350EXXU0ANI1	samsung/higgs2gxx/higgs2g:4.4.2/KOT49H/G350EXXU0ANI1:user/release-keys			
samsung	samsung	Galaxy Note3 Neo	SM-N750	hl3g	hl3gxx	4.4.2	KOT49H	N750XXUCNK3	samsung/hl3gxx/hl3g:4.4.2/KOT49H/N750XXUCNK3:user/release-keys			
samsung	samsung	Galaxy Note3 Neo	SM-N7505	hllte	hlltexx	4.3	JSS15J	N7505XXUANB5	samsung/hlltexx/hllte:4.3/JSS15J/N7505XXUANB5:user/release-keys		exynos5	exynos5
samsung	samsung	Galaxy Note3 Neo	SM-N7505	hllte	hlltexx	4.3	JSS15J	N7505XXUBND3	samsung/hlltexx/hllte:4.3/JSS15J/N7505XXUBND3:user/release-keys			
samsung	samsung	Galaxy Note3 Neo	SM-N7505	hllte	hlltezt	4.3	JSS15J	N7507ZTUANJ1	samsung/hlltezt/hllte:4.3/JSS15J/N7507ZTUANJ1:user/release-keys			
samsung	samsung	Galaxy Note3	SM-N900K	hltektt	hltektt	4.4.2	KOT49H	N900KKKUENAA	samsung/hltektt/hltektt:4.4.2/KOT49H/N900KKKUENAA:user/release-keys		msm8974	msm8974
samsung	samsung	Galaxy Note3	SM-N900L	hltelgt	hltelgt	4.4.2	KOT49H	N900LKLUENAA	samsung/hltelgt/hltelgt:4.4.2/KOT49H/N900LKLUENAA:user/release-keys		msm8974	msm8974
samsung	samsung	Galaxy Note3	SM-N900S	hlteskt	hlteskt	4.4.2	KOT49H	N900SKSUENBD	samsung/hlteskt/hlteskt:4.4.2/KOT49H/N900SKSUENBD:user/release-keys		msm8974	msm8974
samsung	samsung	Galaxy Note3	SM-N900P	hltespr	hltespr	4.4.2	KOT49H	N900PVPUCNAB	samsung/hltespr/hltespr:4.4.2/KOT49H/N900PVPUCNAB:user/release-keys		msm8974	msm8974
samsung	samsung	Galaxy Note3	SM-N900T	hltetmo	hltetmo	4.4.2	KOT49H	N900TUVUCNB4	samsung/hltetmo/hltetmo:4.4.2/KOT49H/N900TUVUCNB4:user/release-keys		msm8974	msm8974
samsung	samsung	Galaxy Note3	SAMSUNG-SM-N900A	hlteatt	hlteuc	4.2.2	JDQ39	N900AUCUAMGP	samsung/hlteuc/hlteatt:4.2.2/JDQ39/N900AUCUAMGP:user/release-keys		msm8974	msm8974
samsung	samsung	Galaxy Note3	SM-N900R4	hlteusc	hlteusc	4.4.2	KOT49H	N900R4TYUCNAB	samsung/hlteusc/hlteusc:4.4.2/KOT49H/N900R4TYUCNAB:user/release-keys		msm8974	msm8974
samsung	samsung	Galaxy Note3	SM-N9005	hlte	hltexx	4.4.2	KOT49H	N9005XXUENB4	samsung/hltexx/hlte:4.4.2/KOT49H/N9005XXUENB4:user/release-keys		msm8974	msm8974
samsung	samsung	Galaxy Note3	SM-N9007	htdlte	htdltezh	4.3	JSS15J	N9007ZHUANB1	samsung/htdltezh/htdlte:4.3/JSS15J/N9007ZHUANB1:user/release-keys		msm8974	msm8974
samsung	samsung	Galaxy J1	SM-J100H	j13g	j13gxx	4.4.4	KTU84P	J100HXCS0AQC2	samsung/j13gxx/j13g:4.4.4/KTU84P/J100HXCS0AQC2:user/release-keys			
samsung	samsung	Galaxy J1 Ace	SM-J110F	j1acelte	j1aceltedx	4.4.4	KTU84P	J110GDXU0APB1	samsung/j1aceltedx/j1acelte:4.4.4/KTU84P/J110GDXU0APB1:user/release-keys			
samsung	samsung	Galaxy J1 Ace	SM-J110H	j1pop3g	j1pop3gjv	4.4.4	KTU84P	J110HXXU0AQG4	samsung/j1pop3gjv/j1pop3g:4.4.4/KTU84P/J110HXXU0AQG4:user/release-keys			
samsung	samsung	Galaxy S4	GT-I9500	ja3g	ja3gxx	4.4.2	KOT49H	I9500XXUFNB3	samsung/ja3gxx/ja3g:4.4.2/KOT49H/I9500XXUFNB3:user/release-keys		exynos5	exynos5
samsung	samsung	Galaxy S4	GT-I9500	ja3g	ja3gzs	4.2.2	JDQ39	I9500ZSUBMG1	samsung/ja3gzs/ja3g:4.2.2/JDQ39/I9500ZSUBMG1:user/release-keys			
samsung	samsung	Galaxy S4	SGH-M919N	jflteMetroPCS	jflteMetroPCS	4.2.2	JDQ39	M919NUVUAMF2	samsung/jflteMetroPCS/jflteMetroPCS:4.2.2/JDQ39/M919NUVUAMF2:user/release-keys		msm8960	msm8960
samsung	samsung	Galaxy S4	SCH-I545L	jfltelra	jfltelra	4.3	JSS15J	I545LWWUEMK4	samsung/jfltelra/jfltelra:4.3/JSS15J/I545LWWUEMK4:user/release-keys		msm8960	msm8960
samsung	samsung	Galaxy S4	SPH-L720T	jflterefreshspr	jflterefreshspr	4.3	JSS15J	L720TVPUAMK5	samsung/jflterefreshspr/jflterefreshspr:4.3/JSS15J/L720TVPUAMK5:user/release-keys		msm8960	msm8960
samsung	samsung	Galaxy S4	SPH-L720T	jflterefreshspr	jflterefreshspr	4.4.2	KOT49H	L720TVPUBNAF	samsung/jflterefreshspr/jflterefreshspr:4.4.2/KOT49H/L720TVPUBNAF:user/release-keys			
samsung	samsung	Galaxy S4	SGH-M919	jfltetmo	jfltetmo	4.4.2	KOT49H	M919UVUFNB4	samsung/jfltetmo/jfltetmo:4.4.2/KOT49H/M919UVUFNB4:user/release-keys		msm8960	msm8960
samsung	samsung	Galaxy S4	SAMSUNG-SGH-I337	jflteatt	jflteuc	4.4.2	KOT49H	I337UCUFNB1	samsung/jflteuc/jflteatt:4.4.2/KOT49H/I337UCUFNB1:user/release-keys		msm8960	msm8960
samsung	samsung	Galaxy S4	SCH-R970	jflteusc	jflteusc	4.4.2	KOT49H	R970TYUFNAE	samsung/jflteusc/jflteusc:4.4.2/KOT49H/R970TYUFNAE:user/release-keys		msm8960	msm8960
samsung	samsung	Galaxy S4	GT-I9505	jflte	jfltezh	4.4.2	KOT49H	I9505ZHUFNB3	samsung/jfltezh/jflte:4.4.2/KOT49H/I9505ZHUFNB3:user/release-keys			
samsung	samsung	Galaxy S5	SM-G9009D	klte	k3gduosctc	4.4.2	KOT49H	G9009DKEU1ANCC	samsung/k3gduosctc/klte:4.4.2/KOT49H/G9009DKEU1ANCC:user/release-keys		msm8974	msm8974
samsung	samsung	Galaxy Core2	SM-G355H	kanas	kanas3gub	4.4.2	KOT49H	G355MUBU0AOC5	samsung/kanas3gub/kanas:4.4.2/KOT49H/G355MUBU0AOC5:user/release-keys			
samsung	samsung	Galaxy Core2	SM-G355H	kanas	kanas3gxx	4.4.2	KOT49H	G355HXXS0AQA6	samsung/kanas3gxx/kanas:4.4.2/KOT49H/G355HXXS0AQA6:user/release-keys			
samsung	samsung	Galaxy TabS 8.4	SM-T700	klimtwifi	klimtwifixx	4.4.2	KOT49H	T700XXU1ANF9	samsung/klimtwifixx/klimtwifi:4.4.2/KOT49H/T700XXU1ANF9:user/release-keys			
samsung	samsung	Galaxy S5 Active	SAMSUNG-SM-G870A	klteattactive	klteattactive	4.4.2	KOT49H	G870AUCU0AND7	samsung/klteattactive/klteattactive:4.4.2/KOT49H/G870AUCU0AND7:user/release-keys		msm8974	msm8974
samsung	samsung	Galaxy S5	SM-G900I	klte	kltedd	4.4.2	KOT49H	G900IDDU1ANG2	samsung/kltedd/klte:4.4.2/KOT49H/G900IDDU1ANG2:user/release-keys			
samsung	samsung	Galaxy S5	SM-G900I	klte	kltedv	4.4.2	KOT49H	G900IDVU1ANK1	samsung/kltedv/klte:4.4.2/KOT49H/G900IDVU1ANK1:user/release-keys			
samsung	samsung	Galaxy S5	SM-G900R4	klteusc	klteusc	4.4.2	KOT49H	G900R4VXU1ANK1	samsung/klteusc/klteusc:4.4.2/KOT49H/G900R4VXU1ANK1:user/release-keys			
samsung	samsung	Galaxy Note 8.0	GT-N5100	kona3g	kona3gdd	4.2.2	JDQ39	N5100DDCMH5	samsung/kona3gdd/kona3g:4.2.2/JDQ39/N5100DDCMH5:user/release-keys			
samsung	samsung	Galaxy Note 8.0	GT-N5100	kona3g	kona3gxx	4.2.2	JDQ39	N5100XXCMK1	samsung/kona3gxx/kona3g:4.2.2/JDQ39/N5100XXCMK1:user/release-keys		exynos4	exynos4
samsung	samsung	Galaxy S4	SHV-E330L	ks01ltelgt	ks01ltelgt	4.4.2	KOT49H	E330LKLUCNJ1	samsung/ks01ltelgt/ks01ltelgt:4.4.2/KOT49H/E330LKLUCNJ1:user/release-keys			
samsung	samsung	Galaxy S4 LTE-A	SHV-E330S	ks01lteskt	ks01lteskt	4.4.2	KOT49H	I9500XXUFNB7	samsung/ks01lteskt/ks01lteskt:4.4.2/KOT49H/I9500XXUFNB7:user/release-keys			
samsung	samsung	Galaxy S4	GT-I9506	ks01lte	ks01ltexx	4.4.2	KOT49H	I9506XXUCNJ1	samsung/ks01ltexx/ks01lte:4.4.2/KOT49H/I9506XXUCNJ1:user/release-keys			
samsung	samsung	Galaxy S Duos2	GT-S7582	kyleprods	kyleprodsxx	4.2.2	JDQ39	S7582DDUANA1	samsung/kyleprodsxx/kyleprods:4.2.2/JDQ39/S7582DDUANA1:user/release-keys			
samsung	samsung	Galaxy Trend Plus	GT-S7580	kylepro	kyleproxx	4.2.2	JDQ39	S7580XXUBOA1	samsung/kyleproxx/kylepro:4.2.2/JDQ39/S7580XXUBOA1:user/release-keys			
samsung	samsung	Galaxy S DUOS	GT-S7562	kyleopen	kylexx	4.0.4	IMM76I	S7562XXBMJ1	samsung/kylexx/kyleopen:4.0.4/IMM76I/S7562XXBMJ1:user/release-keys		msm7627a	msm7627a
samsung	samsung	Galaxy S5	SM-G906S	lentislteskt	lentislteskt	4.4.2	KVT49L	G906SKSU1ANK1	samsung/lentislteskt/lentislteskt:4.4.2/KVT49L/G906SKSU1ANK1:user/release-keys			
samsung	samsung	Galaxy Star Plus	GT-S7262	logan2g	logan2gxx	4.1.2	JZO54K	S7262JVUANB2	samsung/logan2gxx/logan2g:4.1.2/JZO54K/S7262JVUANB2:user/release-keys		sc6820i	sc6820i
samsung	samsung	Galaxy Star Plus	GT-S7262	logan2g	logan2gxx	4.1.2	JZO54K	S7262JVUAOK1	samsung/logan2gxx/logan2g:4.1.2/JZO54K/S7262JVUAOK1:user/release-keys			
samsung	samsung	Galaxy Tab3 8.0	SM-T311	lt013g	lt013gxx	4.2.2	JDQ39	T311XXUAMG1	samsung/lt013gxx/lt013g:4.2.2/JDQ39/T311XXUAMG1:user/release-keys			
samsung	samsung	Galaxy Tab3 8.0	SM-T310	lt01wifi	lt01wifiue	4.4.2	KOT49H	T310UEUCOI1	samsung/lt01wifiue/lt01wifi:4.4.2/KOT49H/T310UEUCOI1:user/release-keys			
samsung	samsung	Galaxy Tab3 7.0	SM-T210	lt02wifi	lt02wifiue	4.1.2	JZO54K	T210RUEAMK1	samsung/lt02wifiue/lt02wifi:4.1.2/JZO54K/T210RUEAMK1:user/release-keys			
samsung	samsung	Galaxy Tab3 7.0	SM-T210	lt02wifi	lt02wifixx	4.4.2	KOT49H	T210XXBNH4	samsung/lt02wifixx/lt02wifi:4.4.2/KOT49H/T210XXBNH4:user/release-keys			
samsung	samsung	Galaxy Note 10.1 2014 Edition	SM-P605	lt03lte	lt03ltezs	4.4.2	KOT49H	P605ZSSCQC1	samsung/lt03ltezs/lt03lte:4.4.2/KOT49H/P605ZSSCQC1:user/release-keys			
samsung	samsung	Galaxy S3	GT-I9300	m0	m0ub	4.3	JSS15J	I9300UBUGML1	samsung/m0ub/m0:4.3/JSS15J/I9300UBUGML1:user/release-keys			
samsung	samsung	Galaxy S3	GT-I9300	m0	m0xx	4.3	JSS15J	I9300XXUGNA7	samsung/m0xx/m0:4.3/JSS15J/I9300XXUGNA7:user/release-keys		exynos4	exynos4
samsung	samsung	Galaxy S3	GT-I9300	m0	m0xx	4.3	JSS15J	I9300XXUGNB4	samsung/m0xx/m0:4.3/JSS15J/I9300XXUGNB4:user/release-keys			
samsung	samsung	Galaxy S3	GT-I9305	m3	m3xx	4.4.4	KTU84P	I9305XXUFNL1	samsung/m3xx/m3:4.4.4/KTU84P/I9305XXUFNL1:user/release-keys			
samsung	samsung	Galaxy Mega 6.3	SCH-P729	melius3gduosctc	melius3gduosctc	4.2.2	JDQ39	P729KEUAMI2	samsung/melius3gduosctc/melius3gduosctc:4.2.2/JDQ39/P729KEUAMI2:user/release-keys		msm8960	msm8960
samsung	samsung	Galaxy Mega 6.3	GT-I9200	melius3g	melius3gub	4.2.2	JDQ39	I9200UBUCNA2	samsung/melius3gub/melius3g:4.2.2/JDQ39/I9200UBUCNA2:user/release-keys		msm8960	msm8960
samsung	samsung	Galaxy Mega 6.3	GT-I9200	melius3g	melius3gxx	4.4.2	KOT49H	I9200XXUDNF3	samsung/melius3gxx/melius3g:4.4.2/KOT49H/I9200XXUDNF3:user/release-keys			
samsung	samsung	Galaxy Mega 6.3	GT-I9208	melius3g	melius3gzm	4.2.2	JDQ39	I9208ZMUCNB2	samsung/melius3gzm/melius3g:4.2.2/JDQ39/I9208ZMUCNB2:user/release-keys		msm8960	msm8960
samsung	samsung	Galaxy Mega 6.3	SGH-M819N	meliuslteMetroPCS	meliuslteMetroPCS	4.2.2	JDQ39	M819NUVUAMK7	samsung/meliuslteMetroPCS/meliuslteMetroPCS:4.2.2/JDQ39/M819NUVUAMK7:user/release-keys		msm8960	msm8960
samsung	samsung	Galaxy Mega 6.3	SHV-E310S	meliuslteskt	meliuslteskt	4.2.2	JDQ39	E310SKSUAML4	samsung/meliuslteskt/meliuslteskt:4.2.2/JDQ39/E310SKSUAML4:user/release-keys		msm8960	msm8960
samsung	samsung	Galaxy Mega 6.3	SPH-L600	meliusltespr	meliusltespr	4.2.2	JDQ39	L600VPUANA7	samsung/meliusltespr/meliusltespr:4.2.2/JDQ39/L600VPUANA7:user/release-keys		msm8960	msm8960
samsung	samsung	Galaxy Mega 6.3	SPH-L600	meliusltespr	meliusltespr	4.4.2	KOT49H	L600VPUBOH1	samsung/meliusltespr/meliusltespr:4.4.2/KOT49H/L600VPUBOH1:user/release-keys			
samsung	samsung	Galaxy Mega 6.3	SAMSUNG-SGH-I527	meliuslteatt	meliuslteuc	4.2.2	JDQ39	I527UCUAMK2	samsung/meliuslteuc/meliuslteatt:4.2.2/JDQ39/I527UCUAMK2:user/release-keys		msm8960	msm8960
samsung	samsung	Galaxy Mega 6.3	SCH-R960	meliuslteusc	meliuslteusc	4.2.2	JDQ39	R960TYUAMH5	samsung/meliuslteusc/meliuslteusc:4.2.2/JDQ39/R960TYUAMH5:user/release-keys		msm8960	msm8960
samsung	samsung	Galaxy Mega 6.3	SGH-I527M	meliusltecan	meliusltevl	4.2.2	JDQ39	I527MVLUAMH1	samsung/meliusltevl/meliusltecan:4.2.2/JDQ39/I527MVLUAMH1:user/release-keys		msm8960	msm8960
samsung	samsung	Galaxy Mega 6.3	GT-I9205	meliuslte	meliusltexx	4.2.2	JDQ39	I9205XXUCNB2	samsung/meliusltexx/meliuslte:4.2.2/JDQ39/I9205XXUCNB2:user/release-keys		msm8960	msm8960
samsung	samsung	Galaxy Star	GT-S5282	mint	mintxx	4.1.2	JZO54K	S5282XXANF3	samsung/mintxx/mint:4.1.2/JZO54K/S5282XXANF3:user/release-keys			
samsung	samsung	Galaxy Tab Pro 8.4	SM-T320NU	mondrianwifiue	mondrianwifiue	4.4.2	KOT49H	T320UEU1ANG1	samsung/mondrianwifiue/mondrianwifiue:4.4.2/KOT49H/T320UEU1ANG1:user/release-keys			
samsung	samsung	Galaxy Grand2	SM-G710	ms013gss	ms013gssxx	4.3	JLS36C	G710XXUANA5	samsung/ms013gssxx/ms013gss:4.3/JLS36C/G710XXUANA5:user/release-keys		msm8226	msm8226
samsung	samsung	Galaxy Grand2	SM-G7102	ms013g	ms013gxx	4.3	JLS36C	G7102XXUANC3	samsung/ms013gxx/ms013g:4.3/JLS36C/G7102XXUANC3:user/release-keys		msm8226	msm8226
samsung	samsung	Galaxy Grand2	SM-G7108	ms013g	ms013gzm	4.3	JLS36C	G7108ZMUANC1	samsung/ms013gzm/ms013g:4.3/JLS36C/G7108ZMUANC1:user/release-keys		msm8226	msm8226
samsung	samsung	Galaxy Grand2	SM-G7106	ms013g	ms013gzn	4.3	JLS36C	G7106ZNUANC1	samsung/ms013gzn/ms013g:4.3/JLS36C/G7106ZNUANC1:user/release-keys		msm8226	msm8226
samsung	samsung	Galaxy Grand2	SM-G7105L	ms01lte	ms01lteub	4.3	JLS36C	G7105LUBUANB1	samsung/ms01lteub/ms01lte:4.3/JLS36C/G7105LUBUANB1:user/release-keys		msm8226	msm8226
samsung	samsung	Galaxy Grand2	SM-G7105	ms01lte	ms01ltexx	4.3	JLS36C	G7105XXUANB8	samsung/ms01ltexx/ms01lte:4.3/JLS36C/G7105XXUANB8:user/release-keys		msm8226	msm8226
samsung	samsung	Galaxy Note 10.1	GT-N8000	p4noterf	p4noterfxx	4.1.2	JZO54K	N8000XXCLL3	samsung/p4noterfxx/p4noterf:4.1.2/JZO54K/N8000XXCLL3:user/release-keys		exynos4	exynos4
samsung	samsung	Galaxy Note 10.1	GT-N8000	p4noterf	p4noterfxx	4.1.2	JZO54K	N8000XXCMA2	samsung/p4noterfxx/p4noterf:4.1.2/JZO54K/N8000XXCMA2:user/release-keys			
samsung	samsung	Galaxy Note 10.1	GT-N8013	p4notewifi	p4notewifiue	4.1.2	JZO54K	N8013UEUCMA3	samsung/p4notewifiue/p4notewifi:4.1.2/JZO54K/N8013UEUCMA3:user/release-keys			
samsung	samsung	Galaxy Note 10.1	GT-N8013	p4notewifi	p4notewifiue	4.1.2	JZO54K	N8013UEUCMI3	samsung/p4notewifiue/p4notewifi:4.1.2/JZO54K/N8013UEUCMI3:user/release-keys		exynos4	exynos4
samsung	samsung	Galaxy Note 10.1	GT-N8010	p4notewifiww	p4notewifixx	4.1.2	JZO54K	N8010XXUCMK2	samsung/p4notewifixx/p4notewifiww:4.1.2/JZO54K/N8010XXUCMK2:user/release-keys		exynos4	exynos4
samsung	samsung	Galaxy Young	GT-S6310N	royssnfc	royssnfcxx	4.1.2	JZO54K	S6310NXXAMI1	samsung/royssnfcxx/royssnfc:4.1.2/JZO54K/S6310NXXAMI1:user/release-keys			
samsung	samsung	Galaxy S3 Neo	GT-I9300I	s3ve3gdd	s3ve3gdd	4.4.4	KTU84P	I9300IDDUBQE2	samsung/s3ve3gdd/s3ve3gdd:4.4.4/KTU84P/I9300IDDUBQE2:user/release-keys			
samsung	samsung	Galaxy S3 Neo	GT-I9300I	s3ve3gds	s3ve3gdsub	4.4.4	KTU84P	I9300IUBUBNK2	samsung/s3ve3gdsub/s3ve3gds:4.4.4/KTU84P/I9300IUBUBNK2:user/release-keys			
samsung	samsung	Galaxy S3 Neo	GT-I9300I	s3ve3gds	s3ve3gdsxx	4.3	JLS36C	I9300IXWUAND2	samsung/s3ve3gdsxx/s3ve3gds:4.3/JLS36C/I9300IXWUAND2:user/release-keys			
samsung	samsung	Galaxy Tab3 10.1	GT-P5200	santos103g	santos103gxx	4.2.2	JDQ39	P5200XXUANB6	samsung/santos103gxx/santos103g:4.2.2/JDQ39/P5200XXUANB6:user/release-keys		clovertrail	clovertrail
samsung	samsung	Galaxy Tab3 10.1	GT-P5210	santos10wifi	santos10wifiue	4.4.2	KOT49H	P5210UEU0CNK1	samsung/santos10wifiue/santos10wifi:4.4.2/KOT49H/P5210UEU0CNK1:user/release-keys			
samsung	samsung	Galaxy Tab3 10.1	GT-P5210	santos10wifi	santos10wifixx	4.2.2	JDQ39	P5210XXUANB3	samsung/santos10wifixx/santos10wifi:4.2.2/JDQ39/P5210XXUANB3:user/release-keys		clovertrail	clovertrail
samsung	samsung	Galaxy S4 Mini	GT-I9190	serrano3g	serrano3gub	4.2.2	JDQ39	I9190UBUBNA3	samsung/serrano3gub/serrano3g:4.2.2/JDQ39/I9190UBUBNA3:user/release-keys		msm8960	msm8960
samsung	samsung	Galaxy S4 Mini	GT-I9192	serranods	serranodsub	4.2.2	JDQ39	I9192UBUBMK5	samsung/serranodsub/serranods:4.2.2/JDQ39/I9192UBUBMK5:user/release-keys			
samsung	samsung	Galaxy S4 Mini	GT-I9192	serranods	serranodsxx	4.2.2	JDQ39	I9192XXUBNB1	samsung/serranodsxx/serranods:4.2.2/JDQ39/I9192XXUBNB1:user/release-keys		msm8960	msm8960
samsung	samsung	Galaxy S4 Mini	GT-I9192	serranods	serranodsxx	4.4.2	KOT49H	I9192XXSCQA3	samsung/serranodsxx/serranods:4.4.2/KOT49H/I9192XXSCQA3:user/release-keys			
samsung	samsung	Galaxy S4 Mini	SGH-I257M	serranoltebmc	serranoltebmc	4.2.2	JDQ39	I257MVLUAMK5	samsung/serranoltebmc/serranoltebmc:4.2.2/JDQ39/I257MVLUAMK5:user/release-keys		msm8960	msm8960
samsung	samsung	Galaxy S4 Mini	SPH-L520	serranoltespr	serranoltespr	4.2.2	JDQ39	L520VPUAMK2	samsung/serranoltespr/serranoltespr:4.2.2/JDQ39/L520VPUAMK2:user/release-keys		msm8960	msm8960
samsung	samsung	Galaxy S4 Mini	GT-I9195	serranolte	serranoltexx	4.4.2	KOT49H	I9195XXUCNE6	samsung/serranoltexx/serranolte:4.4.2/KOT49H/I9195XXUCNE6:user/release-keys			
samsung	samsung	Galaxy Alpha	SM-G850F	slte	sltexx	4.4.4	KTU84P	G850FXXU2BNK3	samsung/sltexx/slte:4.4.4/KTU84P/G850FXXU2BNK3:user/release-keys			
samsung	samsung	Galaxy Premier	GT-I9260	superior	superiorxx	4.1.2	JZO54K	I9260XXAMC3	samsung/superiorxx/superior:4.1.2/JZO54K/I9260XXAMC3:user/release-keys		omap4	omap4
samsung	samsung	Galaxy Note2	GT-N7100	t03g	t03gxx	4.3	JSS15J	N7100XXUEMI6	samsung/t03gxx/t03g:4.3/JSS15J/N7100XXUEMI6:user/release-keys			
samsung	samsung	Galaxy Note2	GT-N7100	t03g	t03gxx	4.4.2	KOT49H	N7100XXUFNB4	samsung/t03gxx/t03g:4.4.2/KOT49H/N7100XXUFNB4:user/release-keys		exynos4	exynos4
samsung	samsung	Galaxy Note2	SPH-L900	t0ltespr	t0ltespr	4.3	JSS15J	L900VPUBMK4	samsung/t0ltespr/t0ltespr:4.3/JSS15J/L900VPUBMK4:user/release-keys		exynos4	exynos4
samsung	samsung	Galaxy Note2	SGH-T889	t0ltetmo	t0ltetmo	4.3	JSS15J	T889UVUCMK7	samsung/t0ltetmo/t0ltetmo:4.3/JSS15J/T889UVUCMK7:user/release-keys		exynos4	exynos4
samsung	samsung	Galaxy Note II	SAMSUNG-SGH-I317	t0lteatt	t0lteuc	4.3	JSS15J	I317UCUBMK6	samsung/t0lteuc/t0lteatt:4.3/JSS15J/I317UCUBMK6:user/release-keys		exynos4	exynos4
samsung	samsung	Galaxy Note2	SGH-I317M	t0ltecan	t0ltevl	4.3	JSS15J	I317MVLUCMK5	samsung/t0ltevl/t0ltecan:4.3/JSS15J/I317MVLUCMK5:user/release-keys		exynos4	exynos4
samsung	samsung	Galaxy Note2	SGH-T889V	t0ltecan	t0ltevw	4.3	JSS15J	T889VVLUCMK4	samsung/t0ltevw/t0ltecan:4.3/JSS15J/T889VVLUCMK4:user/release-keys		exynos4	exynos4
samsung	samsung	Galaxy Note2	GT-N7105	t0lte	t0ltexx	4.1.2	JZO54K	N7105XXDLL4	samsung/t0ltexx/t0lte:4.1.2/JZO54K/N7105XXDLL4:user/release-keys			
samsung	samsung	Galaxy Note2	GT-N7105	t0lte	t0ltexx	4.3	JSS15J	N7105XXUENA1	samsung/t0ltexx/t0lte:4.3/JSS15J/N7105XXUENA1:user/release-keys		exynos4	exynos4
samsung	samsung	Galaxy Note2	GT-N7105	t0lte	t0ltezs	4.1.2	JZO54K	N7105ZHDMA5	samsung/t0ltezs/t0lte:4.1.2/JZO54K/N7105ZHDMA5:user/release-keys			
samsung	samsung	Galaxy Ace 4 Lite	SM-G313U	vivalto3g	vivalto3gxx	4.4.2	KOT49H	G313HXXU0AOC2	samsung/vivalto3gxx/vivalto3g:4.4.2/KOT49H/G313HXXU0AOC2:user/release-keys			
samsung	samsung	Galaxy Ace4 Lite	SM-G318H	vivalto3mveml3g	vivalto3mveml3gxx	4.4.4	KTU84P	G318HXXS0AQC1	samsung/vivalto3mveml3gxx/vivalto3mveml3g:4.4.4/KTU84P/G318HXXS0AQC1:user/release-keys			
samsung	samsung	Galaxy Ace 4	SM-G313HY	vivaltods5m	vivaltods5mjv	4.4.2	KOT49H	G313HYXXU0ANK1	samsung/vivaltods5mjv/vivaltods5m:4.4.2/KOT49H/G313HYXXU0ANK1:user/release-keys		hawaii	hawaii
samsung	samsung	Galaxy Ace4	SM-G313HN	vivaltonfc3g	vivaltonfc3gxx	4.4.2	KOT49H	G313HNXXU0ANL1	samsung/vivaltonfc3gxx/vivaltonfc3g:4.4.2/KOT49H/G313HNXXU0ANL1:user/release-keys			
samsung	samsung	Galaxy Express2	SM-G3815	wilcoxlte	wilcoxltexx	4.2.2	JDQ39	G3815XXUBNA1	samsung/wilcoxltexx/wilcoxlte:4.2.2/JDQ39/G3815XXUBNA1:user/release-keys		msm8960	msm8960
samsung	samsung	Galaxy Nexus	Galaxy Nexus	maguro	yakjuxw	4.2.1	JOP40D	I9250XWMA2	samsung/yakjuxw/maguro:4.2.1/JOP40D/I9250XWMA2:user/release-keys			
vivo	vivo	Y15	Y15	Y15	Y15	4.4.2	KOT49H	1456594031	vivo/Y15/Y15:4.4.2/KOT49H/1456594031:user/release-keys			
vivo	vivo	Y28	Y28	Y28	Y28	4.4.2	KOT49H	1441447426	vivo/Y28/Y28:4.4.2/KOT49H/1441447426:user/release-keys			
Lenovo	Lenovo	A369i	Lenovo A369i	A369i	A369i	4.2.2	JDQ39	A369i_ROW_S108_130929	Lenovo/A369i/A369i:4.2.2/JDQ39/A369i_ROW_S108_130929:user/release-keys			
Lenovo	Lenovo	A399	Aiken	Aiken	Aiken	4.4.2	KOT49H	A399_S026_150108_CU	Lenovo/Aiken/Aiken:4.4.2/KOT49H/A399_S026_150108_CU:user/release-keys			
Lenovo	Lenovo	A806	Lenovo	A806	Lenovo	4.4.2	KOT49H	V2.0_1443_7.28.1_ST.78	Lenovo/Lenovo/A806:4.4.2/KOT49H/V2.0_1443_7.28.1_ST.78:user/release-keys			
Lenovo	Lenovo	S820	S820_ROW	S820_ROW	S820_ROW	4.2.1	JOP40D	S820_ROW_8G_S119_130922	Lenovo/S820_ROW/S820_ROW:4.2.1/JOP40D/S820_ROW_8G_S119_130922:user/release-keys			
Lenovo	Lenovo	K910	Lenovo K910	kiton	kiton	4.4.2	KOT49H	VIBEUI_V2.0_1433_4_ST_K910	Lenovo/kiton/kiton:4.4.2/KOT49H/VIBEUI_V2.0_1433_4_ST_K910:user/release-keys			
Lenovo	Lenovo	S860	Lenovo S860	S860	phaetondvt3_row	4.4.2	KOT49H	S860_ROW_S308_140818.	Lenovo/phaetondvt3_row/S860:4.4.2/KOT49H/S860_ROW_S308_140818.:user/release-keys			
Lenovo	Lenovo	Solely Tab S7	Lenovo X2Pt5	s7	s7	4.4.4	KTU84P	VIBEUI_V2.0_1533_5.997.1_ST_X2Pt5	Lenovo/s7/s7:4.4.4/KTU84P/VIBEUI_V2.0_1533_5.997.1_ST_X2Pt5:user/release-keys			
Lenovo	Lenovo	S850	Lenovo S850	S850	scofield_row	4.4.2	KOT49H	S850_ROW_S216_150206.	Lenovo/scofield_row/S850:4.4.2/KOT49H/S850_ROW_S216_150206.:user/release-keys			
Meizu	Meizu	M9	M9	m9	meizu_m9	4.0.3	IML74K	eng.flyme.20121031.151002	Meizu/meizu_m9/m9:4.0.3/IML74K/eng.flyme.20121031.151002:user/release-keys			
Meizu	Meizu	MX2	MX2	mx2	meizu_mx2	4.2.1	JOP40D	m04x.Flyme_OS_3.5.1.1396002866	Meizu/meizu_mx2/mx2:4.2.1/JOP40D/m04x.Flyme_OS_3.5.1.1396002866:user/release-keys			
Sony	Sony	Xperia  M	C1905	C1905	C1905	4.3	15.4.A.0.23	eng.user.20140307.104342	Sony/C1905/C1905:4.3/15.4.A.0.23/eng.user.20140307.104342:user/release-keys		msm8960	msm8960
Sony	Sony	Xperia SP	C5303	C5303	C5303	4.3	12.1.A.1.201	Nvt_nw	Sony/C5303/C5303:4.3/12.1.A.1.201/Nvt_nw:user/release-keys		msm8960	msm8960
Sony	Sony	Xperia ZL	C6502	C6502	C6502	4.4.2	10.5.A.0.230	Gf9_rQ	Sony/C6502/C6502:4.4.2/10.5.A.0.230/Gf9_rQ:user/release-keys			
Sony	Sony	Xperia Z1	C6916	C6916	C6916	4.4.4	14.4.B.0.56	x7__jQ	Sony/C6916/C6916:4.4.4/14.4.B.0.56/x7__jQ:user/release-keys			
Sony	Sony	Xperia E3	D2203	D2203	D2203	4.4.2	18.4.C.1.29	4nv_bQ	Sony/D2203/D2203:4.4.2/18.4.C.1.29/4nv_bQ:user/release-keys			
Sony	Sony	Xperia C3	D2533	D2533	D2533	4.4.2	19.2.1.A.0.72	t__3Zg	Sony/D2533/D2533:4.4.2/19.2.1.A.0.72/t__3Zg:user/release-keys			
Sony	Sony	Xperia™ E4g	E2003	E2003	E2003	4.4.4	25.0.A.2.31	4Pf_Nw	Sony/E2003/E2003:4.4.4/25.0.A.2.31/4Pf_Nw:user/release-keys			
Sony	Sony	Xperia Z2 Tablet	SGP512	SGP512	SGP512	4.4.2	17.1.A.2.36	2_d_dw	Sony/SGP512/SGP512:4.4.2/17.1.A.2.36/2_d_dw:user/release-keys			
ZTE	ZTE	Blade C340	P172R12	P172R12	P172R12	4.4.2	KOT49H	20150703.162516	ZTE/P172R12/P172R12:4.4.2/KOT49H/20150703.162516:user/release-keys			
ZTE	ZTE	Grand X	P175A20	P175A20	P175A20	4.0.4	IMM76D	20121207.121918	ZTE/P175A20/P175A20:4.0.4/IMM76D/20121207.121918:user/release-keys			
ZTE	ZTE	Blade L3	P182A20	P182A20	P182A20	4.4.2	KOT49H	20150918.152839	ZTE/P182A20/P182A20:4.4.2/KOT49H/20150918.152839:user/release-keys			
ZTE	ZTE	N986	P188F02	P188F02	P188F02	4.2.1	JOP40D	eng.root.20131115.140608	ZTE/P188F02/P188F02:4.2.1/JOP40D/eng.root.20131115.140608:user/release-keys			
ZTE	ZTE	V987	P188F04	P188F04	P188F04	4.2.1	JOP40D	20130613.123146	ZTE/P188F04/P188F04:4.2.1/JOP40D/20130613.123146:user/release-keys			
ZTE	ZTE	Blade Q Lux	P632A10	P632A10	P632A10	4.4.4	KTU84P	20150525.160436	ZTE/P632A10/P632A10:4.4.4/KTU84P/20150525.160436:user/release-keys			
ZTE	ZTE	Blade Q3	P731A30	P731A30	P731A30	4.4.2	KOT49H	20160219.103627	ZTE/P731A30/P731A30:4.4.2/KOT49H/20160219.103627:user/release-keys			
ZTE	ZTE	Cosmote Smart Share	P752D20_RO	nice	P752D20_RO	4.1.1	JRO03C	20130617.035457.26400	ZTE/P752D20_RO/nice:4.1.1/JRO03C/20130617.035457.26400:user/release-keys			
ZTE	ZTE	N9500	ZTE_Inspiration	gordon	ZTE_Inspiration	4.0.4	IMM76I	20131113.032942.31650	ZTE/ZTE_Inspiration/gordon:4.0.4/IMM76I/20131113.032942.31650:user/release-keys			
ZTE	ZTE	N817	ZTE_WELLINGTON	wellington	ZTE_WELLINGTON	4.4.4	KTU84P	20180228.152609.24933	ZTE/ZTE_WELLINGTON/wellington:4.4.4/KTU84P/20180228.152609.24933:user/release-keys			
asus	asus	ZenFone 6	CUCC_a600cg	ASUS_T00G	CUCC_a600cg	4.3	JSS15Q	CUCC_user_1.15.40.18_20140626_9983	asus/CUCC_a600cg/ASUS_T00G:4.3/JSS15Q/CUCC_user_1.15.40.18_20140626_9983:user/release-keys			
asus	asus	MeMO Pad HD 7 (ME173X)	RUS_memo	ME173X	RUS_memo	4.2.2	JDQ39	RUS_user_4.2.4.06716_20130918	asus/RUS_memo/ME173X:4.2.2/JDQ39/RUS_user_4.2.4.06716_20130918:user/release-keys			
asus	asus	ZenFone 6	TW_a600cg	ASUS_T00G	TW_a600cg	4.4.2	KVT49L	TW_user_2.22.40.12_20141213_94	asus/TW_a600cg/ASUS_T00G:4.4.2/KVT49L/TW_user_2.22.40.12_20141213_94:user/release-keys			
asus	asus	Eee Pad	US_epad	EeePad	US_epad	4.2.1	JOP40D	US_epad-10.6.1.15.4-20130419	asus/US_epad/EeePad:4.2.1/JOP40D/US_epad-10.6.1.15.4-20130419:user/release-keys			
asus	asus	Transformer Pad Infinity (TF701T)	US_epad	K00C	US_epad	4.4.2	KOT49H	US_epad-11.4.1.29-20141218	asus/US_epad/K00C:4.4.2/KOT49H/US_epad-11.4.1.29-20141218:user/release-keys			
asus	asus	MeMO Pad 7 (ME70C)	WW_MeMO_Pad	K01A	WW_MeMO_Pad	4.4.2	KVT49L	WW_MeMO_Pad-11.2.3.28-20150111	asus/WW_MeMO_Pad/K01A:4.4.2/KVT49L/WW_MeMO_Pad-11.2.3.28-20150111:user/release-keys			
asus	asus	PadFone S (PF500KL)	WW_PadFone	ASUS_T00N	WW_PadFone	4.4.2	KOT49H	WW_PadFone-11.10.5.62-20140916	asus/WW_PadFone/ASUS_T00N:4.4.2/KOT49H/WW_PadFone-11.10.5.62-20140916:user/release-keys			
asus	asus	ZenFone 4 (A400CG)	WW_ZenFone	ASUS_T00I	WW_ZenFone	4.4.2	KVT49L	WW_ZenFone-V6.6.3-20141229	asus/WW_ZenFone/ASUS_T00I:4.4.2/KVT49L/WW_ZenFone-V6.6.3-20141229:user/release-keys			
asus	asus	ZenFone 5 (A500CG)	WW_a500cg	ASUS_T00F	WW_a500cg	4.3	JSS15Q	WW_user_1.13.40.51_20140601_562815	asus/WW_a500cg/ASUS_T00F:4.3/JSS15Q/WW_user_1.13.40.51_20140601_562815:user/release-keys			
asus	asus	ZenFone 6	WW_a600cg	ASUS_T00G	WW_a600cg	4.4.2	KVT49L	WW_user_2.21.40.29_20141207_62	asus/WW_a600cg/ASUS_T00G:4.4.2/KVT49L/WW_user_2.21.40.29_20141207_62:user/release-keys			
asus	asus	Eee Pad	WW_epad	EeePad	WW_epad	4.2.1	JOP40D	WW_epad-10.6.1.14.10-20130801	asus/WW_epad/EeePad:4.2.1/JOP40D/WW_epad-10.6.1.14.10-20130801:user/release-keys			
asus	asus	Fonepad 7 (ME372CG)	WW_epad	K00E	WW_epad	4.3	JSS15Q	WW_epad-V5.1.6-20131202	asus/WW_epad/K00E:4.3/JSS15Q/WW_epad-V5.1.6-20131202:user/release-keys			
asus	asus	MeMO Pad 10 (ME102A)	WW_epad	K00F	WW_epad	4.2.2	JDQ39	WW_user_4.2.2_3.11.0.97_20140514	asus/WW_epad/K00F:4.2.2/JDQ39/WW_user_4.2.2_3.11.0.97_20140514:user/release-keys			
asus	asus	Transformer Pad (TF103CG)	WW_epad	K018	WW_epad	4.4.2	KVT49L	WW_epad-11.2.2.10-20140627	asus/WW_epad/K018:4.4.2/KVT49L/WW_epad-11.2.2.10-20140627:user/release-keys			
asus	asus	MeMO PAD	WW_me172v	me172v	WW_me172v	4.1.1	JRO03H	WW_user_4.5.4.16599690_20130326	asus/WW_me172v/me172v:4.1.1/JRO03H/WW_user_4.5.4.16599690_20130326:user/release-keys			
nubia	nubia	NX40X_APT	NX40X	NX40X	NX40X	4.2.2	JDQ39	eng.nubia.20130807.122219	nubia/NX40X/NX40X:4.2.2/JDQ39/eng.nubia.20130807.122219:user/release-keys			
zte	zte	Z791G	P821T05_TF	giant	P821T05_TF	4.4.4	KTU84P	20150413.035311.27209	zte/P821T05_TF/giant:4.4.4/KTU84P/20150413.035311.27209:user/release-keys			
zte	zte	Z970	P892T57_MPCS	draconis	P892T57_MPCS	4.4.4	KTU84P	20161104.105951	zte/P892T57_MPCS/draconis:4.4.4/KTU84P/20161104.105951:user/release-keys			
zte	zte	LEO_Q1	V765M	hct72_wet_jb3	hct72_wet_jb3	4.2.2	JDQ39	eng.release.20141112.141937	zte/hct72_wet_jb3/hct72_wet_jb3:4.2.2/JDQ39/eng.release.20141112.141937:user/release-keys			
zte	zte	N800	N800	nex	zte_nex	4.1.2	JZO54K	20140605.101842.25315	zte/zte_nex/nex:4.1.2/JZO54K/20140605.101842.25315:user/release-keys			
TCL	TCL	POP 2	5042D	Alto45	5042D	4.4.4	KTU84P	v2CMS-0	TCL/5042D/Alto45:4.4.4/KTU84P/v2CMS-0:user/release-keys			
TCL	TCL	Idol2 MINI S	6036Y	MIATA_lte	6036Y	4.3	JLS36C	v4ECA-0	TCL/6036Y/MIATA_lte:4.3/JLS36C/v4ECA-0:user/release-keys			
TCL	TCL	ALCATEL ONETOUCH POP D3	SOUL4NA_TMOUS	SOUL4NA	SOUL4NA_TMOUS	4.4.2	KOT49H	vC2V-0	TCL/SOUL4NA_TMOUS/SOUL4NA:4.4.2/KOT49H/vC2V-0:user/release-keys			
htc	htc	Desire 626G+ dual sim	HTC 0PM11	htc_a32mg_dug	a32mg_htc_asia_wwe	4.4.2	KOT49H	338	htc/a32mg_htc_asia_wwe/htc_a32mg_dug:4.4.2/KOT49H/338:user/release-keys			
htc	htc	Desire 626G+ dual sim	HTC 0PM11	htc_a32mg_dug	a32mg_htc_europe	4.4.2	KOT49H	378	htc/a32mg_htc_europe/htc_a32mg_dug:4.4.2/KOT49H/378:user/release-keys			
htc	htc	D616t	a32ml_htc_Asia_TW	htc_a32ml_dtul	a32ml_htc_Asia_TW	4.4.4	KTU84P	1.52.709.1	htc/a32ml_htc_Asia_TW/htc_a32ml_dtul:4.4.4/KTU84P/1.52.709.1:user/release-keys			
htc	htc	D616t	HTC D626t	htc_a32ml_dtul	a32ml_htccn_chs	4.4.4	KTU84P	2.00.1405.1	htc/a32ml_htccn_chs/htc_a32ml_dtul:4.4.4/KTU84P/2.00.1405.1:user/release-keys			
htc	htc	D816h	HTC D816h	htc_a5mgp_dug	a5mgp_dug_htc_europe	4.4.2	KOT49H	87.3	htc/a5mgp_dug_htc_europe/htc_a5mgp_dug:4.4.2/KOT49H/87.3:user/release-keys			
htc	htc	D816d	HTC Desire 816 dual sim	htc_a5dwg	htc_asia_india	4.4.2	KOT49H	371983.1	htc/htc_asia_india/htc_a5dwg:4.4.2/KOT49H/371983.1:user/release-keys			
htc	htc	Desire 816	HTC Desire 816	htc_a5ul	htc_asia_wwe	4.4.2	KOT49H	332760.1	htc/htc_asia_wwe/htc_a5ul:4.4.2/KOT49H/332760.1:user/release-keys			
htc	htc	6160	HTC 6160	zaradug	htc_asia_wwe	4.2.2	JDQ39	279464.3	htc/htc_asia_wwe/zaradug:4.2.2/JDQ39/279464.3:user/release-keys			
htc	htc	One X+	HTC One X+	enrc2b	htc_europe	4.2.2	JDQ39	231174.6	htc/htc_europe/enrc2b:4.2.2/JDQ39/231174.6:user/release-keys			
htc	htc	Desire 510	HTC 0PCV20	htc_a11ul	htc_europe	4.4.3	KTU84L	407309.7	htc/htc_europe/htc_a11ul:4.4.3/KTU84L/407309.7:user/release-keys			
htc	htc	One mini	HTC One mini	htc_m4	htc_europe	4.4.2	KOT49H	372462.2	htc/htc_europe/htc_m4:4.4.2/KOT49H/372462.2:user/release-keys			
htc	htc	Desire 310	HTC D310w	htc_v1_dug	htc_europe	4.2.2	JDQ39	1.00.411.9	htc/htc_europe/htc_v1_dug:4.2.2/JDQ39/1.00.411.9:user/release-keys			
htc	htc	Desire 500 dual sim	HTC Desire 500 dual sim	z4dug	htc_europe	4.1.2	JZO54K	330683.2	htc/htc_europe/z4dug:4.1.2/JZO54K/330683.2:user/release-keys			
htc	htc	Desire 500	HTC Desire 500	z4u	htc_europe	4.1.2	JZO54K	313823.1	htc/htc_europe/z4u:4.1.2/JZO54K/313823.1:user/release-keys			
htc	htc	One Google Play edition	HTC 801e	m7	htc_la_amx_spa	4.3	JSS15J	256941.2	htc/htc_la_amx_spa/m7:4.3/JSS15J/256941.2:user/release-keys			
htc	htc	One Google Play edition	HTC 801e	m7	htc_la_spa	4.4.3	KTU84L	376078.1	htc/htc_la_spa/m7:4.4.3/KTU84L/376078.1:user/release-keys			
htc	htc	Desire 820 dual sim	HTC D820t	htc_a51dtul	htccn_chs_2	4.4.4	KTU84P	393232.4	htc/htccn_chs_2/htc_a51dtul:4.4.4/KTU84P/393232.4:user/release-keys			
htc	htc	One Google Play edition	HTC 801e	m7	htccn_chs_cu	4.2.2	JDQ39	229726.4	htc/htccn_chs_cu/m7:4.2.2/JDQ39/229726.4:user/release-keys			
htc	htc	One Google Play edition	HTC 801e	m7	orange_uk	4.3	JSS15J	265773.1	htc/orange_uk/m7:4.3/JSS15J/265773.1:user/release-keys			
htc	htc	One (E8)	0PAJ5	htc_mecwhl	sprint_wwe	4.4.2	KOT49H	397432.1	htc/sprint_wwe/htc_mecwhl:4.4.2/KOT49H/397432.1:user/release-keys			
htc	htc	One mini	HTC One mini	m4	telstra_wwe	4.2.2	JDQ39	248412.3	htc/telstra_wwe/m4:4.2.2/JDQ39/248412.3:user/release-keys			
htc	htc	One (M8)	HTC One_M8	htc_m8	telus_wwe	4.4.4	KTU84P	401507.4	htc/telus_wwe/htc_m8:4.4.4/KTU84P/401507.4:user/release-keys			
lge	lge	LG G Pad 8.3	LG-V500	awifi	awifi_open_sca	4.4.2	KOT49I.V50020d	.1401948597	lge/awifi_open_sca/awifi:4.4.2/KOT49I.V50020d/.1401948597:user/release-keys			
lge	lge	G Pad 10.1 LTE	LG-VK700	e9lte	e9lte_vzw	4.4.2	KOT49I.VK70011A	VK70011A.1423633775	lge/e9lte_vzw/e9lte:4.4.2/KOT49I.VK70011A/VK70011A.1423633775:user/release-keys			
lge	lge	Optimus F3	LG-LS720	fx3	fx3s_spr_us	4.1.2	JZO54K	LS720ZV5.1368193247	lge/fx3s_spr_us/fx3:4.1.2/JZO54K/LS720ZV5.1368193247:user/release-keys			
lge	LGE	LG G2	LG-D803	g2	g2_bell_ca	4.4.2	KOT49I.D803B20e	D803B20e.1394602420	lge/g2_bell_ca/g2:4.4.2/KOT49I.D803B20e/D803B20e.1394602420:user/release-keys		msm8974	msm8974
lge	lge	Touch-Screen-Monitor	LG-D801	g2	g2_open_ame	4.4.2	KOT49I.D802TR20c	D802TR20c.1399662501	lge/g2_open_ame/g2:4.4.2/KOT49I.D802TR20c/D802TR20c.1399662501:user/release-keys			
lge	LGE	LG G2	LG-D802	g2	g2_tmo_com	4.4.2	KOT49I.D80220b	D80220b.1394112765	lge/g2_tmo_com/g2:4.4.2/KOT49I.D80220b/D80220b.1394112765:user/release-keys		msm8974	msm8974
lge	lge	Touch-Screen-Monitor	LG-D801	g2	g2_vdf_com	4.2.2	JDQ39B	D80210c.1385029733	lge/g2_vdf_com/g2:4.2.2/JDQ39B/D80210c.1385029733:user/release-keys			
lge	lge	G2 MINI	LG-D618	g2mds	g2mds_global_com	4.4.2	KOT49I.A1395307397	1395307397	lge/g2mds_global_com/g2mds:4.4.2/KOT49I.A1395307397/1395307397:user/release-keys			
lge	lge	INHON G3	AS985	g3	g3_open_cis	4.4.2	KVT49L.D85610a	D85610a.1413340400	lge/g3_open_cis/g3:4.4.2/KVT49L.D85610a/D85610a.1413340400:user/release-keys			
lge	lge	LG Optimus G Pro	LG-E980	geefhd	geefhd_att_us	4.1.2	JZO54K	E98010p.1385116460	lge/geefhd_att_us/geefhd:4.1.2/JZO54K/E98010p.1385116460:user/release-keys			
lge	lge	Optimus GJ	L-01E	geehdc	geehdc_dcm_jp	4.1.2	JZO54K	L01E20d.1376965582	lge/geehdc_dcm_jp/geehdc:4.1.2/JZO54K/L01E20d.1376965582:user/release-keys			
lge	lge	LG Optimus G	LG-E975	geehrc	geehrc_kt_kr	4.1.2	JZO54K	F180K20k.1366370969	lge/geehrc_kt_kr/geehrc:4.1.2/JZO54K/F180K20k.1366370969:user/release-keys			
lge	lge	LG Optimus G	LG-E975	geehrc	geehrc_open_esa	4.1.2	JZO54K	E97510e.1382351535	lge/geehrc_open_esa/geehrc:4.1.2/JZO54K/E97510e.1382351535:user/release-keys			
lge	lge	LG Optimus G	LG-E975	geehrc	geehrc_open_eu	4.4.2	KOT49I.E97520a	E97520a.1403273885	lge/geehrc_open_eu/geehrc:4.4.2/KOT49I.E97520a/E97520a.1403273885:user/release-keys			
lge	lge	L Fino	LG-D290	l70pn	l70pn_global_com	4.4.2	KOT49I.A1423829747	1423829747	lge/l70pn_global_com/l70pn:4.4.2/KOT49I.A1423829747/1423829747:user/release-keys			
lge	lge	G Pro Lite	LG-D685	luv90ds	luv90ds_open_ame	4.4.2	KOT49I.D68620c	D68620c.1414730487	lge/luv90ds_open_ame/luv90ds:4.4.2/KOT49I.D68620c/D68620c.1414730487:user/release-keys			
lge	lge	One mini	LG-E610	m4	m4_open_cis	4.1.2	JZO54K	E61220b_CIS-XX.1367570596	lge/m4_open_cis/m4:4.1.2/JZO54K/E61220b_CIS-XX.1367570596:user/release-keys			
lge	lge	U2	LG-P760	u2	u2_open_vn	4.1.2	JZO54K	P76820b.4DEAED75	lge/u2_open_vn/u2:4.1.2/JZO54K/P76820b.4DEAED75:user/release-keys			
lge	lge	Optimus Vu2	vu2kt_KT_KR	vu2kt	vu2kt_KT_KR	4.1.2	JZO54K	F200K20d.1369059307	lge/vu2kt_KT_KR/vu2kt:4.1.2/JZO54K/F200K20d.1369059307:user/release-keys			
lge	lge	LG Optimus Zone 2	VS415PP	w3c	w3c_vzw	4.4.2	KOT49I.VS415PP2	VS415PP2.1441278596	lge/w3c_vzw/w3c:4.4.2/KOT49I.VS415PP2/VS415PP2.1441278596:user/release-keys			
lge	lge	Optimus L40	LG-D170	w3ds	w3ds_global_com	4.4.2	KOT49I.A1399879955	1399879955	lge/w3ds_global_com/w3ds:4.4.2/KOT49I.A1399879955/1399879955:user/release-keys			
lge	LGE	070 touch	LG-FL40L	w3voip	w3voip_lgu_kr	4.4.2	KOT49I.FL40L10c	FL40L10c.1414377377	lge/w3voip_lgu_kr/w3voip:4.4.2/KOT49I.FL40L10c/FL40L10c.1414377377:user/release-keys		msm8610	msm8610
lge	lge	L70	LGLS620	w5c	w5c_spr_us	4.4.2	KOT49I.LS620ZV3	LS620ZV3.1401441831	lge/w5c_spr_us/w5c:4.4.2/KOT49I.LS620ZV3/LS620ZV3.1401441831:user/release-keys			
lge	lge	L70	LG-VS450PP	w5c	w5c_vzw	4.4.2	KOT49I.VS450PP1	VS450PP1.1393919562	lge/w5c_vzw/w5c:4.4.2/KOT49I.VS450PP1/VS450PP1.1393919562:user/release-keys			
lge	LGE	Optimus Exceed 2	LG-VS450PP	w5c	w5c_vzw	4.4.2	KOT49I.VS450PP2	VS450PP2.1441345142	lge/w5c_vzw/w5c:4.4.2/KOT49I.VS450PP2/VS450PP2.1441345142:user/release-keys		msm8610	msm8610
lge	LGE	G Vista	VS880	x10	x10_vzw	4.4.2	KOT49I.VS88012A	VS88012A.1425386426	lge/x10_vzw/x10:4.4.2/KOT49I.VS88012A/VS88012A.1425386426:user/release-keys		msm8226	msm8226
lge	lge	Y25	LGL15G	y25	y25_trf_us	4.4.2	KOT49I.LGL15G10f	LGL15G10f.1419269528	lge/y25_trf_us/y25:4.4.2/KOT49I.LGL15G10f/LGL15G10f.1419269528:user/release-keys			
lge	lge	LG G Flex	LG-D950	zee	z_att_us	4.4.2	KOT49I.D95020g	D95020g.1439964766	lge/z_att_us/zee:4.4.2/KOT49I.D95020g/D95020g.1439964766:user/release-keys			
lge	lge	LG G Flex	LG-D950	zee	z_lgu_kr	4.4.2	KOT49I.F340L20i	F340L20i.1463643994	lge/z_lgu_kr/zee:4.4.2/KOT49I.F340L20i/F340L20i.1463643994:user/release-keys			
lge	lge	LG G Flex	LG-D950	zee	z_tmo_us	4.4.2	KOT49I.D95920h	D95920h.1398665038	lge/z_tmo_us/zee:4.4.2/KOT49I.D95920h/D95920h.1398665038:user/release-keys			
Amazon	Amazon	Pixel 11 Pro XL	Pixel 11 Pro XL	kodiak	juniper	4.4.4	KTU84P	35.4.6.3_user_463001420	Amazon/juniper/kodiak:4.4.4/KTU84P/35.4.6.3_user_463001420:user/release-keys			
Archos	Archos	Alba 4" Android	SCAC40DTI	ac40dti	SCAC40DTI	4.4.2	KOT49H	20150803.093631	Archos/SCAC40DTI/ac40dti:4.4.2/KOT49H/20150803.093631:user/release-keys			
Astak	Astak	Kate	Wenu	Wenu	Wenu	4.1.1	JRO03L	201312121654	Astak/Wenu/Wenu:4.1.1/JRO03L/201312121654:user/release-keys			
BLU	BLU	STUDIO G	BLU_STUDIO_G	BLU_STUDIO_G	BLU_STUDIO_G	4.4.2	KOT49H	1479865167	BLU/BLU_STUDIO_G/BLU_STUDIO_G:4.4.2/KOT49H/1479865167:user/release-keys			
Beeline	Beeline	Tab 2	Beeline_Tab_2	Tab_2	Beeline_Tab_2	4.4.2	KOT49H	eng.root.20141215.193239	Beeline/Beeline_Tab_2/Tab_2:4.4.2/KOT49H/eng.root.20141215.193239:user/release-keys			
DOCOMO	DOCOMO	AQUOS PHONE si SH-01E	SH01E	SH01E	SH01E	4.1.2	SC260	02.00.02	DOCOMO/SH01E/SH01E:4.1.2/SC260/02.00.02:user/release-keys			
Fly	Fly	Flylife Connect 7.85 3G 2	Flylife	Flylife	Flylife	4.2.2	JDQ39	1392982282	Fly/Flylife/Flylife:4.2.2/JDQ39/1392982282:user/release-keys			
Fly	Fly	Flylife Connect 10.1	Flylife	Flylife_Connect_101_3G_2	Flylife	4.2.2	JDQ39	1392982282	Fly/Flylife/Flylife_Connect_101_3G_2:4.2.2/JDQ39/1392982282:user/release-keys			
Fly	Fly	Era Style 3	IQ4415_Quad	IQ4405_Quad	IQ4415_Quad	4.4.2	KOT49H	1398747224	Fly/IQ4415_Quad/IQ4405_Quad:4.4.2/KOT49H/1398747224:user/release-keys			
Fly	Fly	Tornado One	IQ4511_Octa	IQ4511_Octa	IQ4511_Octa	4.4.2	KOT49H	1408096231	Fly/IQ4511_Octa/IQ4511_Octa:4.4.2/KOT49H/1408096231:user/release-keys			
GSmart	GSmart	CT301_W818	G1342	msm7627a	G1342	4.0.4	IMM76D	3174.20121122.104431	GSmart/G1342/msm7627a:4.0.4/IMM76D/3174.20121122.104431:user/release-keys			
InFocus	InFocus	M2	M2_00WW	LSO	M2_00WW	4.4.2	KVT49L	00WW_2_310	InFocus/M2_00WW/LSO:4.4.2/KVT49L/00WW_2_310:user/release-keys			
InFocus	InFocus	G30	M350_00WW	G30	M350_00WW	4.4.4	KTU84P	00WW_4_33L	InFocus/M350_00WW/G30:4.4.4/KTU84P/00WW_4_33L:user/release-keys			
InFocus	InFocus	M530	M530_00WW	G20	M530_00WW	4.4.2	KOT49H	00WW_4_32E	InFocus/M530_00WW/G20:4.4.2/KOT49H/00WW_4_32E:user/release-keys			
KDDI	KDDI	J Butterfly	HTL21	dlxj	HTL21	4.1.1	JRO03C	278993.3	KDDI/HTL21/dlxj:4.1.1/JRO03C/278993.3:user/release-keys			
KDDI	HTC	KDDI Infobar A02	HTX21	imnj	HTX21	4.1.1	JRO03C	149106.2	KDDI/HTX21/imnj:4.1.1/JRO03C/149106.2:user/release-keys		msm8960	msm8960
KDDI	KDDI	Galaxy Note3	SCL22	SCL22	SCL22	4.3	JSS15J	SCL22KDUBNB1	KDDI/SCL22/SCL22:4.3/JSS15J/SCL22KDUBNB1:user/release-keys		msm8974	msm8974
KDDI	KDDI	Galaxy S5	SCL23	SCL23	SCL23	4.4.2	KOT49H	SCL23KDU1BNG3	KDDI/SCL23/SCL23:4.4.2/KOT49H/SCL23KDU1BNG3:user/release-keys			
KD_Interactive	KD_Interactive	Kurio Tab - Extrem	C14100	g03k	C14100	4.4.2	KOT49H	92	KD_Interactive/C14100/g03k:4.4.2/KOT49H/92:user/release-keys			
MEDION	MEDION	E4002	MEDION	E4002	MEDION	4.1.1	JRO03C	1377743565	MEDION/MEDION/E4002:4.1.1/JRO03C/1377743565:user/release-keys			
MetroPCS	LGE	L70	LGMS323	w5	w5_mpcs_us	4.4.2	KOT49I.MS32310c	MS32310c.1408970315	MetroPCS/w5_mpcs_us/w5:4.4.2/KOT49I.MS32310c/MS32310c.1408970315:user/release-keys		msm8610	msm8610
MetroPCS	MetroPCS	w5	LGMS323	w5	w5_mpcs_us	4.4.2	KOT49I.MS32310d	MS32310d.1439812098	MetroPCS/w5_mpcs_us/w5:4.4.2/KOT49I.MS32310d/MS32310d.1439812098:user/release-keys			
Micromax	Micromax	UNITE	A092	A092	A092	4.3	JLS36C	MicromaxA092V13140422	Micromax/A092/A092:4.3/JLS36C/MicromaxA092V13140422:user/release-keys			
Micromax	Micromax	Canvas Fire	A093	A093	A093	4.4.2	KOT49H	eng..1402994951	Micromax/A093/A093:4.4.2/KOT49H/eng..1402994951:user/release-keys			
Micromax	Micromax	Canvas L	A108	A108	A108	4.4.2	KOT49H	1402642027	Micromax/A108/A108:4.4.2/KOT49H/1402642027:user/release-keys			
Micromax	Micromax	Bolt	Q333	Q333	Q333	4.4.3	KOT49H	MMX_Q333_RUS_SW_1.0.0_HW_4.0.0_270614	Micromax/Q333/Q333:4.4.3/KOT49H/MMX_Q333_RUS_SW_1.0.0_HW_4.0.0_270614:user/release-keys			
Nextbook	Nextbook	NX785QC8G	M865FD	NXM865FD	M865FD	4.2.2	JDQ39	v2.0.3	Nextbook/M865FD/NXM865FD:4.2.2/JDQ39/v2.0.3:user/release-keys			
PROSCAN	PROSCAN	PROSCAN PLT1066 / MAG MAGPAD / TEAC TEACTAB / DOPO GS-1008	MID1005_K	MID1005_K	MID1005_K	4.1.1	JRO03C	20130710.v011	PROSCAN/MID1005_K/MID1005_K:4.1.1/JRO03C/20130710.v011:user/release-keys			
PROSCAN	PROSCAN	Proscan PLT7223G	PLT7223G	PLT7223G	PLT7223G	4.1.1	JRO03H	20130411.160654.V003	PROSCAN/PLT7223G/PLT7223G:4.1.1/JRO03H/20130411.160654.V003:user/release-keys			
Philips	Philips	OCTA	I908	Octa	I908	4.4.2	KOT49H	1428988093.V05	Philips/I908/Octa:4.4.2/KOT49H/1428988093.V05:user/release-keys			
Philips	Philips	S309	Philips	Philips	Philips	4.4.2	KOT49H	1425520665	Philips/Philips/Philips:4.4.2/KOT49H/1425520665:user/release-keys			
Philips	Philips	W8555	Philips_Pride	Pride	Philips_Pride	4.2.2	JDQ39	1388046998.V25	Philips/Philips_Pride/Pride:4.2.2/JDQ39/1388046998.V25:user/release-keys			
Prestigio	Prestigio	MultiPad Wize 3017	PMT3017_WI	PMT3017_WI	PMT3017_WI	4.4.2	KVT49L	20150720	Prestigio/PMT3017_WI/PMT3017_WI:4.4.2/KVT49L/20150720:user/release-keys			
Quanta	Quanta	Lifetab P9514	LIFETAB_P9514_de	LIFETAB_P9514	LIFETAB_P9514_de	4.0.3	IML74K	eng.20121211.094525	Quanta/LIFETAB_P9514_de/LIFETAB_P9514:4.0.3/IML74K/eng.20121211.094525:user/release-keys			
SBM	SBM	AQUOS PHONE Xx 302SH	SBM302SH	SBM302SH	SBM302SH	4.2.2	S0020	00.00.00	SBM/SBM302SH/SBM302SH:4.2.2/S0020/00.00.00:user/release-keys			
SG	SG	AQUOS CRYSTAL X	SG402SH	SG402SH	SG402SH	4.4.4	S0030	00.00.00	SG/SG402SH/SG402SH:4.4.4/S0030/00.00.00:user/release-keys			
SHARP	SHARP	LCD-S3A	LCD-S3A-01	lcd_s3a01	lcd_s3a01	4.3	JLS36G	v1.25T3	SHARP/lcd_s3a01/lcd_s3a01:4.3/JLS36G/v1.25T3:user/release-keys			
Smartfren	Smartfren	Andromax AD682H	AD682H	AD682H	AD682H	4.4.2	KVT49L	eng.builder.20140804.194645	Smartfren/AD682H/AD682H:4.4.2/KVT49L/eng.builder.20140804.194645:user/release-keys			
TCT	TCT	Idol S	ALCATEL_ONE_TOUCH_6034R	Diablo_LTE	ALCATEL_ONE_TOUCH_6034R	4.2.2	JDQ39	1BC6	TCT/ALCATEL_ONE_TOUCH_6034R/Diablo_LTE:4.2.2/JDQ39/1BC6:user/release-keys			
TCT	TCT	ONE TOUCH EVO7HD	E710	E710	E710	4.1.1	JRO03H	20131018.205247	TCT/E710/E710:4.1.1/JRO03H/20131018.205247:user/release-keys			
TCT	TCT	ALCATEL 4015T	Yaris35	Yaris35_GSM	Yaris35	4.2.2	JDQ39	v6CG3-0	TCT/Yaris35/Yaris35_GSM:4.2.2/JDQ39/v6CG3-0:user/release-keys			
TCT	TCT	ONE TOUCH 4033X	Yaris_M	Yaris_M_GSM	Yaris_M	4.2.2	JDQ39	v2A7F-0	TCT/Yaris_M/Yaris_M_GSM:4.2.2/JDQ39/v2A7F-0:user/release-keys			
Trekstor	Trekstor	SurfTab ST70204-3	M7100KLD	TREKM7100KLD	M7100KLD	4.2.2	JDQ39	V2.0.7	Trekstor/M7100KLD/TREKM7100KLD:4.2.2/JDQ39/V2.0.7:user/release-keys			
VERIZON	HTC	One	HTC6500LVW	m7wlv	HTCOneVZW	4.4.2	KOT49H	304035.1	VERIZON/HTCOneVZW/m7wlv:4.4.2/KOT49H/304035.1:user/release-keys		msm8960	msm8960
Verizon	Verizon	Galaxy S3	SCH-I535	d2vzw	d2vzw	4.3	JSS15J	I535VRUCML1	Verizon/d2vzw/d2vzw:4.3/JSS15J/I535VRUCML1:user/release-keys		msm8960	msm8960
Verizon	Verizon	Galaxy Note2	SCH-I605	t0ltevzw	t0ltevzw	4.3	JSS15J	I605VRUEMJ9	Verizon/t0ltevzw/t0ltevzw:4.3/JSS15J/I605VRUEMJ9:user/release-keys		exynos4	exynos4
Vodafone	Vodafone	785	Vodafone_785	Vodafone_785	Vodafone_785	4.4.2	KOT49H	v2AIE-0	Vodafone/Vodafone_785/Vodafone_785:4.4.2/KOT49H/v2AIE-0:user/release-keys			
Vodafone	Vodafone	Smart_Tab_3G	Vodafone_Smart_Tab_3G	Vodafone_Smart_Tab_3G	Vodafone_Smart_Tab_3G	4.4.2	KOT49H	vCFL-0	Vodafone/Vodafone_Smart_Tab_3G/Vodafone_Smart_Tab_3G:4.4.2/KOT49H/vCFL-0:user/release-keys			
WIKO	WIKO	SUNSET2	SUNSET2	s4050ap	s4050ap	4.4.2	KOT49H	1428935193	WIKO/s4050ap/s4050ap:4.4.2/KOT49H/1428935193:user/release-keys			
YotaPhone	YotaPhone	C9660	C9660	yotaphone	yotaphone	4.2.2	JDQ39	4.2.2.A.0.2.39	YotaPhone/yotaphone/yotaphone:4.2.2/JDQ39/4.2.2.A.0.2.39:user/release-keys			
acer	acer	Tab 7	TD070VA1	td070va1	td070va1_ww_gen1	4.2.1	JOP40D	_141201.0328	acer/td070va1_ww_gen1/td070va1:4.2.1/JOP40D/_141201.0328:user/release-keys			
archos	archos	70b Titanium	RK30A70BTI	A70BTI	RK30A70BTI	4.1.1	JRO03H	20130619.164127	archos/RK30A70BTI/A70BTI:4.1.1/JRO03H/20130619.164127:user/release-keys			
archos	archos	Bush MyTablet 7	RK30AC70BU	ac70bu	RK30AC70BU	4.4.4	KTU84P	20140708.151042	archos/RK30AC70BU/ac70bu:4.4.4/KTU84P/20140708.151042:user/release-keys			
archos	archos	50 Oxygen	Archos 50 Oxygen	a50ox	mtka50ox	4.2.2	JDQ39	20140526.192448	archos/mtka50ox/a50ox:4.2.2/JDQ39/20140526.192448:user/release-keys			
cingular_us	cingular_us	HTC One XL · Cingular US	HTC One XL	evita	evita	4.0.4	IMM76D	79936.7	cingular_us/evita/evita:4.0.4/IMM76D/79936.7:user/release-keys			
condor	condor	C7	PGN_506	PGN_506	PGN_506	4.4.2	KVT49L	1430308903	condor/PGN_506/PGN_506:4.4.2/KVT49L/1430308903:user/release-keys			
fly	fly	EVO Chic 1	IQ4405_Quad	IQ4405_Quad	IQ4405_Quad	4.2.2	JDQ39	1388138787	fly/IQ4405_Quad/IQ4405_Quad:4.2.2/JDQ39/1388138787:user/release-keys			
htc_asia_hk	htc_asia_hk	HTC One XL · Asia HK	HTC One XL	evita	evita	4.0.3	IML74K	57351.2	htc_asia_hk/evita/evita:4.0.3/IML74K/57351.2:user/release-keys			
htc_asia_wwe	htc_asia_wwe	HTC Desire X · Asia WWE	HTC Desire X	protou	protou	4.0.4	IMM76D	128557.3	htc_asia_wwe/protou/protou:4.0.4/IMM76D/128557.3:user/release-keys			
htc_europe	htc_europe	HTC One X · Europe	HTC One X	endeavoru	endeavoru	4.0.3	IML74K	47163.2	htc_europe/endeavoru/endeavoru:4.0.3/IML74K/47163.2:user/release-keys			
htc_europe	htc_europe	HTC Desire C · Europe	HTC Desire C	golfu	htc_golfu	4.0.3	IML74K	128321.2	htc_europe/htc_golfu/golfu:4.0.3/IML74K/128321.2:user/release-keys			
htc_europe	HTC	HTC Desire SV · Europe	X515e	magnids	htc_magnids	4.0.4	IMM76D	144761.3	htc_europe/htc_magnids/magnids:4.0.4/IMM76D/144761.3:user/release-keys		msm7k	msm7k
htc_europe	htc_europe	HTC Sensation 4G · Europe	HTC Sensation 4G	pyramid	htc_pyramid	4.0.3	IML74K	391535.154	htc_europe/htc_pyramid/pyramid:4.0.3/IML74K/391535.154:user/release-keys			
htc_europe	htc_europe	HTC Desire S · Europe	HTC Desire S	saga	htc_saga	4.0.4	IMM76D	434411.2	htc_europe/htc_saga/saga:4.0.4/IMM76D/434411.2:user/release-keys			
htccn_chs_cu	htccn_chs_cu	HTC Desire 400 dual sim · China CU	HTC Desire 400 dual sim	cp2dug	cp2dug	4.1.1	JRO03H	188482.1	htccn_chs_cu/cp2dug/cp2dug:4.1.1/JRO03H/188482.1:user/release-keys			
kyocera	kyocera	Hydro	C5170	C5170	C5170	4.0.4	IML77	release.20130807.141654	kyocera/C5170/C5170:4.0.4/IML77/release.20130807.141654:user/release-keys			
positivo	positivo	Ypy Kids	YPY_L700PLUSK	YPY_L700	YPY_L700PLUSK	4.1.1	JRO03H	USPI2013111801	positivo/YPY_L700PLUSK/YPY_L700:4.1.1/JRO03H/USPI2013111801:user/release-keys			
verizon_lge	verizon_lge	LG Viper 4G LTE	LG-LS840	cayman	cayman_vzw_us	4.0.4	IMM76D	VS840ZV8.4d8cee2d	verizon_lge/cayman_vzw_us/cayman:4.0.4/IMM76D/VS840ZV8.4d8cee2d:user/release-keys			
verizon_lge	verizon_lge	Spectrum 2	d1lv_VZW_US	d1lv	d1lv_VZW_US	4.1.2	JZO54K	VS93021B.1363157397	verizon_lge/d1lv_VZW_US/d1lv:4.1.2/JZO54K/VS93021B.1363157397:user/release-keys			
verizon_wwe	HTC	CT101	ADR6410LRA	fireball	fireball	4.0.4	IMM76D	278117.2	verizon_wwe/fireball/fireball:4.0.4/IMM76D/278117.2:user/release-keys		msm8960	msm8960
verizon_wwe	verizon_wwe	ADR6425LVW	ADR6425LVW	vigor	htc_vigor	4.0.4	IMM76D	339740.22	verizon_wwe/htc_vigor/vigor:4.0.4/IMM76D/339740.22:user/release-keys			
lge	lge	Optimus Pad	LG-V909	v909	lge_startablet	3.1	HMJ37	v10p.479758F3	lge/lge_startablet/v909:3.1/HMJ37/v10p.479758F3:user/release-keys			
google	google	Nexus One	Nexus One	passion	passion	2.3.4	GRJ22	121341	google/passion/passion:2.3.4/GRJ22/121341:user/release-keys			
google	google	Nexus S	Nexus S	crespo	soju	2.3.6	GRK39F	189904	google/soju/crespo:2.3.6/GRK39F/189904:user/release-keys			
ZTE	ZTE	Blade S	P736V_FFR	blade2	P736V_FFR	2.3.5	GRJ22	eng.zhangchun.20111208.093059	ZTE/P736V_FFR/blade2:2.3.5/GRJ22/eng.zhangchun.20111208.093059:user/release-keys			
TCT	TCT	MTC 960	MTC_960_MSRU	MTC_960_gsm	MTC_960_MSRU	2.3.6	GRK39F	v9FB-0	TCT/MTC_960_MSRU/MTC_960_gsm:2.3.6/GRK39F/v9FB-0:user/release-keys			
TCT	TCT	ALCATEL ONE TOUCH 918N	one_touch_918N_IJIN	one_touch_918N_gsm	one_touch_918N_IJIN	2.3.6	GRK39F	v44H-0	TCT/one_touch_918N_IJIN/one_touch_918N_gsm:2.3.6/GRK39F/v44H-0:user/release-keys			
TCT	TCT	ALCATEL ONE TOUCH 985D	one_touch_985D_RGAM	one_touch_985D_gsm	one_touch_985D_RGAM	2.3.6	GRK39F	v63P-0	TCT/one_touch_985D_RGAM/one_touch_985D_gsm:2.3.6/GRK39F/v63P-0:user/release-keys			
acer	acer	LiquidMT	Acer Liquid Metal	a4	a4_generic1	2.3.6	GRK39F	1319250039	acer/a4_generic1/a4:2.3.6/GRK39F/1319250039:user/release-keys			
htc_bravo	htc_bravo	HTC Desire	HTC Desire	bravo	bravo	2.2.2	FRG83G	345208.14	htc_bravo/bravo/bravo:2.2.2/FRG83G/345208.14:user/release-keys			
htc_nld	htc_nld	HTC Explorer A310e · NLD	HTC Explorer A310e	pico	htc_pico	2.3.5	GRJ90	179613.2	htc_nld/htc_pico/pico:2.3.5/GRJ90/179613.2:user/release-keys			
tracfone	tracfone	Optimus Black	LG-P970	LGL85C	lge_bproj	2.3.4	GRJ22	V1.422d8f48	tracfone/lge_bproj/LGL85C:2.3.4/GRJ22/V1.422d8f48:user/release-keys			
verizon_wwe	verizon_wwe	Thunderbolt	ADR6400L	mecha	htc_mecha	2.3.4	GRJ22	360778.19	verizon_wwe/htc_mecha/mecha:2.3.4/GRJ22/360778.19:user/release-keys			
videotron_ca	videotron_ca	Flyer	HTC Flyer	flyer	htc_flyer	2.3.4	GRJ22	106850.3	videotron_ca/htc_flyer/flyer:2.3.4/GRJ22/106850.3:user/release-keys			
yusu	yusu	Philips W626	W626	sangfei73_gb	sangfei73_gb	2.3.5	GRJ90	eng.wgstone.1339765412	yusu/sangfei73_gb/sangfei73_gb:2.3.5/GRJ90/eng.wgstone.1339765412:user/release-keys			
Xiaomi	Xiaomi	Xiaomi 2S	MI 2S	aries	aries	6.0.1						
samsung	samsung	Galaxy A55 5G	SM-A556E	essi	a55xnsxx	14	UP1A.231005.007	A556EXXS1AXC1	samsung/a55xnsxx/essi:14/UP1A.231005.007/A556EXXS1AXC1:user/release-keys	2024-03-01		
samsung	samsung	Galaxy A7 (2018)	SM-A750GN	a7y18lte	a7y18ltedx	9	PPR1.180610.011	A750GNDXU2BSD2	samsung/a7y18ltedx/a7y18lte:9/PPR1.180610.011/A750GNDXU2BSD2:user/release-keys			
samsung	samsung	Galaxy S23	SM-S9110	qssi	dm1qzhx	14	UP1A.231005.007	S9110ZHS4CXG2	samsung/dm1qzhx/qssi:14/UP1A.231005.007/S9110ZHS4CXG2:user/release-keys	2024-07-01		
samsung	samsung	Galaxy S23	SM-S911N	qssi	dm1qksx	14	UP1A.231005.007	S911NKSS4CXGJ	samsung/dm1qksx/qssi:14/UP1A.231005.007/S911NKSS4CXGJ:user/release-keys	2024-08-01		
samsung	samsung	Galaxy S23 Ultra	SM-S9180	qssi	dm3qzcx	14	UP1A.231005.007	S9180ZCS2BXA2	samsung/dm3qzcx/qssi:14/UP1A.231005.007/S9180ZCS2BXA2:user/release-keys	2023-12-01		
samsung	samsung	Galaxy S23 Ultra	SM-S918N	qssi	dm3qksx	14	UP1A.231005.007	S918NKSU5CYB1	samsung/dm3qksx/qssi:14/UP1A.231005.007/S918NKSU5CYB1:user/release-keys	2025-02-01		
samsung	samsung	Galaxy Tab A7	SM-T505N	qssi	gta4ljt	12	SP1A.210812.016	T505NDXS7CXG1	samsung/gta4ljt/qssi:12/SP1A.210812.016/T505NDXS7CXG1:user/release-keys	2024-06-01		
samsung	samsung	Galaxy Tab S9 5G	SM-X716B	qssi	gts9xxx	14	UP1A.231005.007	X716BXXS3BXE1	samsung/gts9xxx/qssi:14/UP1A.231005.007/X716BXXS3BXE1:user/release-keys	2024-05-01		
samsung	samsung	Galaxy J4 Core	SM-J410G	j4corelte	j4corelteub	8.1.0	M1AJB	J410GUBS1ASK5	samsung/j4corelteub/j4corelte:8.1.0/M1AJB/J410GUBS1ASK5:user/release-keys			
samsung	samsung	Galaxy J7 Neo	SM-J701M	j7velte	j7velteub	8.1.0	M1AJQ	J701MUBU6BSD2	samsung/j7velteub/j7velte:8.1.0/M1AJQ/J701MUBU6BSD2:user/release-keys			
samsung	samsung	Galaxy S26 Ultra	SM-S948B	m3q	m3qxxx	16	BP2A.250605.031.A3	S948BXXS2AZE2	samsung/m3qxxx/m3q:16/BP2A.250605.031.A3/S948BXXS2AZE2:user/release-keys			
samsung	samsung	Galaxy S21 Ultra 5G	SM-G998N	essi	p3sksx	14	UP1A.231005.007	G998NKSS6GXGJ	samsung/p3sksx/essi:14/UP1A.231005.007/G998NKSS6GXGJ:user/release-keys	2024-08-01		
samsung	samsung	Galaxy Z Fold6	SM-F956U	qssi_64	q6qsqw	14	UP1A.231005.007	F956USQS2AYA6	samsung/q6qsqw/qssi_64:14/UP1A.231005.007/F956USQS2AYA6:user/release-keys	2025-02-01		
samsung	samsung	Galaxy S23 FE	SM-S711N	essi	r11sksx	14	UP1A.231005.007	S711NKSS3BXG2	samsung/r11sksx/essi:14/UP1A.231005.007/S711NKSS3BXG2:user/release-keys	2024-07-01		
